Normalized_URL,Maven_ID,Maven_Name,Maven_Homepage,Maven_Repo,PyPI_ID,PyPI_Name,PyPI_Homepage,PyPI_Repo
github.com/absaoss/pramen,305,za.co.absa.pramen:pramen-api_2.11,https://github.com/AbsaOSS/pramen,https://github.com/AbsaOSS/pramen/tree/main,473431,pramen-py,https://github.com/AbsaOSS/pramen,https://github.com/AbsaOSS/pramen
github.com/yourusername/yourproject,737762,club.javax.yss:YssDataTranc,https://ysstech.com,https://github.com/yourusername/yourproject,642732,testest01,https://pypi.org/project/testest01/,https://github.com/yourusername/yourproject
github.com/username/project,453243,ee.mn8:castanet_3,https://github.com/username/project,https://github.com/username/project,382158,mypackgae,https://github.com/username/project,https://github.com/username/project
github.com/src-d/jgit-spark-connector,15267,tech.sourced:jgit-spark-connector,https://github.com/src-d/jgit-spark-connector,https://github.com/src-d/jgit-spark-connector,606257,sourced-jgit-spark-connector,https://github.com/src-d/jgit-spark-connector/tree/master/python,https://github.com/src-d/jgit-spark-connector/tree/master/python
github.com/src-d/engine,15270,tech.sourced:engine,https://github.com/src-d/engine,https://github.com/src-d/engine,606254,sourced-engine,https://github.com/src-d/engine/tree/master/python,https://github.com/src-d/engine/tree/master/python
github.com/allwefantasy/pyjava,15929,tech.mlsql:pyjava-2.3_2.11,https://github.com/allwefantasy/pyjava,https://github.com/allwefantasy/pyjava,503186,pyjava,https://github.com/allwefantasy/pyjava,https://github.com/allwefantasy/pyjava
github.com/momentohq/client-protos,19540,software.momento.java:client-protos,https://github.com/momentohq/client-protos,https://github.com/momentohq/client-protos,369093,momento-wire-types,https://gomomento.com,https://github.com/momentohq/client-protos
github.com/amzn/selling-partner-api-sdk,19627,software.amazon.spapi:spapi-sdk,https://github.com/amzn/selling-partner-api-sdk,https://github.com/amzn/selling-partner-api-sdk.git,22796,amzn-sp-api,https://pypi.org/project/amzn-sp-api/,https://github.com/amzn/selling-partner-api-sdk
github.com/aws/asset-node-proxy-agent-v6,20928,software.amazon.awscdk:cdk-asset-node-proxy-agent-v6,https://github.com/cdklabs/awscdk-asset-node-proxy-agent#readme,https://github.com/aws/asset-node-proxy-agent-v6.git,44788,aws-cdk.asset-node-proxy-agent-v6,https://github.com/cdklabs/awscdk-asset-node-proxy-agent#readme,https://github.com/aws/asset-node-proxy-agent-v6.git
github.com/xtuml/mc,34626,org.xtuml:mc,https://github.com/xtuml/mc,https://github.com/xtuml/mc,506541,pymc3020,https://github.com/xtuml/mc,https://github.com/xtuml/mc
github.com/mrdimosthenis/synapses,634959,com.github.mrdimosthenis:synapses_2.13,https://github.com/mrdimosthenis/Synapses,https://github.com/mrdimosthenis/Synapses,630531,synapses-py,https://mrdimosthenis.github.io/Synapses,https://github.com/mrdimosthenis/Synapses
github.com/technologybrewery/poetry-monorepo-dependency-plugin,80374,org.technologybrewery:poetry-monorepo-dependency-plugin,https://github.com/TechnologyBrewery/poetry-monorepo-dependency-plugin/,https://github.com/TechnologyBrewery/poetry-monorepo-dependency-plugin/,468552,poetry-monorepo-dependency-plugin,https://github.com/TechnologyBrewery/poetry-monorepo-dependency-plugin,https://github.com/TechnologyBrewery/poetry-monorepo-dependency-plugin
github.com/technologybrewery/krausening,80383,org.technologybrewery.krausening:krausening-root,https://github.com/TechnologyBrewery/krausening,https://github.com/TechnologyBrewery/krausening,311377,krausening,https://github.com/TechnologyBrewery/krausening,https://github.com/TechnologyBrewery/krausening
github.com/technologybrewery/kappa-maki,80386,org.technologybrewery.kappamaki:kappa-maki,https://github.com/TechnologyBrewery/cucumber-behave-package/,https://github.com/TechnologyBrewery/kappa-maki/,303547,kappa-maki,https://github.com/TechnologyBrewery/kappa-maki,https://github.com/TechnologyBrewery/kappa-maki
github.com/apache/spark,742817,ch.cern.spark:spark-parent_2.12,http://spark.apache.org/,scm:git:git@github.com:apache/spark.git,519909,pyspark-connect,https://github.com/apache/spark/tree/master/python,https://github.com/apache/spark/tree/master/python
github.com/rlbot/rlbot,101494,org.rlbot.commons:framework,https://www.rlbot.org,https://github.com/RLBot/RLBot/,559584,rlbot_legacy_gui,https://github.com/RLBot/RLBot,https://github.com/RLBot/RLBot
github.com/renci-nrig/ahab,102399,org.renci.ahab:ahab-project,https://github.com/RENCI-NRIG/ahab,https://github.com/RENCI-NRIG/ahab,9526,ahab-py,https://github.com/RENCI-NRIG/ahab,https://github.com/RENCI-NRIG/ahab
github.com/pytorch/serve,104810,org.pytorch:torchserve-endpoint-plugin,https://github.com/pytorch/serve,https://github.com/pytorch/serve,659620,torch-workflow-archiver-nightly,https://github.com/pytorch/serve/blob/master/workflow-archiver/,https://github.com/pytorch/serve/blob/master/workflow-archiver/
github.com/projectnessie/nessie,105479,org.projectnessie:nessie,https://projectnessie.org,https://github.com/projectnessie/nessie/tree/${project.scm.tag},508968,pynessie,https://github.com/projectnessie/nessie,https://github.com/projectnessie/nessie
github.com/polypheny/polypheny-prism-api,106333,org.polypheny:prism,https://polypheny.org/,https://github.com/polypheny/Polypheny-Prism-API,470205,polypheny-prism-api,https://polypheny.com/,https://github.com/polypheny/Polypheny-Prism-API
github.com/osmlab/atlas,115316,org.openstreetmap.atlas:atlas,https://github.com/osmlab/atlas,https://github.com/osmlab/atlas,487703,pyatlas,https://github.com/osmlab/atlas,https://github.com/osmlab/atlas
github.com/opensearch-project/opensearch-protobufs,115682,org.opensearch:protobufs,https://github.com/opensearch-project/opensearch-protobufs,https://github.com/opensearch-project/opensearch-protobufs,436762,opensearch-protobufs,https://opensearch.org/,https://github.com/opensearch-project/opensearch-protobufs
github.com/ome/ome-model,282023,net.codelibre:ome-model,http://www.openmicroscopy.org/site/products/bio-formats,http://github.com/ome/ome-model,430955,ome-model,https://github.com/ome/ome-model/,https://github.com/ome/ome-model/
github.com/opencb/opencga,123713,org.opencb.opencga:opencga,http://docs.opencb.org/display/opencga/,https://github.com/opencb/opencga,490533,pyCGA,https://github.com/opencb/opencga/tree/develop/opencga-client/src/main/python,https://github.com/opencb/opencga/tree/develop/opencga-client/src/main/python
github.com/opencb/cellbase,123746,org.opencb.cellbase:cellbase,http://www.opencb.org/subprojects/cellbase,https://github.com/opencb/cellbase,490421,pycellbase,https://github.com/opencb/cellbase/tree/develop/clients/python,https://github.com/opencb/cellbase/tree/develop/clients/python
github.com/open-metadata/openmetadata,124571,org.open-metadata:catalog,https://github.com/open-metadata/OpenMetadata,scm:git:git@github.com:Open-Metadata/OpenMetadata,499539,pygcpinventory,https://pypi.org/project/pygcpinventory/,https://github.com/open-metadata/openmetadata
github.com/tail-f-systems/jnc,695290,com.celeral:jnc,https://github.com/tail-f-systems/JNC,git@github.com:tail-f-systems/JNC.git,486967,pyang-jnc,https://github.com/tail-f-systems/JNC/,https://github.com/tail-f-systems/JNC/
github.com/ojai/ojai,125814,org.ojai:ojai-root,https://github.com/ojai,https://github.com/ojai/ojai,430062,ojai-python-api,https://github.com/ojai/ojai/tree/master/python,https://github.com/ojai/ojai/tree/master/python
github.com/iipc/urlcanon,130028,org.netpreserve:urlcanon,https://github.com/iipc/urlcanon,https://github.com/iipc/urlcanon,679295,urlcanon,https://github.com/iipc/urlcanon,https://github.com/iipc/urlcanon
github.com/pyjavaz/pyjavaz,143767,org.micro-manager.pyjavaz:PyJavaZ,https://github.com/PyJavaZ/PyJavaZ,https://github.com/PyJavaZ/PyJavaZ,503192,pyjavaz,https://github.com/pyjavaz/pyjavaz,https://github.com/pyjavaz/pyjavaz
github.com/micro-manager/pycro-manager,143768,org.micro-manager.pycro-manager:PycroManagerJava,https://github.com/micro-manager/pycro-manager,https://github.com/micro-manager/pycro-manager,493095,pycromanager,https://github.com/micro-manager/pycro-manager,https://github.com/micro-manager/pycro-manager
github.com/micro-manager/ndtiffstorage,143771,org.micro-manager.ndtiffstorage:NDStorage,https://github.com/micro-manager/NDTiffStorage,https://github.com/micro-manager/NDTiffStorage,388606,ndtiff,https://github.com/micro-manager/NDTiffStorage,https://github.com/micro-manager/NDTiffStorage
github.com/lance-format/lance-namespace,148292,org.lance:lance-namespace-root,https://lance.org/format/namespace/,git@github.com:lance-format/lance-namespace.git,315006,lance-namespace-urllib3-client,https://pypi.org/project/lance-namespace-urllib3-client/,https://github.com/lance-format/lance-namespace
github.com/jupyter-incubator/declarativewidgets,157378,org.jupyter:declarativewidgets_2.10,https://github.com/jupyter-incubator/declarativewidgets,git@github.com:jupyter-incubator/declarativewidgets.git,300092,jupyter_declarativewidgets,https://github.com/jupyter-incubator/declarativewidgets,https://github.com/jupyter-incubator/declarativewidgets
github.com/jpy-consortium/jpy,158968,org.jpyconsortium:jpy,https://github.com/jpy-consortium/jpy,git@github.com:jpy-consortium/jpy.git,296949,jpy,https://github.com/jpy-consortium/jpy,https://github.com/jpy-consortium/jpy
github.com/jetbrains/xodus,161270,org.jetbrains.xodus:xodus-compress,https://github.com/JetBrains/xodus,https://github.com/JetBrains/xodus,684212,vectoriadb-protocol-wrapper,https://github.com/JetBrains/xodus,https://github.com/JetBrains/xodus
github.com/flink-extended/dl-on-flink,184100,org.flinkextended:dl-on-flink,https://github.com/alibaba/flink-ai-extended,https://github.com/flink-extended/dl-on-flink,220262,flink-ml-tensorflow-nightly,https://github.com/flink-extended/dl-on-flink,https://github.com/flink-extended/dl-on-flink
github.com/dflib/jjava,201275,org.dflib.jjava:jjava-parent,https://github.com/dflib/jjava,https://github.com/dflib/jjava,295163,jjava,https://pypi.org/project/jjava/,https://github.com/dflib/jjava
github.com/clulab/timenorm,210706,org.clulab:timenorm-models,https://github.com/clulab/timenorm/,git@github.com:clulab/timenorm.git,651276,timenorm-py,https://pypi.org/project/timenorm-py/,https://github.com/clulab/timenorm
github.com/apache/incubator-mxnet,213367,org.caffetranslator:caffe-translator,http://caffetranslator.org,https://github.com/apache/incubator-mxnet.git,379685,mxnet-to-coreml,https://github.com/apache/incubator-mxnet/tree/master/tools/coreml,https://github.com/apache/incubator-mxnet/tree/master/tools/coreml
github.com/bitcoindevkit/bdk-ffi,215383,org.bitcoindevkit:bdk-android,https://bitcoindevkit.org,https://github.com/bitcoindevkit/bdk-ffi/tree/master,60713,bitcoindevkit,https://github.com/bitcoindevkit/bdk-ffi,https://github.com/bitcoindevkit/bdk-ffi
github.com/apache/ranger,229609,org.apache.ranger:ranger,http://ranger.apache.org/,scm:git:git@github.com:apache/ranger.git,27327,apache-ranger,https://github.com/apache/ranger/tree/master/intg/src/main/python,https://github.com/apache/ranger/tree/master/intg/src/main/python
github.com/apache/iotdb,510404,com.timecho.iotdb:iotdb-parent,,ssh://git@github.com:apache/iotdb.git,27309,apache-iotdb-nightly,https://github.com/apache/iotdb,https://github.com/apache/iotdb
github.com/apache/incubator-heron,238632,org.apache.heron:heron-api,http://www.heronstreaming.io,git@github.com:apache/incubator-heron.git,621437,stormeye-heronpy,https://github.com/apache/incubator-heron,https://github.com/apache/incubator-heron
github.com/apache/gravitino,239108,org.apache.gravitino:aliyun-bundle,https://gravitino.apache.org,https://github.com/apache/gravitino,27303,apache-gravitino,https://github.com/apache/gravitino,https://github.com/apache/gravitino
github.com/apache/airavata-custos,244248,org.apache.custos:custos,,https://github.com/apache/airavata-custos,123219,custos-jupyterhub-authenticator,https://github.com/apache/airavata-custos/tree/develop/custos-client-sdks/custos_jupyterhub_authenticator,https://github.com/apache/airavata-custos/tree/develop/custos-client-sdks/custos_jupyterhub_authenticator
github.com/f-i-d-o/future-config,260583,ninja.fido.config:config-maven-plugin,https://github.com/F-I-D-O/Future-Config,https://github.com/F-I-D-O/Future-Config,208253,fconfig,https://github.com/F-I-D-O/Future-Config/,https://github.com/F-I-D-O/Future-Config/
github.com/nii-gakunin-cloud/sinetstream,264478,net.sinetstream:SINETStream-api,https://www.sinetstream.net/,https://github.com/nii-gakunin-cloud/sinetstream,595497,sinetstream-type-ndarray,https://pypi.org/project/sinetstream-type-ndarray/,https://github.com/nii-gakunin-cloud/sinetstream.git
github.com/netheosgithub/pcs_api,270496,net.netheos:pcs-api-android,https://github.com/netheosgithub/pcs_api,https://github.com/netheosgithub/pcs_api.git,452466,pcs-api,https://github.com/netheosgithub/pcs_api,https://github.com/netheosgithub/pcs_api
github.com/csi-studio/aird-sdk,281137,net.csibio.aird:aird-sdk,https://github.com/CSi-Studio/Aird-SDK,git@github.com:CSi-Studio/Aird-SDK.git,14401,AirdSDK,https://github.com/CSi-Studio/Aird-SDK/,https://github.com/CSi-Studio/Aird-SDK/
github.com/hex-inc/vegafusion,300455,io.vegafusion:vegafusion,https://vegafusion.io/,https://github.com/hex-inc/vegafusion,684467,vegafusion,https://pypi.org/project/vegafusion/,https://github.com/hex-inc/vegafusion
github.com/tek/kallikrein,301362,io.tryp:kallikrein-core_2.12,https://github.com/tek/kallikrein,https://github.com/tek/kallikrein,303104,kallikrein,https://github.com/tek/kallikrein,https://github.com/tek/kallikrein
github.com/rapidpro/flows,312118,io.rapidpro:flows,http://rapidpro.io,git@github.com:rapidpro/flows.git,545452,rapidpro-flows,https://github.com/rapidpro/flows,https://github.com/rapidpro/flows
github.com/rapidpro/expressions,312119,io.rapidpro:expressions,http://rapidpro.io,git@github.com:rapidpro/expressions.git,545451,rapidpro-expressions,https://github.com/rapidpro/expressions,https://github.com/rapidpro/expressions
github.com/puresec/functionshield,317166,io.puresec:function-shield,https://www.puresec.io/function-shield,https://github.com/puresec/FunctionShield,228764,function-shield,https://github.com/puresec/FunctionShield,https://github.com/puresec/FunctionShield
github.com/prophecy-io/spark-ai,317313,io.prophecy:spark-ai_2.12,https://prophecy.io,https://github.com/prophecy-io/spark-ai,479698,prophecy-spark-ai,https://github.com/prophecy-io/spark-ai,https://github.com/prophecy-io/spark-ai
github.com/pixaranimationstudios/opentimelineio,319249,io.opentimeline:opentimelineio,opentimeline.io,https://github.com/PixarAnimationStudios/OpenTimelineIO,437473,OpenTimelineIO-Py,http://opentimeline.io,https://github.com/PixarAnimationStudios/OpenTimelineIO
github.com/hydrospheredata/hydro-serving-protos,338654,io.hydrosphere:scala-package_2.12,https://github.com/Hydrospheredata/hydro-serving-protos,https://github.com/Hydrospheredata/hydro-serving-protos.git,271998,hydro-serving-grpc,https://github.com/Hydrospheredata/hydro-serving-protos,https://github.com/Hydrospheredata/hydro-serving-protos
github.com/xxx/xxxx,697791,com.bulucat:BeautyEye,Github地址,https://github.com/xxx/xxxx/tree/master,184439,edit-anything,https://github.com/xxx/xxxx,https://github.com/xxx/xxxx
github.com/universal-variability-language/uvl-parser,351710,io.github.universal-variability-language:uvl-parser,https://github.com/Universal-Variability-Language/uvl-parser,https://github.com/Universal-Variability-Language/uvl-parser,681338,uvlparser,https://github.com/Universal-Variability-Language/uvl-parser,https://github.com/Universal-Variability-Language/uvl-parser
github.com/ssttkkl/mahjong-utils,357052,io.github.ssttkkl:mahjong-utils,https://github.com/ssttkkl/mahjong-utils,https://github.com/ssttkkl/mahjong-utils/tree/master,339931,mahjong-utils,https://github.com/ssttkkl/mahjong-utils,https://github.com/ssttkkl/mahjong-utils
github.com/cvc5/cvc5,403801,io.github.cvc5:cvc5,https://cvc5.github.io/,https://github.com/cvc5/cvc5,123513,cvc5-gpl,https://pypi.org/project/cvc5-gpl/,https://github.com/cvc5/cvc5
github.com/olaflaitinen/promethium,372398,io.github.olaflaitinen:promethium-scala_2.13,https://github.com/olaflaitinen/Promethium,https://github.com/olaflaitinen/Promethium,478991,promethium-seismic,https://pypi.org/project/promethium-seismic/,https://github.com/olaflaitinen/Promethium
github.com/magistvan/match-predicting-ann-server-client,379624,io.github.magistvan:match-predicting-ann-server-client,https://github.com/magistvan/match-predicting-ann-server-client,https://github.com/magistvan/match-predicting-ann-server-client,344902,match-predicting-pub-api,https://github.com/magistvan/match-predicting-ann-server-client,https://github.com/magistvan/match-predicting-ann-server-client
github.com/tiktok/tiktok-business-api-sdk,389176,io.github.jasonchentt:tiktok-business-api-sdk-official,https://github.com/tiktok/tiktok-business-api-sdk,https://github.com/tiktok/tiktok-business-api-sdk,650618,tiktok-business-api-sdk-official,https://github.com/tiktok/tiktok-business-api-sdk,https://github.com/tiktok/tiktok-business-api-sdk
github.com/gaol/test-eventbus-bridge,395631,io.github.gaol.vertx.test.ebridge:test-ebridge,,https://github.com/gaol/test-eventbus-bridge,685641,vertx-eventbus-bridge-starter,https://github.com/gaol/test-eventbus-bridge,https://github.com/gaol/test-eventbus-bridge
github.com/floydpink/jsii-code-samples,396882,io.github.floydpink.jsii.helloWorld:hello-world,https://github.com/floydpink/jsii-code-samples#readme,https://github.com/floydpink/jsii-code-samples.git,221117,floydpink.jsii-code-samples,https://github.com/floydpink/jsii-code-samples#readme,https://github.com/floydpink/jsii-code-samples.git
github.com/embeddedrpc/erpc,398686,io.github.embeddedrpc.erpc:erpc,https://github.com/EmbeddedRPC/erpc,https://github.com/EmbeddedRPC/erpc/tree/develop,193259,erpc,https://github.com/embeddedrpc/erpc,https://github.com/embeddedrpc/erpc
github.com/dathlin/hslcommunication,653181,com.github.dathlin:HslCommunication,https://github.com/dathlin/HslCommunication,https://github.com/dathlin/HslCommunication,268492,HslCommunication,https://github.com/dathlin/HslCommunication,https://github.com/dathlin/HslCommunication
github.com/cubedm/jwt-auth-modules,403920,io.github.cubedm:jwt-auth-modules,https://github.com/cubedm/jwt-auth-modules,https://github.com/cubedm/jwt-auth-modules/tree/main,301769,jwt-auth-module,https://pypi.org/project/jwt-auth-module/,https://github.com/cubedm/jwt-auth-modules
github.com/cdklabs/cdk-pipelines-codecatalyst,407530,io.github.cdklabs:cdk-pipelines-codecatalyst,https://github.com/cdklabs/cdk-pipelines-codecatalyst.git,https://github.com/cdklabs/cdk-pipelines-codecatalyst.git,83093,cdk-pipelines-codecatalyst,https://github.com/cdklabs/cdk-pipelines-codecatalyst.git,https://github.com/cdklabs/cdk-pipelines-codecatalyst.git
github.com/bissim/fly-graph,409271,io.github.bissim:fly-graph,https://github.com/bissim/FLY-graph,https://github.com/bissim/FLY-graph/tree/master,221729,fly-graph,https://github.com/bissim/FLY-graph,https://github.com/bissim/FLY-graph
github.com/foursquare/fsqio,421090,io.fsq:buildgen-emit-exported-symbols_2.11,http://github.com/foursquare/fsqio,https://github.com/foursquare/fsqio,227373,fsqio.pants.pom-resolve,https://github.com/foursquare/fsqio,https://github.com/foursquare/fsqio
github.com/dagster-io/community-integrations,428375,io.dagster:pipes,github.com/dagster-io/community-integrations,github.com/dagster-io/community-integrations,126183,dagster-polars,https://pypi.org/project/dagster-polars/,https://github.com/dagster-io/community-integrations/tree/main/libraries/dagster-polars
github.com/citrineinformatics/lolo,430084,io.citrine:lolo,https://github.com/CitrineInformatics/lolo,http://github.com/CitrineInformatics/lolo/tree/master,333839,lolopy,https://github.com/CitrineInformatics/lolo,https://github.com/CitrineInformatics/lolo
github.com/blinq-io/selenium-session-manager,433937,io.blinq:SeleniumSessionClient,https://github.com/blinq-io/selenium-session-manager,https://github.com/blinq-io/selenium-session-manager,582056,selenium-session-client,https://github.com/blinq-io/selenium-session-manager,https://github.com/blinq-io/selenium-session-manager
github.com/nacos-group/agentscope-extensions-nacos,759212,io.agentscope:agentscope-a2a-nacos-spring-boot-starter,https://github.com/nacos-group/agentscope-extensions-nacos,https://github.com/nacos-group/agentscope-extensions-nacos,8746,agentscope-extension-nacos,https://github.com/nacos-group/agentscope-extensions-nacos,https://github.com/nacos-group/agentscope-extensions-nacos
github.com/top-q/difido-reports,441731,il.co.top-q.difido:difido-parent,https://github.com/Top-Q/difido-reports/wiki,http://github.com/Top-Q/difido-reports/tree/master,522572,pytest-difido,https://github.com/Top-Q/difido-reports/tree/master/binders/difido-pytest-plugin/pytest-difido,https://github.com/Top-Q/difido-reports/tree/master/binders/difido-pytest-plugin/pytest-difido
github.com/interedition/collatex,450584,eu.interedition:collatex,http://collatex.net/,git@github.com:interedition/collatex.git,103541,collatex,https://github.com/interedition/collatex,https://github.com/interedition/collatex
github.com/humanbrainproject/kg-core-sdks,451362,eu.ebrains.kg:kg-core-sdk,https://kg.ebrains.eu,https://github.com/HumanBrainProject/kg-core-sdks/tree/main,182553,ebrains-kg-core,https://github.com/HumanBrainProject/kg-core-sdks,https://github.com/HumanBrainProject/kg-core-sdks
github.com/manalishah/nltkrest,453551,edu.usc.ir:nltkrest-examples,https://github.com/manalishah/NLTKRest,https://github.com/manalishah/NLTKRest.git,398045,nltkrest,https://github.com/manalishah/NLTKRest,https://github.com/manalishah/NLTKRest
github.com/tetherless-world/twks,453887,edu.rpi.tw.twks:twks-parent,https://github.com/tetherless-world/twks,https://github.com/tetherless-world/twks,670331,twks-client,https://github.com/tetherless-world/twks,https://github.com/tetherless-world/twks
github.com/beneath-hq/beneath,473486,dev.beneath:beneath,https://beneath.dev,https://github.com/beneath-hq/beneath,55562,beneath,https://github.com/beneath-hq/beneath/tree/master/clients/python,https://github.com/beneath-hq/beneath/tree/master/clients/python
github.com/yshavit/antlr-denter,490800,com.yuvalshavit:antlr-denter,https://github.com/yshavit/antlr-denter,git@github.com:yshavit/antlr-denter.git,26115,antlr-denter,https://github.com/yshavit/antlr-denter,https://github.com/yshavit/antlr-denter
github.com/xilinx/rapidwright,493907,com.xilinx.rapidwright:rapidwright,http://rapidwright.io,https://github.com/Xilinx/RapidWright,545531,rapidwright,https://github.com/Xilinx/RapidWright,https://github.com/Xilinx/RapidWright
github.com/xiaomi/minlp,493998,com.xiaomi.duckling:duckling-core_2.11,https://github.com/XiaoMi/MiNLP/tree/main/duckling-fork-chinese,https://github.com/XiaoMi/MiNLP,361052,minlp-tokenizer,https://github.com/XiaoMi/MiNLP,https://github.com/XiaoMi/MiNLP
github.com/vmware/vcd-api-schemas,500123,com.vmware.vcloud:vcd-api-schemas-parent,https://github.com/vmware/vcd-api-schemas,https://github.com/vmware/vcd-api-schemas,683556,vcd-api-schemas-type,https://github.com/vmware/vcd-api-schemas,https://github.com/vmware/vcd-api-schemas
github.com/vmware/vmware-aria-operations-integration-sdk,500318,com.vmware.aria.operations:integration-sdk-adapter-library,https://github.com/vmware/vmware-aria-operations-integration-sdk,https://github.com/vmware/vmware-aria-operations-integration-sdk/tree/main,689974,vmware-aria-operations-integration-sdk-lib,https://github.com/vmware/vmware-aria-operations-integration-sdk,https://github.com/vmware/vmware-aria-operations-integration-sdk
github.com/gautam199429/balaji-sdk,501768,com.vartulz:compliance-sdk,https://vartulz.com,https://github.com/gautam199429/balaji-sdk,107607,compliance-sdk,https://github.com/gautam199429/balaji-sdk,https://github.com/gautam199429/balaji-sdk
github.com/opticdev/api-ingestion,502970,com.useoptic:document-akka-http_2.12,https://useoptic.com,https://github.com/opticdev/api-ingestion,438484,optic-document-flask,https://github.com/opticdev/api-ingestion,https://github.com/opticdev/api-ingestion
github.com/twitter/heron,506852,com.twitter.heron:heron-api,http://www.heronstreaming.io,git@github.com:twitter/heron.git,571802,sanjeevheronpy,https://github.com/twitter/heron,https://github.com/twitter/heron
github.com/twitter/commons,507229,com.twitter.common:application-action,https://github.com/twitter/commons/,https://github.com/twitter/commons,670234,twitter.pants,https://github.com/twitter/commons,https://github.com/twitter/commons
github.com/tiwater/ticos-client,510171,com.tiwater:ticos-agent-common,https://github.com/tiwater/ticos-client,https://github.com/tiwater/ticos-client,649934,ticos-client,https://github.com/tiwater/ticos-client,https://github.com/tiwater/ticos-client
github.com/data-commons/prep-buddy,511854,com.thoughtworks.datacommons:prep-buddy,http://data-commons.github.io/,scm:git:https://github.com/data-commons/prep-buddy.git,474355,prep-buddy,https://github.com/data-commons/prep-buddy,https://github.com/data-commons/prep-buddy
github.com/killme2008/metamorphosis,516341,com.taobao.metamorphosis:metamorphosis-all,https://github.com/killme2008/Metamorphosis,git@github.com:killme2008/Metamorphosis.git,355566,metaq,https://github.com/killme2008/Metamorphosis/tree/master/contrib/python/meta-python,https://github.com/killme2008/Metamorphosis/tree/master/contrib/python/meta-python
github.com/stabrise/spark-pdf,520199,com.stabrise:common-spark-pdf-spark33_2.12,https://stabrise.com/spark-pdf/,https://github.com/StabRise/spark-pdf,519994,pyspark-pdf,https://github.com/StabRise/spark-pdf,https://github.com/StabRise/spark-pdf
github.com/spotify/voyager,521675,com.spotify:voyager,,https://github.com/spotify/voyager,691261,voyager,https://github.com/spotify/voyager,https://github.com/spotify/voyager
github.com/snowflakedb/snowflake-ingest-sdk,533830,com.snowflake:snowpipe-streaming,https://github.com/snowflakedb/snowflake-ingest-sdk,https://github.com/snowflakedb/snowflake-ingest-sdk,603104,snowpipe-streaming,https://pypi.org/project/snowpipe-streaming/,https://github.com/snowflakedb/snowflake-ingest-sdk
github.com/siemens/industrialbenchmark,536226,com.siemens.oss.industrialbenchmark:industrialbenchmark,http://github.com/siemens/industrialbenchmark,https://github.com/siemens/industrialbenchmark,281260,industrial-benchmark-python,https://github.com/siemens/industrialbenchmark.git,https://github.com/siemens/industrialbenchmark.git
github.com/sap-samples/cloud-sapjwt,539384,com.sap.cloud.security:sapjwt,https://github.com/SAP-samples/cloud-sapjwt,https://github.com/SAP-samples/cloud-sapjwt/tree/master,572115,sap-py-jwt,https://github.com/SAP-samples/cloud-sapjwt,https://github.com/SAP-samples/cloud-sapjwt
github.com/robrua/easy-bert,541763,com.robrua.nlp:easy-bert,https://github.com/robrua/easy-bert,git@github.com:robrua/easy-bert.git,180603,easybert,https://github.com/robrua/easy-bert,https://github.com/robrua/easy-bert
github.com/reactivemarkets/platform-api,544125,com.reactivemarkets:papi,https://github.com/reactivemarkets/platform-api,https://github.com/reactivemarkets/platform-api/tree/master,547854,reactive-papi,https://www.reactivemarkets.com,https://github.com/reactivemarkets/platform-api
github.com/microsoft/lightgbm,569347,com.microsoft.ml.lightgbm:lightgbmlib,https://github.com/Microsoft/LightGBM,http://github.com/Microsoft/LightGBM/tree/master,324386,lightgbm-no-openmp,https://github.com/microsoft/LightGBM,https://github.com/microsoft/LightGBM
github.com/microsoft/cdm,569449,com.microsoft.commondatamodel:cdm-schema-parent,https://github.com/Microsoft/CDM,http://github.com/Microsoft/CDM,106732,commondatamodel-objectmodel-cdmstandards,https://github.com/microsoft/CDM/tree/master/objectModel/Python,https://github.com/microsoft/CDM/tree/master/objectModel/Python
github.com/azure-samples/cognitive-services-speech-sdk,569455,com.microsoft.cognitiveservices.speech:client-aar-sdk,https://aka.ms/csspeech,https://github.com/Azure-Samples/cognitive-services-speech-sdk,608995,speech-services-v3.1,https://github.com/Azure-Samples/cognitive-services-speech-sdk/blob/master/samples/batch/python/README.md,https://github.com/Azure-Samples/cognitive-services-speech-sdk/blob/master/samples/batch/python/README.md
github.com/mesibo/patann,571091,com.mesibo.api:patann,https://mesibo.com,https://github.com/mesibo/patann,450551,patann,https://github.com/mesibo/patann,https://github.com/mesibo/patann
github.com/dianping/cat,683465,com.dianping.cat:parent,https://github.com/dianping/cat,https://github.com/dianping/cat,270577,huifu-cat-sdk,https://github.com/dianping/cat/tree/master/lib/python,https://github.com/dianping/cat/tree/master/lib/python
github.com/ashwin153/caustic,574212,com.madavan:beaker-client_2.12,https://github.com/ashwin153/caustic,https://github.com/ashwin153/caustic,81239,caustic.pants,https://github.com/ashwin153/caustic,https://github.com/ashwin153/caustic
github.com/linkedin/isolation-forest,576455,com.linkedin.isolation-forest:isolation-forest_2.3.0_2.11,https://github.com/linkedin/isolation-forest,https://github.com/linkedin/isolation-forest.git,289255,isolation-forest-onnx,https://github.com/linkedin/isolation-forest,https://github.com/linkedin/isolation-forest
github.com/ksust/http--api,585911,com.ksust.qq:http-api-sdk,http://work.ksust.com,https://github.com/ksust/HTTP--API,269358,http-api-sdk,https://github.com/ksust/HTTP--API,https://github.com/ksust/HTTP--API
github.com/alexklibisz/elastiknn,586930,com.klibisz.elastiknn:api4s_2.12,https://github.com/alexklibisz/elastiknn,https://github.com/alexklibisz/elastiknn,186668,elastiknn-client,https://github.com/alexklibisz/elastiknn,https://github.com/alexklibisz/elastiknn
github.com/johnsnowlabs/spark-nlp,591010,com.johnsnowlabs.nlp:spark-nlp-aarch64_2.12,https://sparknlp.org,https://github.com/JohnSnowLabs/spark-nlp,607575,spark-nlp,https://github.com/JohnSnowLabs/spark-nlp,https://github.com/JohnSnowLabs/spark-nlp
github.com/jbn/jin_et_al_2001,591035,com.johnbnelson:jingen,https://github.com/jbn/jin_et_al_2001,https://github.com/jbn/jin_et_al_2001,294519,jingenr,https://github.com/jbn/jin_et_al_2001,https://github.com/jbn/jin_et_al_2001
github.com/intel-analytics/bigdl,598417,com.intel.analytics.bigdl:bigdl-parent,https://github.com/intel-analytics/BigDL,https://github.com/intel-analytics/BigDL/tree/master,57915,bigdl-tf,https://github.com/intel-analytics/BigDL,https://github.com/intel-analytics/BigDL
github.com/hankcs/hanlp,608048,com.hankcs:hanlp,https://github.com/hankcs/HanLP,git@github.com:hankcs/HanLP.git,257669,hanlp-trie,https://github.com/hankcs/HanLP,https://github.com/hankcs/HanLP
github.com/hanggrian/rulebook,608082,com.hanggrian.rulebook:rulebook-checkstyle,https://github.com/hanggrian/rulebook/,https://github.com/hanggrian/rulebook/,566669,rulebook-pylint,https://pypi.org/project/rulebook-pylint/,https://github.com/hanggrian/rulebook
github.com/grammatech/gtirb,610483,com.grammatech.gtirb:gtirb_api,https://github.com/GrammaTech/gtirb,http://github.com/GrammaTech/gtirb/tree/master,253930,gtirb,https://github.com/grammatech/gtirb,https://github.com/grammatech/gtirb
github.com/google/streetview-publish-client-libraries,611911,com.google.streetview.publish:grpc-google-maps-streetview_publish-v1,https://github.com/google/streetview-publish-client-libraries,https://github.com/google/streetview-publish-client-libraries,247131,google-maps-streetview_publish-v1,https://github.com/google/streetview-publish-client-libraries,https://github.com/google/streetview-publish-client-libraries
github.com/nebraska-dev/cronk,612072,com.google.ossexitgate.test.n1:cronk,https://github.com/nebraska-dev/cronk,scm:git:git://github.com/nebraska-dev/cronk,117487,cronk,https://pypi.org/project/cronk/,https://github.com/nebraska-dev/cronk/
github.com/googlecloudplatform/appengine-mapreduce,614081,com.google.appengine.tools:appengine-mapreduce,https://github.com/GoogleCloudPlatform/appengine-mapreduce/,https://github.com/GoogleCloudPlatform/appengine-mapreduce,246606,GoogleAppEngineMapReduce,https://github.com/GoogleCloudPlatform/appengine-mapreduce,https://github.com/GoogleCloudPlatform/appengine-mapreduce
github.com/googlecloudplatform/appengine-gcs-client,614082,com.google.appengine.tools:appengine-gcs-client,https://github.com/GoogleCloudPlatform/appengine-gcs-client/,https://github.com/GoogleCloudPlatform/appengine-gcs-client,246604,GoogleAppEngineCloudStorageClient,https://github.com/GoogleCloudPlatform/appengine-gcs-client,https://github.com/GoogleCloudPlatform/appengine-gcs-client
github.com/ozancicek/artan,632935,com.github.ozancicek:artan_2.11,https://github.com/ozancicek/artan,https://github.com/ozancicek/artan,33498,artan,https://github.com/ozancicek/artan,https://github.com/ozancicek/artan
github.com/nextcenturycorporation/aida-interchange-format,634131,com.github.nextcenturycorporation:aida-interchange,https://github.com/NextCenturyCorporation/AIDA-Interchange-Format,https://github.com/NextCenturyCorporation/AIDA-Interchange-Format,10325,aida-interchange,https://github.com/NextCenturyCorporation/AIDA-Interchange-Format,https://github.com/NextCenturyCorporation/AIDA-Interchange-Format
github.com/mikuu/micoo,635691,com.github.mikuu:micooc,https://github.com/Mikuu/Micoo/tree/master/clients/java,https://github.com/Mikuu/Micoo/tree/master/clients/java,357363,micooc,https://github.com/Mikuu/Micoo,https://github.com/Mikuu/Micoo
github.com/kusti8/izzati,639826,com.github.kusti8:izzati,https://github.com/kusti8/izzati,https://github.com/kusti8/izzati,291002,izzati,http://github.com/kusti8/izzati,http://github.com/kusti8/izzati
github.com/jelmerk/hnswlib,642663,com.github.jelmerk:hnswlib-core,https://github.com/jelmerk/hnswlib,https://github.com/jelmerk/hnswlib.git,519963,pyspark-hnsw,https://github.com/jelmerk/hnswlib/tree/master/hnswlib-pyspark,https://github.com/jelmerk/hnswlib/tree/master/hnswlib-pyspark
github.com/infrmods/xbus-client,645264,com.github.infrmods.xbus:xbus-client,https://github.com/infrmods/xbus-client,https://github.com/infrmods/xbus-client,708982,xbus,https://github.com/infrmods/xbus-client,https://github.com/infrmods/xbus-client
github.com/fqaiser94/mse,649484,com.github.fqaiser94:mse_2.11,https://github.com/fqaiser94/mse,https://github.com/fqaiser94/mse,374730,mse,https://github.com/fqaiser94/mse,https://github.com/fqaiser94/mse
github.com/davidcarboni/cryptolite,653160,com.github.davidcarboni:cryptolite,https://github.com/davidcarboni/Cryptolite,https://github.com/davidcarboni/Cryptolite,118642,Cryptolite,https://github.com/davidcarboni/cryptolite/tree/python,https://github.com/davidcarboni/cryptolite/tree/python
github.com/brymck/proto,655885,com.github.brymck:brymck-calendar,https://github.com/brymck/proto,https://github.com/brymck/proto,70602,brymck-securities,https://github.com/brymck/proto,https://github.com/brymck/proto
github.com/astrolabsoftware/spark3d,657494,com.github.astrolabsoftware:spark3d_2.11,https://github.com/astrolabsoftware/spark3D,https://github.com/astrolabsoftware/spark3D,519889,pyspark3d,https://github.com/astrolabsoftware/spark3d,https://github.com/astrolabsoftware/spark3d
github.com/analogdevicesinc/study-watch-sdk,658520,com.github.analogdevicesinc:study_watch_sdk,https://github.com/analogdevicesinc/study-watch-sdk,https://github.com/analogdevicesinc/study-watch-sdk,5875,adi-study-watch,https://github.com/analogdevicesinc/study-watch-sdk,https://github.com/analogdevicesinc/study-watch-sdk
github.com/airfer/rattler,660076,com.github.airfer:rattler,https://github.com/airfer/rattle,https://github.com/airfer/rattler,546257,rattler-func-detection,https://github.com/airfer/rattler,https://github.com/airfer/rattler
github.com/gammarer/aws-waf-ip-restriction-rule-group,666722,com.gammarer:aws-waf-ip-restriction-rule-group,https://github.com/gammarer/aws-waf-ip-restriction-rule-group.git,https://github.com/gammarer/aws-waf-ip-restriction-rule-group.git,231694,gammarer.aws-waf-ip-restriction-rule-group,https://github.com/gammarer/aws-waf-ip-restriction-rule-group.git,https://github.com/gammarer/aws-waf-ip-restriction-rule-group.git
github.com/gammarer/aws-waf-ip-rate-limit-rule-group,666723,com.gammarer:aws-waf-ip-rate-limit-rule-group,https://github.com/gammarer/aws-waf-ip-rate-limit-rule-group.git,https://github.com/gammarer/aws-waf-ip-rate-limit-rule-group.git,231693,gammarer.aws-waf-ip-rate-limit-rule-group,https://github.com/gammarer/aws-waf-ip-rate-limit-rule-group.git,https://github.com/gammarer/aws-waf-ip-rate-limit-rule-group.git
github.com/gammarer/aws-waf-geo-restriction-rule-group,666724,com.gammarer:aws-waf-geo-restriction-rule-group,https://github.com/gammarer/aws-waf-geo-restriction-rule-group.git,https://github.com/gammarer/aws-waf-geo-restriction-rule-group.git,231692,gammarer.aws-waf-geo-restriction-rule-group,https://github.com/gammarer/aws-waf-geo-restriction-rule-group.git,https://github.com/gammarer/aws-waf-geo-restriction-rule-group.git
github.com/gammarer/aws-secure-vpc-bucket,666725,com.gammarer:aws-secure-vpc-bucket,https://github.com/gammarer/aws-secure-vpc-bucket.git,https://github.com/gammarer/aws-secure-vpc-bucket.git,231691,gammarer.aws-secure-vpc-bucket,https://github.com/gammarer/aws-secure-vpc-bucket.git,https://github.com/gammarer/aws-secure-vpc-bucket.git
github.com/gammarer/aws-secure-log-bucket,666726,com.gammarer:aws-secure-log-bucket,https://github.com/gammarer/aws-secure-log-bucket.git,https://github.com/gammarer/aws-secure-log-bucket.git,231690,gammarer.aws-secure-log-bucket,https://github.com/gammarer/aws-secure-log-bucket.git,https://github.com/gammarer/aws-secure-log-bucket.git
github.com/gammarer/aws-secure-frontend-web-app-cloudfront-distribution,666727,com.gammarer:aws-secure-frontend-web-app-cloudfront-distribution,https://github.com/gammarer/aws-secure-frontend-web-app-cloudfront-distribution.git,https://github.com/gammarer/aws-secure-frontend-web-app-cloudfront-distribution.git,231689,gammarer.aws-secure-frontend-web-app-cloudfront-distribution,https://github.com/gammarer/aws-secure-frontend-web-app-cloudfront-distribution.git,https://github.com/gammarer/aws-secure-frontend-web-app-cloudfront-distribution.git
github.com/gammarer/aws-secure-flow-log-bucket,666728,com.gammarer:aws-secure-flow-log-bucket,https://github.com/gammarer/aws-secure-flow-log-bucket.git,https://github.com/gammarer/aws-secure-flow-log-bucket.git,231688,gammarer.aws-secure-flow-log-bucket,https://github.com/gammarer/aws-secure-flow-log-bucket.git,https://github.com/gammarer/aws-secure-flow-log-bucket.git
github.com/gammarer/aws-secure-cloudfront-origin-bucket,666729,com.gammarer:aws-secure-cloudfront-origin-bucket,https://github.com/gammarer/aws-secure-cloudfront-origin-bucket.git,https://github.com/gammarer/aws-secure-cloudfront-origin-bucket.git,231687,gammarer.aws-secure-cloudfront-origin-bucket,https://github.com/gammarer/aws-secure-cloudfront-origin-bucket.git,https://github.com/gammarer/aws-secure-cloudfront-origin-bucket.git
github.com/gammarer/aws-secure-bucket,666730,com.gammarer:aws-secure-bucket,https://github.com/gammarer/aws-secure-bucket.git,https://github.com/gammarer/aws-secure-bucket.git,231686,gammarer.aws-secure-bucket,https://github.com/gammarer/aws-secure-bucket.git,https://github.com/gammarer/aws-secure-bucket.git
github.com/gammarer/aws-rds-database-running-scheduler,666731,com.gammarer:aws-rds-database-running-scheduler,https://github.com/gammarer/aws-rds-database-running-scheduler.git,https://github.com/gammarer/aws-rds-database-running-scheduler.git,231685,gammarer.aws-rds-database-running-scheduler,https://github.com/gammarer/aws-rds-database-running-scheduler.git,https://github.com/gammarer/aws-rds-database-running-scheduler.git
github.com/gammarer/aws-frontend-web-app-deploy-stack,666732,com.gammarer:aws-frontend-web-app-deploy-stack,https://github.com/gammarer/aws-frontend-web-app-deploy-stack.git,https://github.com/gammarer/aws-frontend-web-app-deploy-stack.git,231684,gammarer.aws-frontend-web-app-deploy-stack,https://github.com/gammarer/aws-frontend-web-app-deploy-stack.git,https://github.com/gammarer/aws-frontend-web-app-deploy-stack.git
github.com/yicr/aws-ecs-fargate-task-termination-detection-event-rule,666733,com.gammarer:aws-ecs-fargate-task-termination-detection-event-rule,https://github.com/yicr/aws-ecs-fargate-task-termination-detection-event-rule.git,https://github.com/yicr/aws-ecs-fargate-task-termination-detection-event-rule.git,231683,gammarer.aws-ecs-fargate-task-termination-detection-event-rule,https://github.com/yicr/aws-ecs-fargate-task-termination-detection-event-rule.git,https://github.com/yicr/aws-ecs-fargate-task-termination-detection-event-rule.git
github.com/gammarer/aws-ec2-instance-connect-custom-resource,666735,com.gammarer:aws-ec2-instance-connect-custom-resource,https://github.com/gammarer/aws-ec2-instance-connect-custom-resource.git,https://github.com/gammarer/aws-ec2-instance-connect-custom-resource.git,231681,gammarer.aws-ec2-instance-connect-custom-resource,https://github.com/gammarer/aws-ec2-instance-connect-custom-resource.git,https://github.com/gammarer/aws-ec2-instance-connect-custom-resource.git
github.com/gammarer/aws-ec2-auto-scaling-instance-running-scheduler,666736,com.gammarer:aws-ec2-auto-scaling-instance-running-scheduler,https://github.com/gammarer/aws-ec2-auto-scaling-instance-running-scheduler.git,https://github.com/gammarer/aws-ec2-auto-scaling-instance-running-scheduler.git,231680,gammarer.aws-ec2-auto-scaling-instance-running-scheduler,https://github.com/gammarer/aws-ec2-auto-scaling-instance-running-scheduler.git,https://github.com/gammarer/aws-ec2-auto-scaling-instance-running-scheduler.git
github.com/gammarer/aws-daily-cloud-watch-logs-archiver,666738,com.gammarer:aws-daily-cloud-watch-logs-archiver,https://github.com/gammarer/aws-daily-cloud-watch-logs-archiver.git,https://github.com/gammarer/aws-daily-cloud-watch-logs-archiver.git,231677,gammarer.aws-daily-cloud-watch-logs-archiver,https://github.com/gammarer/aws-daily-cloud-watch-logs-archiver.git,https://github.com/gammarer/aws-daily-cloud-watch-logs-archiver.git
github.com/gammarer/aws-daily-cloud-watch-logs-archive-stack,666739,com.gammarer:aws-daily-cloud-watch-logs-archive-stack,https://github.com/gammarer/aws-daily-cloud-watch-logs-archive-stack.git,https://github.com/gammarer/aws-daily-cloud-watch-logs-archive-stack.git,231678,gammarer.aws-daily-cloud-watch-logs-archive-stack,https://github.com/gammarer/aws-daily-cloud-watch-logs-archive-stack.git,https://github.com/gammarer/aws-daily-cloud-watch-logs-archive-stack.git
github.com/factset/stach-extensions,672536,com.factset.protobuf:stachextensions,https://github.com/factset/stach-extensions,http://github.com/factset/stach-extensions/tree/master,208542,fds.protobuf.stach.extensions,https://github.com/factset/stach-extensions,https://github.com/factset/stach-extensions
github.com/exonum/exonum-java-binding,674089,com.exonum.binding:exonum-java-binding-parent,https://github.com/exonum/exonum-java-binding/tree/master/exonum-java-binding,https://github.com/exonum/exonum-java-binding,199513,exonum-launcher-java-plugins,https://github.com/exonum/exonum-java-binding,https://github.com/exonum/exonum-java-binding
github.com/th2-net/th2-read-db,674262,com.exactpro.th2:grpc-read-db,https://github.com/th2-net/th2-read-db,https://github.com/th2-net/th2-read-db,647282,th2-grpc-read-db,https://github.com/th2-net/th2-read-db,https://github.com/th2-net/th2-read-db
github.com/th2-net/th2-grpc-woodpecker,674257,com.exactpro.th2:grpc-woodpecker,https://github.com/th2-net/th2-grpc-woodpecker,https://github.com/th2-net/th2-grpc-woodpecker,647287,th2-grpc-woodpecker,https://github.com/th2-net/th2-grpc-woodpecker,https://github.com/th2-net/th2-grpc-woodpecker
github.com/th2-net/th2-grpc-util,674258,com.exactpro.th2:grpc-util,https://github.com/th2-net/th2-grpc-util,https://github.com/th2-net/th2-grpc-util,647286,th2-grpc-util,https://github.com/th2-net/th2-grpc-util,https://github.com/th2-net/th2-grpc-util
github.com/th2-net/th2-grpc-sim-template,674259,com.exactpro.th2:grpc-sim-template,https://github.com/th2-net/th2-grpc-sim-template,https://github.com/th2-net/th2-grpc-sim-template,647285,th2-grpc-sim-template,https://github.com/th2-net/th2-grpc-sim-template,https://github.com/th2-net/th2-grpc-sim-template
github.com/th2-net/th2-grpc-sim,674260,com.exactpro.th2:grpc-sim,https://github.com/th2-net/th2-grpc-sim,https://github.com/th2-net/th2-grpc-sim,647284,th2-grpc-sim,https://github.com/th2-net/th2-grpc-sim,https://github.com/th2-net/th2-grpc-sim
github.com/th2-net/th2-grpc-hand,674264,com.exactpro.th2:grpc-hand,https://github.com/th2-net/th2-grpc-hand,https://github.com/th2-net/th2-grpc-hand,647280,th2-grpc-hand,https://github.com/th2-net/th2-grpc-hand,https://github.com/th2-net/th2-grpc-hand
github.com/th2-net/th2-grpc-generator-template,674265,com.exactpro.th2:grpc-generator-template,https://github.com/th2-net/th2-grpc-generator-template,https://github.com/th2-net/th2-grpc-generator-template,647279,th2-grpc-generator-template,https://github.com/th2-net/th2-grpc-generator-template,https://github.com/th2-net/th2-grpc-generator-template
github.com/th2-net/th2-grpc-crawler-data-service,674267,com.exactpro.th2:grpc-crawler-data-service,https://github.com/th2-net/th2-grpc-crawler-data-service,https://github.com/th2-net/th2-grpc-crawler-data-service,647277,th2-grpc-crawler-data-service,https://github.com/th2-net/th2-grpc-crawler-data-service,https://github.com/th2-net/th2-grpc-crawler-data-service
github.com/th2-net/th2-grpc-crawler-data-processor,674268,com.exactpro.th2:grpc-crawler-data-processor,https://github.com/th2-net/th2-grpc-crawler-data-processor,https://github.com/th2-net/th2-grpc-crawler-data-processor,647276,th2-grpc-crawler-data-processor,https://github.com/th2-net/th2-grpc-crawler-data-processor,https://github.com/th2-net/th2-grpc-crawler-data-processor
github.com/th2-net/th2-grpc-conn,674269,com.exactpro.th2:grpc-conn,https://github.com/th2-net/th2-grpc-conn,https://github.com/th2-net/th2-grpc-conn,647274,th2-grpc-conn,https://github.com/th2-net/th2-grpc-conn,https://github.com/th2-net/th2-grpc-conn
github.com/th2-net/th2-grpc-codec,674271,com.exactpro.th2:grpc-codec,https://github.com/th2-net/th2-grpc-codec,https://github.com/th2-net/th2-grpc-codec,647272,th2-grpc-codec,https://github.com/th2-net/th2-grpc-codec,https://github.com/th2-net/th2-grpc-codec
github.com/th2-net/th2-grpc-check2-recon,674272,com.exactpro.th2:grpc-check2-recon,https://github.com/th2-net/th2-grpc-check2-recon,https://github.com/th2-net/th2-grpc-check2-recon,647271,th2-grpc-check2-recon,https://github.com/th2-net/th2-grpc-check2-recon,https://github.com/th2-net/th2-grpc-check2-recon
github.com/th2-net/th2-grpc-books-validation,674274,com.exactpro.th2:grpc-books-validation,https://github.com/th2-net/th2-grpc-books-validation.git,https://github.com/th2-net/th2-grpc-books-validation.git,647269,th2-grpc-books-validation,https://github.com/th2-net/th2-grpc-books-validation.git,https://github.com/th2-net/th2-grpc-books-validation.git
github.com/th2-net/th2-grpc-act-uiframework-win-demo,674275,com.exactpro.th2:grpc-act-uiframework-win-demo,https://github.com/th2-net/th2-grpc-act-uiframework-win-demo,https://github.com/th2-net/th2-grpc-act-uiframework-win-demo,647268,th2-grpc-act-uiframework-win-demo,https://github.com/th2-net/th2-grpc-act-uiframework-win-demo,https://github.com/th2-net/th2-grpc-act-uiframework-win-demo
github.com/th2-net/th2-grpc-act-uiframework-web-demo,674276,com.exactpro.th2:grpc-act-uiframework-web-demo,https://github.com/th2-net/th2-grpc-act-uiframework-web-demo,https://github.com/th2-net/th2-grpc-act-uiframework-web-demo,647266,th2-grpc-act-uiframework-web-demo,https://github.com/th2-net/th2-grpc-act-uiframework-web-demo,https://github.com/th2-net/th2-grpc-act-uiframework-web-demo
github.com/th2-net/th2-grpc-act-ui-framework-demo,674277,com.exactpro.th2:grpc-act-ui-framework-demo,https://github.com/th2-net/th2-grpc-act-ui-framework-demo,https://github.com/th2-net/th2-grpc-act-ui-framework-demo,647267,th2-grpc-act-ui-framework-win-demo,https://github.com/th2-net/th2-grpc-act-ui-framework-demo,https://github.com/th2-net/th2-grpc-act-ui-framework-demo
github.com/th2-net/th2-grpc-act-ssh,674279,com.exactpro.th2:grpc-act-ssh,https://github.com/th2-net/th2-grpc-act-ssh,https://github.com/th2-net/th2-grpc-act-ssh,647262,th2-grpc-act-ssh,https://github.com/th2-net/th2-grpc-act-ssh,https://github.com/th2-net/th2-grpc-act-ssh
github.com/eshioji/hotvect,675081,com.eshioji.hotvect:hotvect-parent,${hotvect.url},https://github.com/eshioji/hotvect,267590,hotvect,https://github.com/eshioji/hotvect,https://github.com/eshioji/hotvect
github.com/draegerwerk/t2iapi,680421,com.draeger.medical:t2iapi,https://github.com/Draegerwerk/t2iapi,https://github.com/Draegerwerk/t2iapi,632317,t2iapi,https://github.com/Draegerwerk/t2iapi,https://github.com/Draegerwerk/t2iapi
github.com/docxmerge/docxmerge-sdk,680765,com.docxmerge:api,https://github.com/Docxmerge/docxmerge-sdk,https://github.com/Docxmerge/docxmerge-sdk,170279,docxmerge-sdk,https://github.com/Docxmerge/docxmerge-sdk,https://github.com/Docxmerge/docxmerge-sdk
github.com/didi/dreambox,683344,com.didiglobal.dreambox:catalog,https://github.com/didi/dreambox,https://github.com/didi/dreambox.git,167782,dmb-cli,https://github.com/didi/DreamBox/tree/master/cli,https://github.com/didi/DreamBox/tree/master/cli
github.com/datorama/timbermill,684976,com.datorama.oss:timbermill-api,https://github.com/datorama/Timbermill,https://github.com/datorama/Timbermill/tree/master,650903,timbermill,https://github.com/datorama/Timbermill,https://github.com/datorama/Timbermill
github.com/datastrato/gravitino,685064,com.datastrato.gravitino:api,https://datastrato.ai,https://github.com/datastrato/gravitino,251185,gravitino,https://github.com/datastrato/gravitino,https://github.com/datastrato/gravitino
github.com/databrickslabs/transpiler,685714,com.databricks.labs:transpiler,https://github.com/databrickslabs/transpiler,https://github.com/databrickslabs/transpiler/tree/v${project.version},133695,dbl-transpiler,https://github.com/databrickslabs/transpiler,https://github.com/databrickslabs/transpiler
github.com/databrickslabs/lakebridge,685720,com.databricks.labs:databricks-morph-plugin,https://github.com/databrickslabs/lakebridge/blob/main/README.md,https://github.com/databrickslabs/lakebridge,128822,databricks-switch-plugin,https://pypi.org/project/databricks-switch-plugin/,https://github.com/databrickslabs/lakebridge
github.com/sryza/spark-timeseries,693510,com.cloudera.sparkts:sparkts,http://sryza.github.io/spark-timeseries,scm:git:https://github.com/sryza/spark-timeseries.git,607676,sparktsX,https://github.com/sryza/spark-timeseries,https://github.com/sryza/spark-timeseries
github.com/boozallen/aissemble-universal-config,699117,com.boozallen.aissemble:aissemble-universal-config,https://github.com/boozallen/aissemble-universal-config,https://github.com/boozallen/aissemble-universal-config,15317,aissemble-universal-config-loader,https://github.com/boozallen/aissemble-universal-config,https://github.com/boozallen/aissemble-universal-config
github.com/boozallen/aissemble,699130,com.boozallen.aissemble:aissemble-root,https://github.com/boozallen/aissemble,https://github.com/boozallen/aissemble,15316,aissemble-test-data-delivery-pyspark-model-basic,https://github.com/boozallen/aissemble,https://github.com/boozallen/aissemble
github.com/boozallen/aissemble-open-inference-protocol,699144,com.boozallen.aissemble:aissemble-open-inference-protocol,https://github.com/boozallen/aissemble-open-inference-protocol,https://github.com/boozallen/aissemble-open-inference-protocol,15314,aissemble-open-inference-protocol-shared,https://github.com/boozallen/aissemble-open-inference-protocol,https://github.com/boozallen/aissemble-open-inference-protocol
github.com/atatc/arsa,707041,com.atatctech:arsa,https://github.com/ATATC/ARSA,https://github.com/ATATC/ARSA,33421,arsa,https://github.com/ATATC/ARSA,https://github.com/ATATC/ARSA
github.com/alipay/antchain-openapi-prod-sdk,763331,cn.com.antcloud.api:antcloud-api-marketingagent,https://www.cloud.alipay.com,https://github.com/alipay/antchain-openapi-prod-sdk,25817,antchain-zolozfaceverify,https://github.com/alipay/antchain-openapi-prod-sdk,https://github.com/alipay/antchain-openapi-prod-sdk
github.com/alipay/antchain-openapi-util-sdk,712271,com.antgroup.antchain.openapi:antchain-util,http://www.aliyun.com,https://github.com/alipay/antchain-openapi-util-sdk,25686,antchain-alipay-util,https://github.com/alipay/antchain-openapi-util-sdk,https://github.com/alipay/antchain-openapi-util-sdk
github.com/alttester/alttester-unity-sdk,714222,com.alttester:alttester,https://github.com/alttester/AltTester-Unity-SDK,https://github.com/alttester/AltTester-Unity-SDK/tree/master,21119,alttester-robotframework-library,https://alttester.com/docs/sdk/latest/,https://github.com/alttester/AltTester-Unity-SDK
github.com/chadharrington/all_spark_cube,714372,com.allsparkcube:cube_client,https://github.com/chadharrington/all_spark_cube,https://github.com/chadharrington/all_spark_cube/tags/0.6 release,20142,all_spark_cube_client,https://github.com/chadharrington/all_spark_cube,https://github.com/chadharrington/all_spark_cube
github.com/aliyun/darabonba-openapi-util,714920,com.aliyun:openapiutil,http://www.aliyun.com,https://github.com/aliyun/darabonba-openapi-util,18535,alibabacloud-openapi-util-py2,https://github.com/aliyun/darabonba-openapi-util,https://github.com/aliyun/darabonba-openapi-util
github.com/aliyun/darabonba-time,715492,com.aliyun:darabonba-time,http://www.aliyun.com,https://github.com/aliyun/darabonba-time,18040,alibabacloud-darabonba-time,https://github.com/aliyun/darabonba-time,https://github.com/aliyun/darabonba-time
github.com/aliyun/aliyun-ccp,715585,com.aliyun:ccp-baseclient,http://www.aliyun.com,https://github.com/aliyun/aliyun-ccp,18549,alibabacloud-osspath-sdk,https://github.com/aliyun/aliyun-ccp,https://github.com/aliyun/aliyun-ccp
github.com/alibaba/mnn,718516,com.alibaba.android.workbench:mnndebug,https://github.com/alibaba/MNN,https://github.com/alibaba/MNN,366288,MNNCV,https://github.com/alibaba/MNN,https://github.com/alibaba/MNN
github.com/alibaba/alink,718658,com.alibaba.alink:alink,https://github.com/alibaba/Alink,https://github.com/alibaba/Alink,486709,pyalink-flink-1.9,https://github.com/alibaba/Alink,https://github.com/alibaba/Alink
github.com/4paradigm/sparkfe,723223,com.4paradigm.hybridsql:sparkfe,https://github.com/4paradigm/SparkFE,https://github.com/4paradigm/SparkFE,210154,fetool,https://github.com/4paradigm/SparkFE,https://github.com/4paradigm/SparkFE
github.com/xiangxinai/xiangxin-guardrails,727729,cn.xiangxinai:xiangxinai-java,https://xiangxinai.cn,https://github.com/xiangxinai/xiangxin-guardrails/tree/main/client/xiangxinai-java,710145,xiangxinai,https://pypi.org/project/xiangxinai/,https://github.com/xiangxinai/xiangxin-guardrails
github.com/thecoldvoid/miao,728126,cn.voidnet:miao,https://github.com/TheColdVoid/MIAO,https://github.com/TheColdVoid/MIAO,357202,MIAOlib,https://github.com/TheColdVoid/MIAO,https://github.com/TheColdVoid/MIAO
github.com/moky/wormhole,740151,chat.dim:BA,https://github.com/moky/wormhole,https://github.com/moky/wormhole,674258,udp,https://github.com/moky/wormhole/,https://github.com/moky/wormhole/
github.com/lucacanali/sparkmeasure,742804,ch.cern.sparkmeasure:spark-measure_2.11,https://github.com/LucaCanali/sparkMeasure,https://github.com/LucaCanali/sparkMeasure,607555,sparkmeasure,https://pypi.org/project/sparkmeasure/,https://github.com/lucacanali/sparkMeasure
github.com/bufbuild/protoc-gen-validate,745527,build.buf.protoc-gen-validate:pgv-java,https://github.com/envoyproxy/protoc-gen-validate,https://github.com/bufbuild/protoc-gen-validate,480193,protoc-gen-validate,https://github.com/bufbuild/protoc-gen-validate,https://github.com/bufbuild/protoc-gen-validate
github.com/aehrc/variantspark,751129,au.csiro.aehrc.variant-spark:variant-spark_2.11,http://bioinformatics.csiro.au/variantspark,https://github.com/aehrc/VariantSpark,682944,variant-spark,https://bioinformatics.csiro.au/variantspark,https://github.com/aehrc/VariantSpark
github.com/polusai/filepattern,755751,ai.polus.utils:filepattern,https://github.com/PolusAI/filepattern,https://github.com/PolusAI/filepattern,212018,filepattern,https://github.com/PolusAI/filepattern,https://github.com/PolusAI/filepattern
github.com/picovoice/octopus,755880,ai.picovoice:octopus-android,https://github.com/picovoice/octopus,https://github.com/picovoice/octopus/tree/main,484891,pvoctopusdemo,https://github.com/Picovoice/octopus,https://github.com/Picovoice/octopus
github.com/picovoice/koala,755883,ai.picovoice:koala-android,https://github.com/picovoice/koala,https://github.com/picovoice/koala/tree/main,484856,pvkoalademo,https://github.com/Picovoice/koala,https://github.com/Picovoice/koala
github.com/picovoice/falcon,755884,ai.picovoice:falcon-android,https://github.com/picovoice/falcon,https://github.com/picovoice/falcon/tree/main,484832,pvfalcondemo,https://github.com/Picovoice/falcon,https://github.com/Picovoice/falcon
github.com/konduitai/konduit-serving,756638,ai.konduit.serving:konduit-serving,http://konduit.ai/,https://github.com/KonduitAI/konduit-serving/tree/master,310285,konduit,https://github.com/KonduitAI/konduit-serving,https://github.com/KonduitAI/konduit-serving
github.com/eto-ai/rikai,756946,ai.eto:rikai_2.12,https://github.com/eto-ai/rikai,https://github.com/eto-ai/rikai,558536,rikai-torchhub,https://github.com/eto-ai/rikai,https://github.com/eto-ai/rikai
github.com/databand-ai/dbnd,757176,ai.databand:dbnd-agent,https://github.com/databand-ai/dbnd,https://github.com/databand-ai/dbnd,133799,dbnd-test-scenarios,https://github.com/databand-ai/dbnd,https://github.com/databand-ai/dbnd
github.com/echosistema/echointel-sdk,758347,online.echosistema:echointel-sdk,https://github.com/echosistema/echointel-sdk,https://github.com/echosistema/echointel-sdk/tree/main,183004,echointel,https://pypi.org/project/echointel/,https://github.com/echosistema/echointel-sdk
github.com/moonshine-ai/moonshine,759712,ai.moonshine:moonshine-voice,https://github.com/moonshine-ai/moonshine,https://github.com/moonshine-ai/moonshine,679907,useful-moonshine-onnx,https://github.com/moonshine-ai/moonshine,https://github.com/moonshine-ai/moonshine
