Normalized_URL,NPM_ID,NPM_Name,NPM_Homepage,NPM_Repo,Ruby_ID,Ruby_Name,Ruby_Homepage,Ruby_Repo
github.com/basecamp/house-style,19390,@37signals/stylelint-config-scss,https://github.com/basecamp/house-style,git+https://github.com/basecamp/house-style.git,142245,rubocop-37signals,https://github.com/basecamp/house-style,https://github.com/basecamp/house-style
github.com/basecamp/lexxy,19389,@37signals/lexxy,,https://github.com/basecamp/lexxy.git,89960,lexxy,https://github.com/basecamp/lexxy,https://github.com/basecamp/lexxy
github.com/ably/ably-ui,26434,@ably/ui,https://github.com/ably/ably-ui#readme,git+ssh://git@github.com/ably/ably-ui.git,368,ably-ui,https://github.com/ably/ably-ui,https://github.com/ably/ably-ui
github.com/activeadmin/activeadmin,1288354,activeadmin-awesome,https://activeadmin.info,git+https://github.com/activeadmin/activeadmin.git,1160,activeadmin,https://activeadmin.info,https://github.com/activeadmin/activeadmin
github.com/aileron-inc/git-wip,43159,@aileron/git-wip,https://github.com/aileron-inc/git-wip#readme,git+https://github.com/aileron-inc/git-wip.git,63398,git-wip,https://github.com/aileron-inc/git-wip/,https://github.com/aileron-inc/git-wip/
github.com/teamairship/packages,44441,@airship/tsconfig,https://github.com/teamairship/packages#readme,git+https://github.com/teamairship/packages.git,5005,airship-style,https://teamairship.com,https://github.com/teamairship/packages
github.com/alchemycms/alchemy-json_api,49184,@alchemy_cms/json_api,https://github.com/AlchemyCMS/alchemy-json_api#readme,git+https://github.com/AlchemyCMS/alchemy-json_api.git,5342,alchemy-json_api,https://github.com/AlchemyCMS/alchemy-json_api,https://github.com/AlchemyCMS/alchemy-json_api
github.com/ambiki/impulse_view_components,70381,@ambiki/impulse-view-components,https://github.com/Ambiki/impulse_view_components#readme,git+https://github.com/Ambiki/impulse_view_components.git,76395,impulse_view_components,https://github.com/Ambiki/impulse_view_components,https://github.com/Ambiki/impulse_view_components
github.com/asciidoctor/asciidoctor-reducer,104869,@asciidoctor/reducer,https://github.com/asciidoctor/asciidoctor-reducer#readme,git+https://github.com/asciidoctor/asciidoctor-reducer.git,9534,asciidoctor-reducer,https://asciidoctor.org,https://github.com/asciidoctor/asciidoctor-reducer
github.com/asciidoctor/asciidoctor-reveal.js,1379068,asciidoctor-reveal.js,https://github.com/asciidoctor/asciidoctor-reveal.js,git+https://github.com/asciidoctor/asciidoctor-reveal.js.git,9536,asciidoctor-revealjs,https://github.com/asciidoctor/asciidoctor-reveal.js,https://github.com/asciidoctor/asciidoctor-reveal.js
github.com/asciidoctor/asciidoctor-tabs,104871,@asciidoctor/tabs,https://github.com/asciidoctor/asciidoctor-tabs#readme,git+https://github.com/asciidoctor/asciidoctor-tabs.git,9544,asciidoctor-tabs,https://rubygems.org/gems/asciidoctor-tabs,https://github.com/asciidoctor/asciidoctor-tabs
github.com/avo-hq/confsmith,119209,@avo-hq/confsmith,https://github.com/avo-hq/confsmith#readme,git+ssh://git@github.com/avo-hq/confsmith.git,31295,confsmith,https://github.com/avo-hq/confsmith,https://github.com/avo-hq/confsmith
github.com/avo-hq/marksmith,119210,@avo-hq/marksmith,https://github.com/avo-hq/marksmith,git+ssh://git@github.com/avo-hq/marksmith.git,96672,marksmith,https://github.com/avo-hq/marksmith,https://github.com/avo-hq/marksmith
github.com/ayushn21/actiontext-syntax-highlighter,125057,@ayushn21/actiontext-syntax-highlighter,https://github.com/ayushn21/actiontext-syntax-highlighter,git+https://github.com/ayushn21/actiontext-syntax-highlighter,1103,actiontext-syntax-highlighter,https://github.com/ayushn21/actiontext-syntax-highlighter,https://github.com/ayushn21/actiontext-syntax-highlighter
github.com/bookingsync/bootstrap-bookingsync-sass,1841404,ember-cli-bootstrap-bookingsync-sass,https://github.com/BookingSync/bootstrap-bookingsync-sass#readme,git+https://github.com/BookingSync/bootstrap-bookingsync-sass.git,18208,bootstrap-bookingsync-sass,https://github.com/BookingSync/bootstrap-bookingsync-sass,https://github.com/BookingSync/bootstrap-bookingsync-sass
github.com/cloudcannon/bookshop,162364,@bookshop/underscore-engine,https://github.com/cloudcannon/bookshop#readme,git+https://github.com/cloudcannon/bookshop.git,80391,jekyll-bookshop,https://github.com/cloudcannon/bookshop,https://github.com/cloudcannon/bookshop
github.com/buhrmi/actionstore,173134,@buhrmi/actionstore,https://github.com/buhrmi/actionstore#readme,git+https://github.com/buhrmi/actionstore.git,1089,actionstore,https://github.com/buhrmi/actionstore,https://github.com/buhrmi/actionstore
github.com/buoysoftware/anchor_view_components,174706,@buoysoftware/anchor-view-components,https://github.com/BuoySoftware/anchor_view_components#readme,git+https://github.com/BuoySoftware/anchor_view_components.git,6567,anchor_view_components,https://github.com/BuoySoftware/anchor_view_components,https://github.com/BuoySoftware/anchor_view_components
github.com/cableready/element,178831,@cable_ready/element,https://cableready.stimulusreflex.com/,https://github.com/cableready/element,20982,cable_ready-element,https://github.com/cableready/element,https://github.com/cableready/element
github.com/livecomponent/livecomponent,180957,@camertron/live-component,https://github.com/livecomponent/livecomponent#readme,git+https://github.com/livecomponent/livecomponent.git,91909,live_component,http://github.com/livecomponent/livecomponent,http://github.com/livecomponent/livecomponent
github.com/clickfunnels2/refine-rails,220114,@clickfunnels/refine-stimulus,https://rubygems.org/gems/refine-rails,git+https://github.com/clickfunnels2/refine-rails.git,135341,refine-rails,https://rubygems.org/gems/refine-rails,https://github.com/clickfunnels2/refine-rails
github.com/davyjoneslocker/client_side_validations-simple_form,220236,@client-side-validations/simple-form,https://github.com/DavyJonesLocker/client_side_validations-simple_form,git+https://github.com/DavyJonesLocker/client_side_validations-simple_form.git,27625,client_side_validations-simple_form,https://github.com/DavyJonesLocker/client_side_validations-simple_form,https://github.com/DavyJonesLocker/client_side_validations-simple_form
github.com/cmdbrew/adminterface,223915,@cmdbrew/adminterface,,git://github.com/cmdbrew/adminterface.git,4127,adminterface,https://adminterface.io,https://github.com/cmdbrew/adminterface
github.com/kingsley-ijomah/rapid_stack,228191,@codehance/rapid-stack,https://github.com/kingsley-ijomah/rapid_stack#readme,git+https://github.com/kingsley-ijomah/rapid_stack.git,132517,rapid_stack,https://github.com/kingsley-ijomah/rapid_stack,https://github.com/kingsley-ijomah/rapid_stack/tree/v1.0.6
github.com/codevise/activeadmin-searchable_select,230068,@codevise/activeadmin-searchable_select,https://github.com/codevise/activeadmin-searchable_select#readme,git+https://github.com/codevise/activeadmin-searchable_select.git,1300,activeadmin-searchable_select,https://github.com/codevise/activeadmin-searchable_select,https://github.com/codevise/activeadmin-searchable_select
github.com/will-wow/webpacker-svelte,3626643,webpacker-svelte,https://github.com/will-wow/webpacker-svelte,git+https://github.com/will-wow/webpacker-svelte.git,182580,webpacker-svelte,https://github.com/will-wow/webpacker-svelte,https://github.com/will-wow/webpacker-svelte
github.com/commercelayer/commercelayer-cli,234887,@commercelayer/commercelayer-cli-new,https://github.com/commercelayer/commercelayer-cli,git+https://github.com/commercelayer/commercelayer-cli.git,30340,commercelayer-cli,https://github.com/commercelayer/commercelayer-cli,https://github.com/commercelayer/commercelayer-cli
github.com/darkroom-com/dropzone_input,268803,@darkroom-com/dropzone-input,https://github.com/darkroom-com/dropzone_input#readme,git+https://github.com/darkroom-com/dropzone_input.git,42907,dropzone_input,https://github.com/darkroom-com/dropzone_input,https://github.com/darkroom-com/dropzone_input
github.com/davidrunger/vue_rails_model_explorer,276062,@davidrunger/vue-model-explorer,https://github.com/davidrunger/vue_rails_model_explorer/tree/main/vue-model-explorer#readme,git+https://github.com/davidrunger/vue_rails_model_explorer.git,145588,runger_rails_model_explorer,https://github.com/davidrunger/vue_rails_model_explorer/blob/main/runger_rails_model_explorer/README.md,https://github.com/davidrunger/vue_rails_model_explorer/blob/main/runger_rails_model_explorer/README.md
github.com/decidim/decidim,1721202,decidim,https://github.com/decidim/decidim#readme,git+ssh://git@github.com/decidim/decidim.git,37663,decidim-verifications,https://decidim.org,https://github.com/decidim/decidim
github.com/die-antwort/lighter_box,297655,@die-antwort/lighter_box,https://github.com/die-antwort/lighter_box#readme,git+https://github.com/die-antwort/lighter_box.git,90447,lighter_box,https://github.com/die-antwort/lighter_box,https://github.com/die-antwort/lighter_box
github.com/samsaffron/message_bus,2519487,message_bus,https://github.com/SamSaffron/message_bus,git+https://github.com/SamSaffron/message_bus.git,98988,message_bus-http_client,https://github.com/SamSaffron/message_bus,https://github.com/SamSaffron/message_bus
github.com/doabit/semantic-ui-sass,306952,@doabit/semantic-ui-sass,https://github.com/doabit/semantic-ui-sass#readme,git+https://github.com/doabit/semantic-ui-sass.git,149736,semantic-ui-sass,http://github.com/doabit/semantic-ui-sass,http://github.com/doabit/semantic-ui-sass
github.com/entdec/satis,349237,@entdec/satis,,git@github.com:entdec/satis.git,147419,satis,https://github.com/entdec/satis,https://github.com/entdec/satis
github.com/ersync/skeleton-loader,354368,@ersync/skeleton-loader,,git+https://github.com/ersync/skeleton-loader.git,155572,skeleton-loader,https://github.com/ersync/skeleton-loader,https://github.com/ersync/skeleton-loader
github.com/expo/eas-build,1809552,eas-cli-local-build-plugin,https://github.com/expo/eas-build#readme,git+https://github.com/expo/eas-build.git,28888,cocoapods-nexus-plugin,https://github.com/expo/eas-build/tree/main/packages/cocoapods-nexus-plugin,https://github.com/expo/eas-build/tree/main/packages/cocoapods-nexus-plugin
github.com/fernandes/ui,381316,@fernandes/ui,https://github.com/fernandes/ui#readme,git+https://github.com/fernandes/ui.git,53067,fernandes-ui,https://ui.coding.com.br,https://github.com/fernandes/ui
github.com/figurepos/dev-tool-configuration,385632,@figuredev/release-it-react-native,https://github.com/FigurePOS/dev-tool-configuration#readme,git+https://github.com/FigurePOS/dev-tool-configuration.git,51776,fastlane-plugin-figure_release,https://github.com/FigurePOS/dev-tool-configuration,https://github.com/FigurePOS/dev-tool-configuration
github.com/fnando/email-provider-info,397296,@fnando/email-provider-info,https://github.com/fnando/email-provider-info,git+https://github.com/fnando/email-provider-info.git,46074,email-provider-info,https://github.com/fnando/email-provider-info,https://github.com/fnando/email-provider-info/tree/v0.0.1
github.com/fnando/email_data,397297,@fnando/email_data,https://github.com/fnando/email_data,git+https://github.com/fnando/email_data.git,46022,email_data,https://github.com/fnando/email_data,https://github.com/fnando/email_data/tree/v1768091577.0.0
github.com/fnando/password_strength,397307,@fnando/password_strength,https://github.com/fnando/password_strength#readme,git+ssh://git@github.com/fnando/password_strength.git,118352,password_strength,http://github.com/fnando/password_strength,http://github.com/fnando/password_strength
github.com/fnix/activestorage-resumable,397491,@fnix/activestorage-resumable,,https://github.com/fnix/activestorage-resumable,2970,activestorage-resumable,https://github.com/fnix/activestorage-resumable,https://github.com/fnix/activestorage-resumable
github.com/frontierdotbe/formstrap,410584,@frontierdotbe/formstrap,https://github.com/frontierdotbe/formstrap#readme,git+https://github.com/frontierdotbe/formstrap.git,57869,formstrap,https://github.com/frontierdotbe/formstrap,https://github.com/frontierdotbe/formstrap
github.com/geobtaa/geoblacklight_admin,426060,@geoblacklight/admin,https://github.com/geobtaa/geoblacklight_admin#readme,git+https://github.com/geobtaa/geoblacklight_admin.git,61219,geoblacklight_admin,https://github.com/geobtaa/geoblacklight_admin,https://github.com/geobtaa/geoblacklight_admin
github.com/cmrd-senya/markdown-it-html5-embed,2485814,markdown-it-html5-embed,https://github.com/cmrd-senya/markdown-it-html5-embed#readme,git+https://github.com/cmrd-senya/markdown-it-html5-embed.git,96511,markdown-it-html5-embed,https://github.com/cmrd-senya/markdown-it-html5-embed,https://github.com/cmrd-senya/markdown-it-html5-embed
github.com/shopify/sewing-kit,3622979,webpack-asset-metadata-plugin-test,https://github.com/Shopify/sewing-kit/blob/master/packages/webpack-asset-metadata-plugin/README.md,git+https://github.com/Shopify/sewing-kit.git,151309,sewing_kit,https://github.com/Shopify/sewing-kit/tree/main/gems/sewing_kit,https://github.com/Shopify/sewing-kit/tree/main/gems/sewing_kit
github.com/paramagicdev/mrujs,447005,@grncdr/mrujs,https://mrujs.com,git@github.com:ParamagicDev/mrujs.git,104898,mrujs_rails,https://github.com/paramagicdev/mrujs,https://github.com/paramagicdev/mrujs
github.com/iniquitybbs/iniquity,545036,@iniquitybbs/templates,http://iniquitybbs.com,git+https://github.com/iniquitybbs/iniquity.git,76931,iniquity,http://iniquitybbs.org,https://github.com/iniquitybbs/iniquity
github.com/jefawks3/fox_tail,572812,@jfawks/fox_tail,https://github.com/jefawks3/fox_tail#readme,git+https://github.com/jefawks3/fox_tail.git,58153,fox_tail,https://github.com/jefawks3/fox_tail,https://github.com/jefawks3/fox_tail
github.com/jho406/breezy,573548,@jho406/breezy,https://github.com/jho406/breezy#readme,git+https://github.com/jho406/breezy.git,19198,breezy_template,https://github.com/jho406/breezy/,https://github.com/jho406/breezy/
github.com/jrpolidario/live_record,584208,@jrpolidario/live_record,https://github.com/jrpolidario/live_record#readme,git+https://github.com/jrpolidario/live_record.git,91948,live_record,https://github.com/jrpolidario/live_record,https://github.com/jrpolidario/live_record
github.com/elmassimo/js_from_routes,584481,@js-from-routes/redaxios,https://github.com/ElMassimo/js_from_routes,git+https://github.com/ElMassimo/js_from_routes.git,83732,js_from_routes,https://github.com/ElMassimo/js_from_routes,https://github.com/ElMassimo/js_from_routes
github.com/kaspernj/api_maker,600182,@kaspernj/api-maker-table,https://github.com/kaspernj/api_maker_table#readme,git+https://github.com/kaspernj/api_maker.git,7550,api_maker_table,https://github.com/kaspernj/api_maker,https://github.com/kaspernj/api_maker
github.com/katalyst/kpop,600370,@katalyst-interactive/kpop,https://github.com/katalyst/kpop#readme,git+https://github.com/katalyst/kpop.git,85525,katalyst-kpop,https://github.com/katalyst/kpop,https://github.com/katalyst/kpop
github.com/katalyst/turbo_modal,600371,@katalyst-interactive/turbo-modal,https://github.com/katalyst/turbo_modal#readme,git+https://github.com/katalyst/turbo_modal.git,174469,turbo_modal,https://github.com/katalyst/turbo_modal,https://github.com/katalyst/turbo_modal
github.com/andrewkatz/image_input,676588,@mainkatz/image-input,https://github.com/andrewkatz/image_input#readme,git+https://github.com/andrewkatz/image_input.git,75970,image_input,https://github.com/andrewkatz/image_input,https://github.com/andrewkatz/image_input
github.com/manageiq/font-fabulous,679995,@manageiq/font-fabulous,https://github.com/ManageIQ/font-fabulous,git+ssh://git@github.com/ManageIQ/font-fabulous.git,57180,font-fabulous,http://github.com/manageiq/font-fabulous,http://github.com/manageiq/font-fabulous
github.com/opensource-matrix/snippet,690039,@matrixoc/snippet,https://github.com/opensource-matrix/snippet#readme,git+https://github.com/opensource-matrix/snippet.git,157339,snippetpkg,https://github.com/opensource-matrix/snippet,https://github.com/opensource-matrix/snippet
github.com/julianrubisch/cubism,719432,@minthesize/cubism,https://github.com/julianrubisch/cubism#readme,git+https://github.com/julianrubisch/cubism.git,34359,cubism,https://github.com/julianrubisch/cubism,https://github.com/julianrubisch/cubism.git
github.com/etiennelem/commandz,722172,@missive/commandz,https://github.com/EtienneLem/commandz,git+https://github.com/EtienneLem/commandz.git,30300,commandz,http://etiennelem.github.io/commandz,https://github.com/EtienneLem/commandz
github.com/mycolorway/tao_on_rails,747537,@mycolorway/tao,https://github.com/mycolorway/tao_on_rails#readme,git+https://github.com/mycolorway/tao_on_rails.git,166490,tao_on_rails,https://github.com/mycolorway/tao_on_rails,https://github.com/mycolorway/tao_on_rails
github.com/mycolorway/tao_form,747539,@mycolorway/tao_form,https://github.com/mycolorway/tao_form#readme,git+https://github.com/mycolorway/tao_form.git,166488,tao_form,https://github.com/mycolorway/tao_form,https://github.com/mycolorway/tao_form
github.com/mycolorway/tao_ui,747540,@mycolorway/tao_ui,https://github.com/mycolorway/tao_ui#readme,git+https://github.com/mycolorway/tao_ui.git,166497,tao_ui,https://github.com/mycolorway/tao_ui,https://github.com/mycolorway/tao_ui
github.com/nathanvda/on_the_spot,754562,@nathanvda/on_the_spot,https://github.com/nathanvda/on_the_spot,git+https://github.com/nathanvda/on_the_spot.git,114314,on_the_spot,http://github.com/nathanvda/on_the_spot,http://github.com/nathanvda/on_the_spot
github.com/nickiam7/turboflow,773144,@nickiam7/turboflow,https://github.com/Nickiam7/TurboFlow,git+https://github.com/Nickiam7/TurboFlow.git,174448,turboflow-rails,https://github.com/Nickiam7/TurboFlow,https://github.com/Nickiam7/TurboFlow
github.com/notus-sh/cocooned,790370,@notus.sh/cocooned,https://github.com/notus-sh/cocooned,git+https://github.com/notus-sh/cocooned.git,29061,cocooned,https://github.com/notus-sh/cocooned,https://github.com/notus-sh/cocooned
github.com/openc3/cosmos,813556,@openc3/vue-common,https://openc3.com,git+https://github.com/OpenC3/cosmos.git,114707,openc3-tool-base,https://github.com/OpenC3/cosmos,https://github.com/OpenC3/cosmos
github.com/opf/openproject-octicons,818370,@openproject/octicons,https://primer.style/octicons,git+https://github.com/opf/openproject-octicons.git,115018,openproject-octicons_helper,https://github.com/opf/openproject-octicons,https://github.com/opf/openproject-octicons
github.com/pakyow/pakyow,833522,@pakyow/js,https://github.com/pakyow/pakyow#readme,git+https://github.com/pakyow/pakyow.git,117221,pakyow,https://pakyow.com,https://github.com/pakyow/pakyow
github.com/pandev-srl/better_ui,834526,@pandev-srl/better-ui,https://github.com/pandev-srl/better_ui,git+https://github.com/pandev-srl/better_ui.git,15545,better_ui,https://github.com/pandev-srl/better_ui,https://github.com/pandev-srl/better_ui
github.com/petekinnecom/interfacets,846262,@petekinnecom/interfacets,https://github.com/petekinnecom/interfacets#readme,git+https://github.com/petekinnecom/interfacets.git,77584,interfacets,https://github.com/petekinnecom/interfacets,https://github.com/petekinnecom/interfacets
github.com/pubannotation/simple_inline_annotation_format,883422,@pubann/simple-inline-text-annotation,https://github.com/pubannotation/simple_inline_annotation_format#readme,git+https://github.com/pubannotation/simple_inline_annotation_format.git,153961,simple_inline_text_annotation,https://github.com/pubannotation/simple_inline_annotation_format,https://github.com/pubannotation/simple_inline_annotation_format
github.com/prdn/pigato,2842447,pigato,https://github.com/prdn/pigato,git+https://github.com/prdn/pigato.git,120970,pigato,https://github.com/prdn/pigato,https://github.com/prdn/pigato
github.com/radioactive-labs/plutonium-core,898409,@radioactive-labs/plutonium,https://radioactive-labs.github.io/plutonium-core/,git+https://github.com/radioactive-labs/plutonium-core.git,122143,plutonium,https://radioactive-labs.github.io/plutonium-core/,https://github.com/radioactive-labs/plutonium-core
github.com/radioactive-labs/turbo_live,898410,@radioactive-labs/turbo-live,https://github.com/radioactive-labs/turbo_live#readme,git+https://github.com/radioactive-labs/turbo_live.git,174466,turbo_live,https://github.com/radioactive-labs/turbo_live,https://github.com/radioactive-labs/turbo_live
github.com/hschne/rails-mini-profiler,900064,@rails-mini-profiler/assets,https://github.com/hschne/rails-mini-profiler#readme,git+https://github.com/hschne/rails-mini-profiler.git,131100,rails_mini_profiler,https://github.com/hschne/rails-mini-profiler,https://github.com/hschne/rails-mini-profiler
github.com/rainforestapp/wisp,900402,@rainforestqa/wisp-schema,https://github.com/rainforestapp/wisp,git+https://github.com/rainforestapp/wisp.git,184089,wisp-schema,https://github.com/rainforestapp/wisp,https://github.com/rainforestapp/wisp
github.com/bjornd/jvectormap,909703,@react-jvectormap/lib,https://github.com/bjornd/jvectormap#readme,git+ssh://git@github.com/bjornd/jvectormap.git,84807,jvectormap-rails,https://github.com/bjornd/jvectormap,https://github.com/bjornd/jvectormap
github.com/redredgroup/samsungknox,917726,@redredgroup/samsungknox-token-library,https://redredgroup.github.io/samsungknox,git+https://github.com/REDREDGROUP/samsungknox.git,52108,fastlane-plugin-samsungknox,https://github.com/REDREDGROUP/samsungknox,https://github.com/REDREDGROUP/samsungknox
github.com/logicrelay/relay_ui,920389,@relay_ui/slideout,https://www.relayui.com,git+https://github.com/logicrelay/relay_ui.git,135813,relay_ui,https://www.relayui.com,https://github.com/logicrelay/relay_ui
github.com/rgrove/synchrotron,927652,@rgrove/synchrotron,https://github.com/rgrove/synchrotron#readme,git+https://github.com/rgrove/synchrotron.git,165440,synchrotron,http://github.com/rgrove/synchrotron/,http://github.com/rgrove/synchrotron/
github.com/glebtv/activeadmin-searchable_select,936201,@rocket-sensei/activeadmin-searchable_select,https://github.com/glebtv/activeadmin-searchable_select#readme,git+https://github.com/glebtv/activeadmin-searchable_select.git,140826,rs-activeadmin-searchable_select,https://github.com/glebtv/activeadmin-searchable_select,https://github.com/glebtv/activeadmin-searchable_select
github.com/rs-pro/activeadmin-tom_select,1288355,activeadmin-tom_select,https://github.com/rs-pro/activeadmin-tom_select#readme,git+https://github.com/rs-pro/activeadmin-tom_select.git,1331,activeadmin-tom_select,https://github.com/rs-pro/activeadmin-tom_select,https://github.com/rs-pro/activeadmin-tom_select
github.com/glebtv/activeadmin_trumbowyg,936203,@rocket-sensei/activeadmin_trumbowyg,https://github.com/glebtv/activeadmin_trumbowyg#readme,git+https://github.com/glebtv/activeadmin_trumbowyg.git,140829,rs-activeadmin_trumbowyg,https://github.com/glebtv/activeadmin_trumbowyg,https://github.com/glebtv/activeadmin_trumbowyg
github.com/rootstrap/activeadmin-chat,939781,@rootstrap/activeadmin-chat,https://github.com/rootstrap/activeadmin-chat#readme,git+https://github.com/rootstrap/activeadmin-chat.git,1189,activeadmin-chat,https://github.com/rootstrap/activeadmin-chat,https://github.com/rootstrap/activeadmin-chat
github.com/ruby/ruby.wasm,3120099,ruby-head-wasm-wasi,https://github.com/ruby/ruby.wasm/tree/main/packages/npm-packages/ruby-head-wasm-wasi,git+https://github.com/ruby/ruby.wasm.git,145159,ruby_wasm,https://github.com/ruby/ruby.wasm,https://github.com/ruby/ruby.wasm
github.com/shabados/gurmukhi-utils,2109319,gurmukhi-utils,https://github.com/ShabadOS/gurmukhi-utils#readme,git+https://github.com/ShabadOS/gurmukhi-utils.git,68243,gurmukhi_utils,https://github.com/ShabadOS/gurmukhi-utils/tree/main/ruby,https://github.com/ShabadOS/gurmukhi-utils/tree/main/ruby
github.com/shopify/worldwide,996963,@shopify/worldwide,https://github.com/Shopify/worldwide/tree/main/lang/typescript#readme,git+ssh://git@github.com/Shopify/worldwide.git,184916,worldwide,https://github.com/Shopify/worldwide,https://github.com/Shopify/worldwide
github.com/skyltmax/config,1000911,@signmax/config,https://github.com/skyltmax/config#readme,git+https://github.com/skyltmax/config.git,155751,skyltmax_config,https://github.com/skyltmax/config#readme,https://github.com/skyltmax/config
github.com/sixoverground/tang,1006243,@sixoverground/tang,https://github.com/sixoverground/tang#readme,git+https://github.com/sixoverground/tang.git,166412,tang,https://github.com/sixoverground/tang,https://github.com/sixoverground/tang
github.com/scarpe-team/space_shoes,1024677,@spaceshoes/spacewalk,https://github.com/scarpe-team/space_shoes#readme,git+https://github.com/scarpe-team/space_shoes.git,158687,space_shoes,https://github.com/scarpe-team/space_shoes,https://github.com/scarpe-team/space_shoes
github.com/spice-life/tmix-icon-rails,1027948,@spice-life/icon,https://github.com/spice-life/tmix-icon-rails#readme,git+ssh://git@github.com/spice-life/tmix-icon-rails.git,171377,tmix-icon-rails,https://github.com/spice-life/tmix-icon-rails,https://github.com/spice-life/tmix-icon-rails
github.com/spree/spree_backend,1029581,@spree/dashboard,https://spreecommerce.org/,git+https://github.com/spree/spree_backend.git,159808,spree_backend,https://spreecommerce.org,https://github.com/spree/spree_backend/tree/v4.8.4
github.com/stimulusreflex/futurism,1045501,@stimulus_reflex/futurism,https://github.com/stimulusreflex/futurism#readme,git+https://github.com/stimulusreflex/futurism.git,59296,futurism,https://github.com/stimulusreflex/futurism,https://github.com/stimulusreflex/futurism
github.com/supercharts-dev/supercharts-bullet_train,1055405,@supercharts/supercharts-bullet-train,https://github.com/supercharts-dev/supercharts-bullet_train#readme,git+ssh://git@github.com/supercharts-dev/supercharts-bullet_train.git,164377,supercharts-bullet_train,https://github.com/supercharts-dev/supercharts-bullet_train,https://github.com/supercharts-dev/supercharts-bullet_train
github.com/texti/texti,1088592,@texti/sdk,https://github.com/texti/texti#readme,git+https://github.com/texti/texti.git,168976,texti,https://github.com/texti/texti,https://github.com/texti/texti
github.com/thoughtbot/superglue,1096944,@thoughtbot/superglue,https://github.com/thoughtbot/superglue#readme,git+https://github.com/thoughtbot/superglue.git,164424,superglue,https://github.com/thoughtbot/superglue/,https://github.com/thoughtbot/superglue/
github.com/trailervote/trailervote-api-clients,1112716,@trailervote/fetch,,https://github.com/TrailerVote/trailervote-api-clients/,172866,trailer_vote-api,https://github.com/trailervote/trailervote-api-clients,https://github.com/trailervote/trailervote-api-clients/blob/master/ruby
github.com/trailervote/trailervote-fixtures,1112717,@trailervote/fixtures,,https://github.com/TrailerVote/trailervote-fixtures.git,172867,trailer_vote-fixtures,https://github.com/TrailerVote/trailervote-fixtures,https://github.com/TrailerVote/trailervote-fixtures
github.com/trailervote/trailervote-media-types,1112718,@trailervote/media-types,,https://github.com/TrailerVote/trailervote-media-types/,172868,trailer_vote-media_types,https://github.com/TrailerVote/trailervote-media-types,https://github.com/TrailerVote/trailervote-media-types/blob/master/ruby
github.com/trytechlabs/componeer,1120196,@trytechlabs/componeer,https://github.com/trytechlabs/componeer#readme,git+https://github.com/trytechlabs/componeer.git,30734,componeer,https://docs.componeer.me,https://github.com/trytechlabs/componeer
github.com/hopsoft/turbo_boost-commands,1124447,@turbo-boost/commands,https://github.com/hopsoft/turbo_boost-commands#readme,git+https://github.com/hopsoft/turbo_boost-commands.git,174433,turbo_boost-commands,https://github.com/hopsoft/turbo_boost-commands,https://github.com/hopsoft/turbo_boost-commands
github.com/hopsoft/turbo_boost-elements,1124449,@turbo-boost/elements,https://github.com/hopsoft/turbo_boost-elements#readme,git+https://github.com/hopsoft/turbo_boost-elements.git,174434,turbo_boost-elements,https://github.com/hopsoft/turbo_boost-elements,https://github.com/hopsoft/turbo_boost-elements
github.com/hopsoft/turbo_boost-streams,1124450,@turbo-boost/streams,https://github.com/hopsoft/turbo_boost-streams#readme,git+https://github.com/hopsoft/turbo_boost-streams.git,174435,turbo_boost-streams,https://github.com/hopsoft/turbo_boost-streams,https://github.com/hopsoft/turbo_boost-streams
github.com/turbocoder13/turbo-themes,1124520,@turbocoder13/turbo-themes,https://turbocoder13.github.io/turbo-themes/,git+https://github.com/TurboCoder13/turbo-themes.git,20288,bulma-turbo-themes,https://github.com/TurboCoder13/turbo-themes,https://github.com/TurboCoder13/turbo-themes
github.com/noraesae/perfect-scrollbar,2201622,ie-perfect-scrollbar,https://github.com/noraesae/perfect-scrollbar#readme,git+https://github.com/noraesae/perfect-scrollbar.git,119689,perfect-scrollbar-rails,https://github.com/YourCursus/perfect-scrollbar-rails,https://github.com/noraesae/perfect-scrollbar
github.com/vizzly-testing/cli,1176327,@vizzly-testing/vitest,https://vizzly.dev,git+https://github.com/vizzly-testing/cli.git,180336,vizzly,https://github.com/vizzly-testing/cli,https://github.com/vizzly-testing/cli
github.com/watermarkchurch/paper-signs,1190482,@watermarkchurch/react-instantsearch-components,https://github.com/watermarkchurch/paper-signs#readme,git+https://github.com/watermarkchurch/paper-signs.git,182055,wcc-jsonapi,https://www.github.com/watermarkchurch/paper-signs,https://www.github.com/watermarkchurch/paper-signs
github.com/wikipaddle/protobuf,1207910,@wikipaddle/api,https://github.com/WikiPaddle/protobuf,git+https://github.com/wikipaddle/protobuf.git,183621,wikipaddle_api,https://github.com/wikipaddle/protobuf,https://github.com/wikipaddle/protobuf
github.com/yuki24/shoelace-rails,1244458,@yuki24/shoelace-rails,https://github.com/yuki24/shoelace-rails,git+https://github.com/yuki24/shoelace-rails.git,152158,shoelace-rails,https://github.com/yuki24/shoelace-rails,https://github.com/yuki24/shoelace-rails
github.com/ndp/csster,1679335,csster,https://github.com/ndp/csster#readme,git+https://github.com/ndp/csster.git,34039,csster,http://github.com/ndp/csster,http://github.com/ndp/csster
github.com/jejacks0n/mercury,1273275,Mercury,,git://github.com/jejacks0n/mercury.git,98859,mercury-rails,http://github.com/jejacks0n/mercury,https://github.com/jejacks0n/mercury
github.com/cconstantine/nodevent,2713809,nodevent,,https://cconstantine@github.com/cconstantine/NoDevent.git,109798,NoDevent,https://github.com/cconstantine/NoDevent/,https://github.com/cconstantine/NoDevent/
github.com/bear-in-mind/abyme,1283504,abyme,https://github.com/bear-in-mind/abyme,https://github.com/bear-in-mind/abyme,509,abyme,https://github.com/bear-in-mind/abyme,https://github.com/bear-in-mind/abyme
github.com/marinosoftware/active_storage_drag_and_drop,1288343,active_storage_drag_and_drop,,git+https://github.com/marinosoftware/active_storage_drag_and_drop.git,2947,active_storage_drag_and_drop,https://github.com/marinosoftware/active_storage_drag_and_drop,https://github.com/marinosoftware/active_storage_drag_and_drop
github.com/buhrmi/activestate,1288448,activestate,https://github.com/buhrmi/activestate#readme,git+https://github.com/buhrmi/activestate.git,2919,activestate,https://github.com/buhrmi/activestate,https://github.com/buhrmi/activestate
github.com/increments/admin_core,1294256,admin-core-js,https://github.com/increments/admin_core#readme,git+https://github.com/increments/admin_core.git,3998,admin_core,https://github.com/increments/admin_core,https://github.com/increments/admin_core
github.com/markusbansky/afgor-framework,1299490,afgor-ui,https://github.com/MarkusBansky/afgor-framework#readme,git+https://github.com/MarkusBansky/afgor-framework.git,4492,afgor-ui,https://rubygems.org/gems/afgor-ui,https://github.com/MarkusBansky/afgor-framework/tree/ruby-package
github.com/abe33/agt,1303769,agt,https://github.com/abe33/agt#readme,git+https://github.com/abe33/agt.git,4745,agt,https://github.com/abe33/agt.git,https://github.com/abe33/agt.git
github.com/finelineprototyping/angularjs-rails-resource,1344188,angularjs-rails-resource,https://github.com/FineLinePrototyping/angularjs-rails-resource.git,git+https://github.com/FineLinePrototyping/angularjs-rails-resource.git,6748,angularjs-rails-resource,https://github.com/finelineprototyping/angularjs-rails-resource,https://github.com/finelineprototyping/angularjs-rails-resource
github.com/shogunpanda/apes,1355506,apes,https://github.com/ShogunPanda/apes,git+https://github.com/ShogunPanda/apes.git,7361,apes,https://github.com/ShogunPanda/apes,https://github.com/ShogunPanda/apes
github.com/sokratisvidros/apicco,1357872,apicco-sdk,https://github.com/sokratisvidros/apicco#readme,git+https://github.com/sokratisvidros/apicco.git,7433,apicco-sdk,https://github.com/sokratisvidros/apicco#readme,https://github.com/sokratisvidros/apicco#readme
github.com/truongsinh/appium-flutter-driver,2604409,my_appium-flutter-driver,https://github.com/truongsinh/appium-flutter-driver#readme,git+https://github.com/truongsinh/appium-flutter-driver.git,7952,appium_flutter_finder,https://github.com/truongsinh/appium-flutter-driver,https://github.com/truongsinh/appium-flutter-driver
github.com/fernandes/arara,1366787,arara,https://github.com/fernandes/arara#readme,git+https://github.com/fernandes/arara.git,8409,arara,https://github.com/fernandes/arara,https://github.com/fernandes/arara
github.com/projectblacklight/arclight,1368586,arclight,https://library.stanford.edu/projects/arclight,git+https://github.com/projectblacklight/arclight.git,8586,arclight,https://library.stanford.edu/projects/arclight,https://github.com/projectblacklight/arclight
github.com/cprodhomme/arctic_admin,1368752,arctic_admin,https://github.com/cprodhomme/arctic_admin#readme,git+https://github.com/cprodhomme/arctic_admin.git,8599,arctic_admin,https://github.com/cprodhomme/arctic_admin,https://github.com/cprodhomme/arctic_admin
github.com/argumenta/argumenta,1370483,argumenta,https://github.com/argumenta/argumenta,https://github.com/argumenta/argumenta.git,8770,argumenta,https://github.com/argumenta/argumenta,https://github.com/argumenta/argumenta
github.com/jirutka/asciidoctor-html5s,1379051,asciidoctor-html5s,https://github.com/jirutka/asciidoctor-html5s,git+https://github.com/jirutka/asciidoctor-html5s.git,9493,asciidoctor-html5s,https://github.com/jirutka/asciidoctor-html5s,https://github.com/jirutka/asciidoctor-html5s/
github.com/jirutka/asciidoctor-interdoc-reftext,1379053,asciidoctor-interdoc-reftext,https://github.com/jirutka/asciidoctor-interdoc-reftext/,git+https://github.com/jirutka/asciidoctor-interdoc-reftext.git,9500,asciidoctor-interdoc-reftext,https://github.com/jirutka/asciidoctor-interdoc-reftext,https://github.com/jirutka/asciidoctor-interdoc-reftext
github.com/jirutka/asciidoctor-katex,1379056,asciidoctor-katex,https://github.com/jirutka/asciidoctor-katex/,git+https://github.com/jirutka/asciidoctor-katex.git,9504,asciidoctor-katex,https://github.com/jirutka/asciidoctor-katex/,https://github.com/jirutka/asciidoctor-katex/
github.com/tani/asciidoctor-mathjax3,1379062,asciidoctor-mathjax3,https://github.com/tani/asciidoctor-mathjax3#readme,git+https://git@github.com/tani/asciidoctor-mathjax3.git,9516,asciidoctor-mathjax3,https://github.com/tani/asciidoctor-mathjax3,https://github.com/tani/asciidoctor-mathjax3
github.com/ksss/asciipack,1379124,asciipack,,https://github.com/ksss/AsciiPack/tree/master/js,9568,asciipack,http://ksss.github.io/AsciiPack,https://github.com/ksss/AsciiPack/tree/master/ruby
github.com/powerhome/audiences,1393855,audiences,,git@github.com:powerhome/audiences.git,10790,audiences,https://github.com/powerhome/audiences,https://github.com/powerhome/audiences
github.com/jonhue/avatari,1404538,avatari,https://github.com/jonhue/avatari#readme,git+https://github.com/jonhue/avatari.git,11627,avatari,https://github.com/jonhue/avatari,https://github.com/jonhue/avatari
github.com/dsusco/baseline-scss,1434839,baseline-scss,https://github.com/dsusco/baseline-scss#readme,git+https://github.com/dsusco/baseline-scss.git,14098,baseline-scss,https://github.com/dsusco/baseline-scss,https://github.com/dsusco/baseline-scss
github.com/franzheidl/bemify,1447475,bemify,https://github/franzheidl/bemify,git+https://github.com/franzheidl/bemify.git,15064,bemify,https://github.com/franzheidl/bemify,https://github.com/franzheidl/bemify
github.com/alessiobussolari/better_page,1451053,better-page-stimulus,https://github.com/alessiobussolari/better_page#readme,git+https://github.com/alessiobussolari/better_page.git,15493,better_page,https://github.com/alessiobussolari/better_page,https://github.com/alessiobussolari/better_page
github.com/matt-daniel-brown/betters,1451715,betters,https://github.com/matt-daniel-brown/betters,git://github.com/matt-daniel-brown/betters.git,15520,betters,https://github.com/matt-daniel-brown/betters,https://github.com/matt-daniel-brown/betters
github.com/bitcrowd/bitstyles,1463664,bitstyles,https://bitcrowd.github.io/bitstyles,git+https://github.com/bitcrowd/bitstyles.git,16662,bitstyles,https://github.com/bitcrowd/bitstyles,https://github.com/bitcrowd/bitstyles
github.com/benmuiruri/palindrome,1465007,bkiarie-palindrome,https://github.com/Benmuiruri/palindrome#readme,git+https://github.com/Benmuiruri/palindrome.git,15196,benmuiruri_palindrome,https://github.com/Benmuiruri/palindrome,
github.com/bplmaps/blacklight-allmaps,1465795,blacklight-allmaps,https://github.com/bplmaps/blacklight-allmaps#readme,git+https://github.com/bplmaps/blacklight-allmaps.git,16861,blacklight_allmaps,https://github.com/bplmaps/blacklight-allmaps,https://github.com/bplmaps/blacklight-allmaps
github.com/projectblacklight/blacklight-gallery,1465800,blacklight-gallery,https://github.com/projectblacklight/blacklight-gallery#readme,git+https://github.com/projectblacklight/blacklight-gallery.git,16870,blacklight-gallery,https://github.com/projectblacklight/blacklight-gallery,https://github.com/projectblacklight/blacklight-gallery
github.com/sul-dlss/blacklight_heatmaps,1465801,blacklight-heatmaps,https://github.com/sul-dlss/blacklight_heatmaps#readme,git+https://github.com/sul-dlss/blacklight_heatmaps.git,16872,blacklight_heatmaps,https://github.com/sul-dlss/blacklight_heatmaps,https://github.com/sul-dlss/blacklight_heatmaps
github.com/sul-dlss/blacklight-hierarchy,1465802,blacklight-hierarchy,https://github.com/sul-dlss/blacklight-hierarchy#readme,git+https://github.com/sul-dlss/blacklight-hierarchy.git,16873,blacklight-hierarchy,https://github.com/sul-dlss/blacklight-hierarchy,https://github.com/sul-dlss/blacklight-hierarchy
github.com/projectblacklight/blacklight_range_limit,1465805,blacklight-range-limit,https://github.com/projectblacklight/blacklight_range_limit#readme,git+https://github.com/projectblacklight/blacklight_range_limit.git,16886,blacklight_range_limit,https://github.com/projectblacklight/blacklight_range_limit,https://github.com/projectblacklight/blacklight_range_limit
github.com/kbumsik/blogsearch,1470228,blogsearch-crawler,https://github.com/kbumsik/blogsearch#readme,git+https://github.com/kbumsik/blogsearch.git,80384,jekyll-blogsearch,https://github.com/kbumsik/blogsearch,https://github.com/kbumsik/blogsearch
github.com/lacroixdesign/boarding_pass,1474106,boarding-pass,https://github.com/lacroixdesign/boarding_pass,git://github.com/lacroixdesign/boarding_pass.git,17716,boarding_pass,https://github.com/lacroixdesign/boarding_pass,https://github.com/lacroixdesign/boarding_pass
github.com/keyasuda/bormashino,1480622,bormashino,https://github.com/keyasuda/bormashino,git://github.com/keyasuda/bormashino.git,18461,bormashino,https://github.com/keyasuda/bormashino,https://github.com/keyasuda/bormashino
github.com/keyasuda/bormashino-sequel-sqljs-adapter,1480623,bormashino-sequel-sqljs-adapter,https://github.com/keyasuda/bormashino-sequel-sqljs-adapter,git://github.com/keyasuda/bormashino-sequel-sqljs-adapter.git,18462,bormashino-sequel-sqljs-adapter,https://github.com/keyasuda/bormashino-sequel-sqljs-adapter,https://github.com/keyasuda/bormashino-sequel-sqljs-adapter
github.com/nmccready/bowerfresh,1483369,bowerfresh,https://github.com/nmccready/bowerfresh,https://github.com/nmccready/bowerfresh.git,18704,bowerfresh,https://github.com/nmccready/bowerfresh,https://github.com/nmccready/bowerfresh
github.com/da99/boxomojo,1483847,boxomojo,,https://github.com/da99/boxomojo,18791,boxomojo,https://github.com/da99/boxomojo,https://github.com/da99/boxomojo
github.com/mavenlink/brainstem-js,1486568,brainstem-js,,https://github.com/mavenlink/brainstem-js,18964,brainstem-js,http://github.com/mavenlink/brainstem-js,http://github.com/mavenlink/brainstem-js
github.com/bpscott/breakup,1488048,breakup-sass,https://github.com/bpscott/breakup,git://github.com/bpscott/breakup,19180,breakup,https://github.com/bpscott/breakup,https://github.com/bpscott/breakup
github.com/username/bridgetown-avatar,1489208,bridgetown-avatar,https://github.com/julianrubisch/bridgetown-avatar,git+https://github.com/username/bridgetown-avatar.git,19345,bridgetown-avatar,https://github.com/username/bridgetown-avatar,https://github.com/username/bridgetown-avatar
github.com/paramagicdev/bridgetown-plugin-tailwindcss,1489211,bridgetown-plugin-tailwindcss,https://www.bridgetownrb.com,git+https://github.com/paramagicdev/bridgetown-plugin-tailwindcss.git,19374,bridgetown-plugin-tailwindcss,https://github.com/paramagicdev/bridgetown-plugin-tailwindcss,https://github.com/paramagicdev/bridgetown-plugin-tailwindcss
github.com/bridgetownrb/bridgetown-quick-search,1489212,bridgetown-quick-search,https://www.bridgetownrb.com,git+https://github.com/bridgetownrb/bridgetown-quick-search.git,19376,bridgetown-quick-search,https://github.com/bridgetownrb/bridgetown-quick-search,https://github.com/bridgetownrb/bridgetown-quick-search
github.com/bridgetownrb/bridgetown-sample-plugin,1489213,bridgetown-sample-plugin,https://github.com/bridgetownrb/bridgetown-sample-plugin#readme,git+ssh://git@github.com/bridgetownrb/bridgetown-sample-plugin.git,19382,bridgetown-sample-plugin,https://github.com/bridgetownrb/bridgetown-sample-plugin,https://github.com/bridgetownrb/bridgetown-sample-plugin
github.com/syedmsawaid/bridgetown_writebook,1489215,bridgetown_writebook,https://github.com/syedmsawaid/bridgetown_writebook,git+https://github.com/syedmsawaid/bridgetown_writebook.git,19393,bridgetown_writebook,https://github.com/syedmsawaid/bridgetown_writebook,https://github.com/syedmsawaid/bridgetown_writebook
github.com/thirdtank/brut,1493760,brut-js,https://github.com/thirdtank/brut#readme,git+https://github.com/thirdtank/brut.git,19680,brut,https://brutrb.com,https://github.com/thirdtank/brut
github.com/heartyoh/bwip,1508277,bwip,https://github.com/heartyoh/bwip,https://github.com/heartyoh/bwip,20803,bwip,http://github.com/heartyoh/bwip,http://github.com/heartyoh/bwip
github.com/mendozagioo/cactu,1513826,cactu,http://cactu.site,git+https://github.com/mendozagioo/cactu.git,21182,cactu,http://cactu.site,https://github.com/mendozagioo/cactu
github.com/n1k0/casperjs,1530706,casperjs-semver,http://casperjs.org,git://github.com/n1k0/casperjs.git,24016,casperjs,http://casperjs.org/,https://github.com/n1k0/casperjs
github.com/crown-commercial-service/cmp-design-prototype,1535758,ccs-frontend-prototype,https://github.com/Crown-Commercial-Service/cmp-design-prototype/tree/master/ccs-fekit-extension,git+https://github.com/Crown-Commercial-Service/cmp-design-prototype.git,4736,agreement-design-prototype,https://github.com/Crown-Commercial-Service/cmp-design-prototype/agreement-design,https://github.com/Crown-Commercial-Service/cmp-design-prototype/agreement-design
github.com/djgrant/chameleon,1546803,chameleon-sass,https://github.com/djgrant/chameleon#readme,git://github.com/djgrant/chameleon.git,25110,chameleon-sass,https://github.com/djgrant/chameleon,https://github.com/djgrant/chameleon
github.com/alphahydrae/chessmonger,1555800,chessmonger,,git://github.com/AlphaHydrae/chessmonger.git,25944,chessmonger,http://github.com/AlphaHydrae/chessmonger,http://github.com/AlphaHydrae/chessmonger
github.com/rubinius/chrb,1559552,chrb,https://github.com/rubinius/chrb#README.md,git+https://github.com/rubinius/chrb.git,26340,chrb,https://github.com/rubinius/chrb,https://github.com/rubinius/chrb
github.com/johnalbin/chroma,1559963,chroma-sass,https://github.com/JohnAlbin/chroma,git://github.com/JohnAlbin/chroma.git,26408,chroma-sass,https://github.com/JohnAlbin/chroma,https://github.com/JohnAlbin/chroma
github.com/evgeniradev/ckeditor_wave,1569901,ckeditor_wave,https://github.com/evgeniradev/ckeditor_wave#readme,git+https://github.com/evgeniradev/ckeditor_wave.git,27096,ckeditor_wave,https://github.com/evgeniradev/ckeditor_wave,https://github.com/evgeniradev/ckeditor_wave
github.com/meodai/color-names,1600010,color-name-list,https://github.com/meodai/color-names#readme,git+https://github.com/meodai/color-names.git,29996,color-names,https://github.com/meodai/color-names,https://github.com/meodai/color-names
github.com/concisecss/concisecss,1616002,concisecss,https://github.com/ConciseCSS/concisecss#readme,git+https://github.com/ConciseCSS/concisecss.git,30917,concisecss,http://concisecss.com,https://github.com/ConciseCSS/concisecss
github.com/kyleshevlin/condo,1616603,condo-grids,https://github.com/kyleshevlin/condo#readme,git+ssh://git@github.com/kyleshevlin/condo.git,31004,condo_grids,https://github.com/kyleshevlin/condo,https://github.com/kyleshevlin/condo
github.com/limadelic/corals,1629543,corals,https://github.com/limadelic/corals#readme,git+https://github.com/limadelic/corals.git,32245,corals,https://github.com/limadelic/corals,https://github.com/limadelic/corals
github.com/pixieengine/cornerstone,1637482,cornerstone-js,,https://github.com/PixieEngine/Cornerstone.git,32362,cornerstone-source,https://github.com/PixieEngine/Cornerstone,https://github.com/PixieEngine/Cornerstone
github.com/cortex-cms/cortex,1638411,cortex-cms,https://github.com/cortex-cms/cortex,https://github.com/cortex-cms/cortex.git,32442,cortex,https://github.com/cortex-cms/cortex,https://github.com/cortex-cms/cortex
github.com/cortex-cms/cortex-plugins-core,1638432,cortex-plugins-core,https://github.com/cortex-cms/cortex-plugins-core,https://github.com/cortex-cms/cortex-plugins-core.git,32448,cortex-plugins-core,https://github.com/cortex-cms/cortex-plugins-core,https://github.com/cortex-cms/cortex-plugins-core
github.com/projecttacoma/cqm-models,1647850,cqm-models,https://github.com/projecttacoma/cqm-models#readme,git+https://github.com/projecttacoma/cqm-models.git,32972,cqm-models,https://github.com/projecttacoma/cqm-models,https://github.com/projecttacoma/cqm-models
github.com/creative-vancleaver/jvc_palindrome,1668079,creativevancleaver-palindrome,https://github.com/creative-vancleaver/jvc_palindrome#readme,git+https://github.com/creative-vancleaver/jvc_palindrome.git,84806,jvc_palindrome,https://github.com/creative-vancleaver/jvc_palindrome,https://github.com/creative-vancleaver/jvc_palindrome
github.com/stevenbarragan/croppable,1671000,croppable,https://github.com/stevenbarragan/croppable#readme,git+https://github.com/stevenbarragan/croppable.git,33470,croppable,https://rubygems.org/gems/croppable,https://github.com/stevenbarragan/croppable
github.com/andrewsouthpaw/crud-muffins,1672508,crud-muffins,https://github.com/AndrewSouthpaw/crud-muffins#readme,git+https://github.com/AndrewSouthpaw/crud-muffins.git,33620,crud-muffins-rails,https://github.com/AndrewSouthpaw/crud-muffins/tree/master/crud-muffins-rails,https://github.com/AndrewSouthpaw/crud-muffins
github.com/mitchellcash/crypticons,1673496,crypticons,https://github.com/mitchellcash/crypticons,git+https://github.com/mitchellcash/crypticons.git,80485,jekyll-crypticons,https://github.com/mitchellcash/crypticons,https://github.com/mitchellcash/crypticons
github.com/wealthsimple/cusip_style_luhn_mod_n,1686425,cusip_style_luhn_mod_n,https://github.com/wealthsimple/cusip_style_luhn_mod_n#readme,git+https://github.com/wealthsimple/cusip_style_luhn_mod_n.git,34872,cusip_style_luhn_mod_n,https://github.com/wealthsimple/cusip_style_luhn_mod_n,https://github.com/wealthsimple/cusip_style_luhn_mod_n
github.com/gryphon/custom_table,1689018,custom_table_rails,https://github.com/gryphon/custom_table,git://github.com/gryphon/custom_table.git,34971,custom_table,http://github.com/gryphon/custom_table,http://github.com/gryphon/custom_table
github.com/cyclist-grid/cyclist-grid,1693337,cyclist-grid,https://github.com/cyclist-grid/cyclist-grid,git+https://github.com/cyclist-grid/cyclist-grid.git,35183,cyclist-grid,https://github.com/cyclist-grid/cyclist-grid,https://github.com/cyclist-grid/cyclist-grid
github.com/shakacode/cypress-on-rails,1694530,cypress-on-rails,https://github.com/shakacode/cypress-on-rails#readme,git+https://github.com/shakacode/cypress-on-rails.git,35222,cypress-on-rails,http://github.com/shakacode/cypress-on-rails,http://github.com/shakacode/cypress-on-rails
github.com/ifad/data-confirm-modal,1706379,data-confirm-modal,https://github.com/ifad/data-confirm-modal#readme,git+https://github.com/ifad/data-confirm-modal.git,36282,data-confirm-modal,http://github.com/ifad/data-confirm-modal,http://github.com/ifad/data-confirm-modal
github.com/jonhue/devise-onesignal,1739865,devise-onesignal,https://github.com/jonhue/devise-onesignal#readme,git+https://github.com/jonhue/devise-onesignal.git,39214,devise-onesignal,https://github.com/jonhue/devise-onesignal,https://github.com/jonhue/devise-onesignal
github.com/ysmood/digto,1750806,digto,,github.com/ysmood/digto,39999,digto,https://github.com/ysmood/digto,https://github.com/ysmood/digto
github.com/carloscabo/dom-limpio,1771910,dom-limpio,https://github.com/carloscabo/dom-limpio#readme,git+https://github.com/carloscabo/dom-limpio.git,41804,dom_limpio,https://github.com/carloscabo/dom-limpio,https://github.com/carloscabo/dom-limpio
github.com/heartyoh/dou,1778053,dou,https://github.com/heartyoh/dou,https://github.com/heartyoh/dou.git,42276,dou-rails,http://github.com/heartyoh/dou,http://github.com/heartyoh/dou
github.com/gbarctester2/dpltest,1783851,dpltest,https://github.com/gbarctester2/dpltest#readme,git+https://github.com/gbarctester2/dpltest.git,42418,dpltest,https://github.com/gbarctester2/dpltest,https://github.com/gbarctester2/dpltest
github.com/martinandert/drugs,1789584,drugs,https://github.com/martinandert/drugs#readme,git+https://github.com/martinandert/drugs.git,42932,drugs,https://github.com/martinandert/drugs#readme,https://github.com/martinandert/drugs#readme
github.com/arbales/dry-observer,1789902,dry-observer,,git://github.com/arbales/dry-observer.git,43048,dry-observer-rails,https://github.com/arbales/dry-observer,https://github.com/arbales/dry-observer
github.com/dsmorse/gridster.js,1791419,dsmorse-gridster,https://dsmorse.github.io/gridster.js/,git://github.com/dsmorse/gridster.js.git,67123,gridster.js-rails,https://github.com/dsmorse/gridster.js,https://github.com/dsmorse/gridster.js
github.com/da99/duck_duck_duck,1799211,duck_duck_duck,,git://github.com/da99/duck_duck_duck.git,43330,duck_duck_duck,https://github.com/da99/duck_duck_duck,https://github.com/da99/duck_duck_duck
github.com/duostack/duostack-client,1801502,duostack,,git://github.com/duostack/duostack-client.git,43540,duostack,http://www.duostack.com/,https://github.com/duostack/duostack-client
github.com/liam-betsworth/dvla_internal_frontend_toolkit,1802898,dvla-internal-frontend-toolkit,https://dvla-internal-elements.herokuapp.com/,git+https://github.com/liam-betsworth/dvla_internal_frontend_toolkit.git,43675,dvla_internal_frontend_toolkit,https://github.com/liam-betsworth/dvla_internal_frontend_toolkit,https://github.com/liam-betsworth/dvla_internal_frontend_toolkit
github.com/eggheadio/egghead-styles,1824792,egghead-styles,https://github.com/eggheadio/egghead-styles#readme,git+https://github.com/eggheadio/egghead-styles.git,45325,egghead-styles,https://github.com/eggheadio/egghead-styles,https://github.com/eggheadio/egghead-styles
github.com/netguru/react_webpack_rails,3044963,react-webpack-rails-15,https://github.com/netguru/react_webpack_rails#readme,git+https://github.com/netguru/react_webpack_rails.git,133917,react_webpack_rails,https://github.com/netguru/react_webpack_rails,https://github.com/netguru/react_webpack_rails
github.com/heartsentwined/ember-auth,1840976,ember-auth,,https://github.com/heartsentwined/ember-auth,46225,ember-auth-source,https://github.com/heartsentwined/ember-auth,https://github.com/heartsentwined/ember-auth
github.com/heartsentwined/ember-auth-module-action-redirectable,1840979,ember-auth-module-action-redirectable,,https://github.com/heartsentwined/ember-auth-module-action-redirectable,46194,ember-auth-module-action_redirectable-source,https://github.com/heartsentwined/ember-auth-module-action-redirectable,https://github.com/heartsentwined/ember-auth-module-action-redirectable
github.com/heartsentwined/ember-auth-module-auth-redirectable,1840980,ember-auth-module-auth-redirectable,,https://github.com/heartsentwined/ember-auth-module-auth-redirectable,46196,ember-auth-module-auth_redirectable-source,https://github.com/heartsentwined/ember-auth-module-auth-redirectable,https://github.com/heartsentwined/ember-auth-module-auth-redirectable
github.com/heartsentwined/ember-auth-module-ember-data,1840981,ember-auth-module-ember-data,,https://github.com/heartsentwined/ember-auth-module-ember-data,46198,ember-auth-module-ember_data-source,https://github.com/heartsentwined/ember-auth-module-ember-data,https://github.com/heartsentwined/ember-auth-module-ember-data
github.com/heartsentwined/ember-auth-module-ember-model,1840982,ember-auth-module-ember-model,,https://github.com/heartsentwined/ember-auth-module-ember-model,46200,ember-auth-module-ember_model-source,https://github.com/heartsentwined/ember-auth-module-ember-model,https://github.com/heartsentwined/ember-auth-module-ember-model
github.com/heartsentwined/ember-auth-module-epf,1840983,ember-auth-module-epf,,https://github.com/heartsentwined/ember-auth-module-epf,46202,ember-auth-module-epf-source,https://github.com/heartsentwined/ember-auth-module-epf,https://github.com/heartsentwined/ember-auth-module-epf
github.com/heartsentwined/ember-auth-module-rememberable,1840984,ember-auth-module-rememberable,,https://github.com/heartsentwined/ember-auth-module-rememberable,46204,ember-auth-module-rememberable-source,https://github.com/heartsentwined/ember-auth-module-rememberable,https://github.com/heartsentwined/ember-auth-module-rememberable
github.com/heartsentwined/ember-auth-module-timeoutable,1840985,ember-auth-module-timeoutable,,https://github.com/heartsentwined/ember-auth-module-timeoutable,46206,ember-auth-module-timeoutable-source,https://github.com/heartsentwined/ember-auth-module-timeoutable,https://github.com/heartsentwined/ember-auth-module-timeoutable
github.com/heartsentwined/ember-auth-module-url-authenticatable,1840986,ember-auth-module-url-authenticatable,,https://github.com/heartsentwined/ember-auth-module-url-authenticatable,46208,ember-auth-module-url_authenticatable-source,https://github.com/heartsentwined/ember-auth-module-url-authenticatable,https://github.com/heartsentwined/ember-auth-module-url-authenticatable
github.com/heartsentwined/ember-auth-request-dummy,1840987,ember-auth-request-dummy,,https://github.com/heartsentwined/ember-auth-request-dummy,46212,ember-auth-request-dummy-source,https://github.com/heartsentwined/ember-auth-request-dummy,https://github.com/heartsentwined/ember-auth-request-dummy
github.com/heartsentwined/ember-auth-request-jquery,1840988,ember-auth-request-jquery,,https://github.com/heartsentwined/ember-auth-request-jquery,46214,ember-auth-request-jquery-source,https://github.com/heartsentwined/ember-auth-request-jquery,https://github.com/heartsentwined/ember-auth-request-jquery
github.com/heartsentwined/ember-auth-response-dummy,1840989,ember-auth-response-dummy,,https://github.com/heartsentwined/ember-auth-response-dummy,46216,ember-auth-response-dummy-source,https://github.com/heartsentwined/ember-auth-response-dummy,https://github.com/heartsentwined/ember-auth-response-dummy
github.com/heartsentwined/ember-auth-response-json,1840990,ember-auth-response-json,,https://github.com/heartsentwined/ember-auth-response-json,46218,ember-auth-response-json-source,https://github.com/heartsentwined/ember-auth-response-json,https://github.com/heartsentwined/ember-auth-response-json
github.com/heartsentwined/ember-auth-session-cookie,1840991,ember-auth-session-cookie,,https://github.com/heartsentwined/ember-auth-session-cookie,46220,ember-auth-session-cookie-source,https://github.com/heartsentwined/ember-auth-session-cookie,https://github.com/heartsentwined/ember-auth-session-cookie
github.com/heartsentwined/ember-auth-session-dummy,1840992,ember-auth-session-dummy,,https://github.com/heartsentwined/ember-auth-session-dummy,46222,ember-auth-session-dummy-source,https://github.com/heartsentwined/ember-auth-session-dummy,https://github.com/heartsentwined/ember-auth-session-dummy
github.com/heartsentwined/ember-auth-session-local-storage,1840993,ember-auth-session-local-storage,,https://github.com/heartsentwined/ember-auth-session-local-storage,46224,ember-auth-session-local_storage-source,https://github.com/heartsentwined/ember-auth-session-local-storage,https://github.com/heartsentwined/ember-auth-session-local-storage
github.com/heartsentwined/ember-auth-strategy-dummy,1840994,ember-auth-strategy-dummy,,https://github.com/heartsentwined/ember-auth-strategy-dummy,46227,ember-auth-strategy-dummy-source,https://github.com/heartsentwined/ember-auth-strategy-dummy,https://github.com/heartsentwined/ember-auth-strategy-dummy
github.com/heartsentwined/ember-auth-strategy-token,1840995,ember-auth-strategy-token,,https://github.com/heartsentwined/ember-auth-strategy-token,46229,ember-auth-strategy-token-source,https://github.com/heartsentwined/ember-auth-strategy-token,https://github.com/heartsentwined/ember-auth-strategy-token
github.com/ghempton/ember-script,1845761,ember-script,,git://github.com/ghempton/ember-script.git,46288,ember_script-source,https://github.com/ghempton/ember-script/,https://github.com/ghempton/ember-script/
github.com/machty/emblem.js,1846726,emblem,http://www.emblemjs.com/,git://github.com/machty/emblem.js.git,46304,emblem-source,https://github.com/machty/emblem.js/,https://github.com/machty/emblem.js/
github.com/eno-lang/enolib,1855384,enolib,https://eno-lang.org/enolib/,git+https://github.com/eno-lang/enolib.git,47454,enolib,https://eno-lang.org/enolib/,https://github.com/eno-lang/enolib/
github.com/eno-lang/enotype,1855475,enotype,https://eno-lang.org/enotype/,git+https://github.com/eno-lang/enotype.git,47464,enotype,https://eno-lang.org/enotype/,https://github.com/eno-lang/enotype/
github.com/grouptalent/epf,1860044,epf,,https://github.com/GroupTalent/epf.git,47953,epf-source,https://github.com/GroupTalent/epf,https://github.com/GroupTalent/epf
github.com/da99/escape_escape_escape,1868635,escape_escape_escape,,git://github.com/da99/escape_escape_escape.git,48461,escape_escape_escape,https://github.com/da99/escape_escape_escape,https://github.com/da99/escape_escape_escape
github.com/constellation/escodegen,1868731,escodegen-evanw,,http://github.com/Constellation/escodegen.git,48477,escodegen,https://github.com/Constellation/escodegen,https://github.com/Constellation/escodegen
github.com/cacheventures/code-style,1870856,eslint-config-cache-ventures,https://github.com/cacheventures/code-style,git+https://github.com/cacheventures/code-style.git,142270,rubocop-cache-ventures,https://github.com/cacheventures/code-style,https://github.com/cacheventures/code-style
github.com/mavenlink/mavenlint,1882188,eslint-plugin-mavenlint,,https://github.com/mavenlink/mavenlint.git,97522,mavenlint,https://github.com/mavenlink/mavenlint,https://github.com/mavenlink/mavenlint
github.com/opennebula/one,2780650,opennebula-wmks,https://github.com/OpenNebula/one#readme,git+ssh://git@github.com/OpenNebula/one.git,114984,opennebula-oca,http://opennebula.org,https://github.com/OpenNebula/one
github.com/umbrellio/code-style,3298970,stylelint-config-umbrellio,https://github.com/umbrellio/code-style#readme,git+https://github.com/umbrellio/code-style.git,142295,rubocop-config-umbrellio,https://github.com/umbrellio/code-style,https://github.com/umbrellio/code-style
github.com/raesene/test_libs,3100561,rmm_eicar_test,https://github.com/raesene/test_libs,https://github.com/raesene/test_libs,139223,rmmtest1,https://github.com/raesene/test_libs,https://github.com/raesene/test_libs
github.com/geoblacklight/geoblacklight,1897695,ewlarson-geoblacklight-frontend,https://github.com/geoblacklight/geoblacklight#readme,git+https://github.com/geoblacklight/geoblacklight.git,61218,geoblacklight,http://github.com/geoblacklight/geoblacklight,http://github.com/geoblacklight/geoblacklight
github.com/llskin/rubyfacialmassage,1920564,facialmassage,https://www.llskin.jp/,git+https://github.com/llskin/rubyfacialmassage,143517,ruby_facial_massage,https://www.llskin.jp/,https://github.com/llskin/rubyfacialmassage/
github.com/sshaw/file_groups,1948213,file-groups,https://github.com/sshaw/file_groups/tree/master/js#readme,git+https://github.com/sshaw/file_groups.git,53644,file_groups,https://github.com/sshaw/file_groups/tree/master/ruby,https://github.com/sshaw/file_groups
github.com/lucatironi/flatstrap-sass,1965291,flatstrap-sass,https://github.com/lucatironi/flatstrap-sass,git://github.com/lucatironi/flatstrap-sass.git,54889,flatstrap-sass,http://github.com/lucatironi/flatstrap-sass,http://github.com/lucatironi/flatstrap-sass
github.com/arthurmolina/fluxbit_view_components,1972025,fluxbit-view-components,https://github.com/arthurmolina/fluxbit_view_components#readme,git+ssh://git@github.com/arthurmolina/fluxbit_view_components.git,56793,fluxbit_view_components,https://github.com/arthurmolina/fluxbit_view_components,https://github.com/arthurmolina/fluxbit_view_components
github.com/joelmoss/frails,1987054,frails,,git@github.com:joelmoss/frails.git,58250,frails,https://github.com/joelmoss/frails,https://github.com/joelmoss/frails
github.com/filipelinhares/funkcss,1999639,funkcss,https://github.com/filipelinhares/funkcss#readme,git+https://github.com/filipelinhares/funkcss.git,59149,funkcss,https://github.com/filipelinhares/funkcss,https://github.com/filipelinhares/funkcss
github.com/pghalliday/gh-pages-travis,2047477,gh-pages-travis,https://github.com/pghalliday/gh-pages-travis,git+https://github.com/pghalliday/gh-pages-travis.git,61979,gh-pages-travis,https://github.com/pghalliday/gh-pages-travis,https://github.com/pghalliday/gh-pages-travis
github.com/wincent/git-cipher,2052306,git-cipher,https://github.com/wincent/git-cipher#readme,git+https://github.com/wincent/git-cipher.git,62399,git-cipher,https://github.com/wincent/git-cipher,https://github.com/wincent/git-cipher
github.com/scalafiddle/scalafiddle-core,2056777,gitbook-plugin-scalafiddle,https://github.com/scalafiddle/scalafiddle-core/integrations/gitbook,git+https://github.com/scalafiddle/scalafiddle-core.git,81216,jekyll-scalafiddle,https://github.com/scalafiddle/scalafiddle-core/tree/master/integrations/jekyll,https://github.com/scalafiddle/scalafiddle-core/tree/master/integrations/jekyll
github.com/isaacjosephhorton/github-uikit,2059152,github-uikit,https://github.com/isaacjosephhorton/github-uikit#readme,git+https://github.com/isaacjosephhorton/github-uikit.git,62815,github-uikit,https://github.com/isaacjosephhorton/github-uikit,https://github.com/isaacjosephhorton/github-uikit
github.com/aphyr/riemann-dash,2068840,godot-dash,,git://github.com/aphyr/riemann-dash.git,100735,mindreframer-riemann-dash,https://github.com/aphyr/riemann-dash,https://github.com/aphyr/riemann-dash
github.com/olivierbossel/gridle,2084745,gridle,https://github.com/olivierbossel/gridle#readme,git+ssh://git@github.com/olivierbossel/gridle.git,67099,gridle-rails,https://github.com/olivierbossel/gridle,https://github.com/olivierbossel/gridle
github.com/program-ar/gs-element-blockly,2095389,gs-element-blockly,https://github.com/program-ar/gs-element-blockly#readme,git+https://github.com/program-ar/gs-element-blockly.git,64059,gobstones-blockly,https://github.com/Program-AR/gs-element-blockly,https://github.com/Program-AR/gs-element-blockly
github.com/egeeio/gsd-cli,2095758,gsd-cli,https://github.com/Egeeio/gsd-cli#readme,git+https://github.com/Egeeio/gsd-cli.git,67546,gsd-cli,https://github.com/Egeeio/gsd-cli,https://github.com/Egeeio/gsd-cli
github.com/powa/gtin,2096890,gtin.js,https://github.com/powa/gtin,git+https://github.com/powa/gtin.git,67648,gtin.rb,https://github.com/powa/gtin,https://github.com/powa/gtin
github.com/amireh/happybara,2124176,happybara-timers,https://github.com/amireh/happybara#readme,git+https://github.com/amireh/happybara.git,69101,happybara,https://github.com/amireh/happybara,https://github.com/amireh/happybara
github.com/guzart/hauler,2128912,hauler,https://github.com/guzart/hauler#readme,git+https://github.com/guzart/hauler.git,70005,hauler,https://github.com/guzart/hauler,https://github.com/guzart/hauler
github.com/insiting/headmin,2132447,headmin,https://github.com/insiting/headmin#readme,git+https://github.com/insiting/headmin.git,70205,headmin,https://github.com/insiting/headmin,https://github.com/insiting/headmin
github.com/superjova/helio,2135039,helio-sass,https://github.com/superjova/helio#readme,git://github.com/superjova/helio.git,70432,helio,https://github.com/superjova/helio,https://github.com/superjova/helio
github.com/marcoroth/herbst,2141529,herbst,,https://github.com/marcoroth/herbst,70851,herbst,https://github.com/marcoroth/herbst,https://github.com/marcoroth/herbst
github.com/argosity/hippo,2151309,hippo-fw,https://github.com/argosity/hippo#readme,git+https://github.com/argosity/hippo.git,71558,hippo-fw,https://github.com/argosity/hippo,https://github.com/argosity/hippo
github.com/structural/hippodrome,2151329,hippodrome,https://github.com/Structural/hippodrome,git://github.com/Structural/hippodrome.git,71556,hippodrome,https://github.com/Structural/hippodrome,https://github.com/Structural/hippodrome
github.com/agileapplications/i18n_screwdriver,2192766,i18n-screwdriver,https://github.com/agileapplications/i18n_screwdriver#readme,git+https://github.com/agileapplications/i18n_screwdriver.git,75040,i18n_screwdriver,https://github.com/agileapplications/i18n_screwdriver,https://github.com/agileapplications/i18n_screwdriver
github.com/igsr5/portfolio,2204059,igsr5-portfolio-proto,https://github.com/igsr5/portfolio#readme,git+https://github.com/igsr5/portfolio.git,75786,igsr5-portfolio-proto,https://github.com/igsr5/portfolio,https://github.com/igsr5/portfolio
github.com/heartyoh/infogra,2223572,infogra,https://github.com/heartyoh/infogra,https://github.com/heartyoh/infogra.git,76765,infogra,http://github.com/heartyoh/infogra,http://github.com/heartyoh/infogra
github.com/interscript/interscript,2234496,interscript,https://github.com/interscript/interscript#readme,git+ssh://git@github.com/interscript/interscript.git,77666,interscript,https://www.interscript.com,https://github.com/interscript/interscript
github.com/abd3lraouf/jekyll-theme-abd3lraouf,2273263,jekyll-theme-abd3lraouf,https://github.com/abd3lraouf/jekyll-theme-abd3lraouf#readme,git+https://github.com/abd3lraouf/jekyll-theme-abd3lraouf.git,81358,jekyll-theme-abd3lraouf,https://abd3lraouf.dev,https://github.com/abd3lraouf/jekyll-theme-abd3lraouf
github.com/pirati-web/jekyll-theme-pirati,2273267,jekyll-theme-pirati,https://github.com/pirati-web/jekyll-theme-pirati#readme,git+https://github.com/pirati-web/jekyll-theme-pirati.git,81655,jekyll-theme-pirati,https://github.com/pirati-web/jekyll-theme-pirati#readme,https://github.com/pirati-web/jekyll-theme-pirati#readme
github.com/vrocky/jekyll-maths-latex-to-image,2277086,jeykll-maths-latex-to-image-node-support,https://github.com/vrocky/jekyll-maths-latex-to-image#readme,git+https://github.com/vrocky/jekyll-maths-latex-to-image.git,80906,jekyll-maths-latex-to-image,https://rubygems.org/gems/jekyll-maths-latex-to-image,https://github.com/vrocky/jekyll-maths-latex-to-image
github.com/jeffsu/js2,2301190,js2,,git://github.com/jeffsu/js2.git,83643,js2,http://jeffsu.github.com/js2,http://github.com/jeffsu/js2
github.com/sonicdoe/jsonfeed-schema,2309178,jsonfeed-schema,https://github.com/sonicdoe/jsonfeed-schema#readme,git+https://github.com/sonicdoe/jsonfeed-schema.git,84033,jsonfeed-schema,https://github.com/sonicdoe/jsonfeed-schema,https://github.com/sonicdoe/jsonfeed-schema
github.com/maccman/juggernaut,2314868,juggernaut,,git://github.com/maccman/juggernaut.git,84519,juggernaut,http://github.com/maccman/juggernaut,http://github.com/maccman/juggernaut
github.com/yankov/juggernaut-kafka,2314872,juggernaut-kafka,,git://github.com/yankov/juggernaut-kafka.git,84520,juggernaut-kafka,http://github.com/yankov/juggernaut-kafka,http://github.com/yankov/juggernaut-kafka
github.com/samsonjs/kwikemon,2372372,kwikemon,,https://github.com/samsonjs/kwikemon,88179,kwikemon,https://github.com/samsonjs/kwikemon,https://github.com/samsonjs/kwikemon
github.com/oliverwehn/layout-tools-for-susy,2385876,layout-tools-for-susy,https://github.com/oliverwehn/layout-tools-for-susy,git+ssh://git@github.com/oliverwehn/layout-tools-for-susy.git,89008,layout-tools-for-susy,https://github.com/oliverwehn/layout-tools-for-susy,https://github.com/oliverwehn/layout-tools-for-susy
github.com/mappy/leaflet-active-area,2390190,leaflet-active-area,https://github.com/Mappy/Leaflet-active-area#readme,git+ssh://git@github.com/Mappy/Leaflet-active-area.git,89280,leaflet-active-area-rails,https://github.com/Mappy/Leaflet-active-area,https://github.com/Mappy/Leaflet-active-area
github.com/mlevans/leaflet-hash,2390474,leaflet-hash,,https://github.com/mlevans/leaflet-hash.git,89289,leaflet-hash-rails,https://github.com/mlevans/leaflet-hash,https://github.com/mlevans/leaflet-hash
github.com/snugug/letterform-shades,2399231,letterform-shades,https://github.com/Snugug/letterform-shades#readme,git+https://github.com/Snugug/letterform-shades.git,89815,letterform-shades,https://github.com/snugug/letterform-shades,https://github.com/snugug/letterform-shades
github.com/buhrmi/livestores,2427877,livestores,https://github.com/buhrmi/livestores#readme,git+https://github.com/buhrmi/livestores.git,91974,livestores,https://github.com/buhrmi/livestores,https://github.com/buhrmi/livestores
github.com/akxcv/logalize,2438751,logalize,https://github.com/akxcv/logalize#readme,git+https://github.com/akxcv/logalize.git,92567,logalize,https://github.com/akxcv/logalize,https://github.com/akxcv/logalize
github.com/sonniesedge/loom,2445010,loomcss,https://github.com/sonniesedge/loom#readme,git+https://github.com/sonniesedge/loom.git,94044,loomcss,https://github.com/sonniesedge/loom,https://github.com/sonniesedge/loom
github.com/adiwg/mdcodes,2506619,mdcodes,https://github.com/adiwg/mdCodes,git+https://github.com/adiwg/mdCodes.git,3947,adiwg-mdcodes,https://github.com/adiwg/mdCodes,https://github.com/adiwg/mdCodes
github.com/adiwg/mdjson-schemas,2506972,mdjson-schemas,https://github.com/adiwg/mdJson-schemas#readme,git+https://github.com/adiwg/mdJson-schemas.git,3948,adiwg-mdjson_schemas,https://github.com/adiwg/mdJson-schemas,https://github.com/adiwg/mdJson-schemas
github.com/ygt/microservice-logging,2529361,microservice-logging,https://github.com/ygt/microservice-logging#readme,git+https://github.com/ygt/microservice-logging.git,99872,microservice_logging,https://github.com/ygt/microservice-logging/,https://github.com/ygt/microservice-logging/
github.com/moonmaster9000/mix.coffee,2543602,mix,,git://github.com/moonmaster9000/mix.coffee.git,101676,mix,http://github.com/moonmaster9000/mix.coffee,http://github.com/moonmaster9000/mix.coffee
github.com/rubinius/mkrb,2546338,mkrb,https://github.com/rubinius/mkrb#README.md,git+https://github.com/rubinius/mkrb.git,101855,mkrb,https://github.com/rubinius/mkrb,https://github.com/rubinius/mkrb
github.com/jonhue/modalist,2554310,modalist,https://jonhue.me/repos/modalist,git+https://github.com/jonhue/modalist.git,102394,modalist,https://github.com/jonhue/modalist-rails,https://github.com/jonhue/modalist
github.com/danielguillan/modernizr-mixin,2555640,modernizr-mixin,https://github.com/danielguillan/modernizr-mixin#readme,git+https://github.com/danielguillan/modernizr-mixin.git,102534,modernizr-mixin,https://github.com/danielguillan/modernizr-mixin,https://github.com/danielguillan/modernizr-mixin
github.com/cionescu/moonshot-rails,2570611,moonshot-rails,https://github.com/cionescu/moonshot-rails#readme,git+ssh://git@github.com/cionescu/moonshot-rails.git,103938,moonshot-rails,https://github.com/cionescu/moonshot-rails,https://github.com/cionescu/moonshot-rails
github.com/jonsuh/mq-sass,2577474,mq-sass,https://github.com/jonsuh/mq-sass,git+https://github.com/jonsuh/mq-sass.git,104753,mq-sass,https://github.com/jonsuh/mq-sass,https://github.com/jonsuh/mq-sass
github.com/entwicklerstube/mvg-cli,2592646,mvg-cli,https://github.com/entwicklerstube/mvg-cli#readme,git+https://github.com/entwicklerstube/mvg-cli.git,105944,mvg,https://rubygems.org/gems/mvg,https://github.com/entwicklerstube/mvg-cli
github.com/attaradev/nats-pubsub,2630593,nats-pubsub,https://github.com/attaradev/nats-pubsub#readme,git+https://github.com/attaradev/nats-pubsub.git,107461,nats_pubsub,https://github.com/attaradev/nats-pubsub,https://github.com/attaradev/nats-pubsub
github.com/kgcreative/neat-omega,2635604,neat-omega,https://github.com/kgcreative/neat-omega,git+https://github.com/kgcreative/neat-omega.git,107775,neat-omega,https://github.com/kgcreative/neat-omega,https://github.com/kgcreative/neat-omega
github.com/appendto/amplify,3192242,shimney-amplify,http://amplifyjs.com/,git://github.com/appendto/amplify.git,6410,amplify,http://amplifyjs.com,https://github.com/appendto/amplify
github.com/biossun/nojiko,2715231,nojiko,https://github.com/BiosSun/nojiko,git+https://github.com/BiosSun/nojiko.git,109869,nojiko,https://github.com/BiosSun/nojiko,https://github.com/BiosSun/nojiko
github.com/jalyna/oakdex-pokedex,2753170,oakdex-pokedex,https://github.com/jalyna/oakdex-pokedex#readme,git+https://github.com/jalyna/oakdex-pokedex.git,111288,oakdex-pokedex,http://github.com/jalyna/oakdex-pokedex,https://github.com/jalyna/oakdex-pokedex
github.com/himerus/omegags,2770773,omegags,https://github.com/himerus/omegags,git://github.com/himerus/omegags.git,112489,omegags,https://github.com/himerus/omegags,https://github.com/himerus/omegags
github.com/jonhue/onsignal,2775727,onsignal,https://github.com/jonhue/onsignal#readme,git+https://github.com/jonhue/onsignal.git,114294,onsignal,https://github.com/jonhue/onsignal,https://github.com/jonhue/onsignal
github.com/rosenfeld/oojspec,2776265,oojspec,,https://github.com/rosenfeld/oojspec.git,114395,oojspec,http://github.com/rosenfeld/oojspec,http://github.com/rosenfeld/oojspec
github.com/ownyourdata/oydid,2796234,oydid-did-resolver,https://github.com/OwnYourData/oydid#readme,git+ssh://git@github.com/OwnYourData/oydid.git,116617,oydid,http://github.com/ownyourdata/oydid,http://github.com/ownyourdata/oydid/tree/main/ruby-gem
github.com/brousalis/peteshow,2833383,peteshow,http://github.com/brousalis/peteshow/,https://github.com/brousalis/peteshow,119992,peteshow,http://github.com/brousalis/peteshow/,http://github.com/brousalis/peteshow/
github.com/ombr/photolayout,2838840,photolayout,https://github.com/ombr/photolayout#readme,git+https://github.com/ombr/photolayout.git,120678,photolayout,https://github.com/ombr/photolayout,https://github.com/ombr/photolayout
github.com/piecss/piecss,2841970,piecss,https://github.com/piecss/piecss,git+ssh://git@github.com/piecss/piecss.git,120944,piecss,https://github.com/piecss/piecss,https://github.com/piecss/piecss
github.com/jcaru/pigman,2842597,pigman,https://github.com/jcaru/pigman#readme,git+https://github.com/jcaru/pigman.git,121012,pigman,https://github.com/jcaru/pigman,https://github.com/jcaru/pigman
github.com/pijaz/pijaz-sdk,2842746,pijaz-sdk,http://developer.pijaz.com/,git://github.com/pijaz/pijaz-sdk.git,121028,pijaz-sdk,https://github.com/pijaz/pijaz-sdk,https://github.com/pijaz/pijaz-sdk
github.com/peopledata/ppldid,2876881,ppld-did-resolver,https://github.com/peopledata/ppldid#readme,git+ssh://git@github.com/peopledata/ppldid.git,123449,ppldid,http://github.com/peopledata/ppldid,http://github.com/peopledata/ppldid/tree/main/ruby-gem
github.com/igsr5/protosum,2902074,protosum-npm,https://github.com/igsr5/protosum#readme,git+https://github.com/igsr5/protosum.git,125137,protosum2,https://github.com/igsr5/protosum,https://github.com/igsr5/protosum
github.com/the-teacher/protozaur,2902194,protozaur,https://github.com/the-teacher/protozaur#readme,git+https://github.com/the-teacher/protozaur.git,125149,protozaur,http://github.com/the-teacher/protozaur,http://github.com/the-teacher/protozaur
github.com/andytson/proxyreverse,2903984,proxyreverse,https://github.com/andytson/proxyreverse,git://github.com/andytson/proxyreverse.git,125273,proxyreverse,http://github.com/andytson/proxyreverse,https://github.com/andytson/proxyreverse
github.com/jomy10/pufferfish,2909415,pufferfish-html,https://github.com/Jomy10/pufferfish#readme,git+https://github.com/Jomy10/pufferfish.git,125771,pufferfish,https://github.com/jomy10/pufferfish,https://github.com/jomy10/pufferfish
github.com/rubysamurai/purecss-sass,2913114,purecss-sass,https://github.com/rubysamurai/purecss-sass,git+https://github.com/rubysamurai/purecss-sass.git,126266,purecss-sass,https://github.com/rubysamurai/purecss-sass,https://github.com/rubysamurai/purecss-sass
github.com/pusher/chameleon,2914065,pusher-chameleon,https://github.com/pusher/chameleon#readme,git+https://github.com/pusher/chameleon.git,126377,pusher-chameleon,https://github.com/pusher/chameleon,https://github.com/pusher/chameleon
github.com/jonhue/pwa,2917493,pwa-rails,https://jonhue.me/repos/progressive-web-apps-for-rails,git+https://github.com/jonhue/pwa.git,126550,pwa,https://github.com/jonhue/pwa,https://github.com/jonhue/pwa
github.com/danielguillan/quantity-queries,2932592,quantity-queries,https://github.com/danielguillan/quantity-queries#readme,https://github.com/danielguillan/quantity-queries.git,127169,quantity-queries,https://github.com/danielguillan/quantity-queries,https://github.com/danielguillan/quantity-queries
github.com/benaubin/rails-collab,2946752,rails-collab,https://github.com/benaubin/rails-collab#readme,git+ssh://git@github.com/benaubin/rails-collab.git,29774,collab,https://github.com/benaubin/rails-collab,https://github.com/benaubin/rails-collab
github.com/njjkgeerts/rails-react-views,2946783,rails-react-views,https://github.com/njjkgeerts/rails-react-views#readme,git+https://github.com/njjkgeerts/rails-react-views.git,131303,rails-react-views,https://rubygems.org/gems/rails-react-views,https://github.com/njjkgeerts/rails-react-views
github.com/rakshithaevangeline/rakshitha-palindrome,2948048,rakshithaevangeline-palindrome,https://github.com/rakshithaevangeline/rakshitha-palindrome#readme,git+https://github.com/rakshithaevangeline/rakshitha-palindrome.git,132030,rakshitha_palindrome,https://github.com/rakshithaevangeline/rakshitha-palindrome,https://github.com/rakshithaevangeline/rakshitha-palindrome
github.com/robenkleene/raster,2956082,raster-grid,https://github.com/robenkleene/raster,git+https://github.com/robenkleene/raster.git,132623,raster,https://github.com/robenkleene/raster.git,https://github.com/robenkleene/raster.git
github.com/flipsasser/ravioli,2957274,ravioli,,git@github.com:flipsasser/ravioli.git,132775,ravioli,https://github.com/flipsasser/ravioli,https://github.com/flipsasser/ravioli
github.com/wszeborowskimateusz/react-for-rails,2979933,react-for-rails,https://github.com/wszeborowskimateusz/react-for-rails#readme,git+https://github.com/wszeborowskimateusz/react-for-rails.git,133843,react_for_rails,https://github.com/wszeborowskimateusz/react-for-rails,https://github.com/wszeborowskimateusz/react-for-rails
github.com/shakacode/react_on_rails,3046850,react_on_rails,https://github.com/shakacode/react_on_rails#readme,git+https://github.com/shakacode/react_on_rails.git,133884,react_on_rails,https://github.com/shakacode/react_on_rails,https://github.com/shakacode/react_on_rails/
github.com/marcoroth/reactionview,3047548,reactionview,,https://github.com/marcoroth/reactionview,133851,reactionview,https://reactionview.dev,https://github.com/marcoroth/reactionview
github.com/fernandes/reativo,3052773,reativo,https://github.com/fernandes/reativo#readme,git+https://github.com/fernandes/reativo.git,134131,reativo,https://github.com/fernandes/reativo,https://github.com/fernandes/reativo
github.com/hopsoft/reflex_behaviors,3064026,reflex_behaviors,,https://github.com/hopsoft/reflex_behaviors,135493,reflex_behaviors,https://github.com/hopsoft/reflex_behaviors,https://github.com/hopsoft/reflex_behaviors
github.com/tyler-murphy/require-from-drive,3077708,require-from-drive,https://github.com/Tyler-Murphy/require-from-drive#readme,git+https://github.com/Tyler-Murphy/require-from-drive.git,136622,require_from_drive,https://github.com/Tyler-Murphy/require-from-drive,https://github.com/Tyler-Murphy/require-from-drive
github.com/ringflow-com/ringflow,3095930,ringflow,https://www.ringflow.com,git+https://github.com/Ringflow-com/ringflow.git,138560,ringflow,https://www.ringflow.com,https://github.com/Ringflow-com/ringflow
github.com/hybridgroup/robeaux,3105076,robeaux,http://robeaux.io,git+https://github.com/hybridgroup/robeaux.git,139363,robeaux,https://github.com/hybridgroup/robeaux,https://github.com/hybridgroup/robeaux
github.com/hybridgroup/roboux,3105913,roboux,http://cylonjs.com,https://github.com/hybridgroup/roboux,139466,roboux,https://github.com/hybridgroup/roboux,https://github.com/hybridgroup/roboux
github.com/jackdoe/rochefort,3106231,rochefort,https://github.com/jackdoe/rochefort#readme,git+https://github.com/jackdoe/rochefort.git,139514,rochefort,https://github.com/jackdoe/rochefort,https://github.com/jackdoe/rochefort
github.com/ravidsrk/room-cli,3111653,room-cli,https://github.com/ravidsrk/room-cli#readme,git+https://github.com/ravidsrk/room-cli.git,140157,room-cli,https://github.com/ravidsrk/room-cli,https://github.com/ravidsrk/room-cli
github.com/khiav223577/roulette-wheel-selection,3113339,roulette-wheel-selection,https://github.com/khiav223577/roulette-wheel-selection#readme,git+https://github.com/khiav223577/roulette-wheel-selection.git,140364,roulette-wheel-selection,https://github.com/khiav223577/roulette-wheel-selection,https://github.com/khiav223577/roulette-wheel-selection
github.com/netguru/rwr-redux,3125501,rwr-redux,https://github.com/netguru/rwr-redux,git+https://github.com/netguru/rwr-redux.git,146057,rwr-redux,https://github.com/netguru/rwr-redux,https://github.com/netguru/rwr-redux
github.com/netguru/rwr-alt,3125498,rwr-alt,https://github.com/netguru/rwr-alt,git+https://github.com/netguru/rwr-alt.git,146054,rwr-alt,https://github.com/netguru/rwr-alt,https://github.com/netguru/rwr-alt
github.com/netguru/rwr-view_helpers,3125502,rwr-view-helpers,https://github.com/netguru/rwr-view_helpers,git+https://github.com/netguru/rwr-view_helpers.git,146058,rwr-view_helpers,https://github.com/netguru/rwr-view_helpers,https://github.com/netguru/rwr-view_helpers
github.com/s6kpay/s6kpay-sdks,3129491,s6kpay-client,https://github.com/s6kpay/s6kpay-sdks#readme,git+https://github.com/s6kpay/s6kpay-sdks.git,146389,s6kpay-client,https://github.com/s6kpay/s6kpay-sdks,https://github.com/s6kpay/s6kpay-sdks
github.com/yoannisj/sass-aleksi,3145381,sass-aleksi,https://github.com/yoannisj/aleksi,git+https://github.com/yoannisj/sass-aleksi.git,147280,sass-aleksi,https://github.com/yoannisj/sass-aleksi,https://github.com/yoannisj/sass-aleksi
github.com/voxpelli/sass-color-helpers,3145464,sass-color-helpers,https://github.com/voxpelli/sass-color-helpers,git://github.com/voxpelli/sass-color-helpers.git,147300,sass-color-helpers,https://github.com/voxpelli/sass-color-helpers,https://github.com/voxpelli/sass-color-helpers
github.com/lunelson/sass-list-maps,3145679,sass-list-maps,https://github.com/lunelson/sass-list-maps,git://github.com/lunelson/sass-list-maps.git,147334,sass-list-maps,https://github.com/lunelson/sass-list-maps,https://github.com/lunelson/sass-list-maps
github.com/lazaronixon/sass-zero,3146047,sass-zero,https://github.com/lazaronixon/sass-zero,git+https://github.com/lazaronixon/sass-zero.git,147405,sass-zero,http://github.com/lazaronixon/sass-zero,http://github.com/lazaronixon/sass-zero
github.com/hugogiraudel/sassystrings,3146273,sassy-strings,https://github.com/HugoGiraudel/SassyStrings,git+https://github.com/HugoGiraudel/SassyStrings.git,147402,SassyStrings,https://github.com/HugoGiraudel/SassyStrings,https://github.com/HugoGiraudel/SassyStrings
github.com/hugogiraudel/sassybitwise,3146278,sassybitwise,https://github.com/HugoGiraudel/SassyBitwise,git+https://github.com/HugoGiraudel/SassyBitwise.git,147376,SassyBitwise,http://github.com/HugoGiraudel/SassyBitwise,http://github.com/HugoGiraudel/SassyBitwise
github.com/pascalduez/sassyicons,3146283,sassyicons,https://github.com/pascalduez/SassyIcons,git://github.com/pascalduez/SassyIcons.git,147387,SassyIcons,http://github.com/pascalduez/SassyIcons,http://github.com/pascalduez/SassyIcons
github.com/hugogiraudel/sassyjson,3146284,sassyjson,https://github.com/HugoGiraudel/SassyJSON,https://github.com/HugoGiraudel/SassyJSON,147389,SassyJSON,https://github.com/HugoGiraudel/SassyJSON/,https://github.com/HugoGiraudel/SassyJSON/
github.com/ownyourdata/semcon,3169671,semcon,https://github.com/OwnYourData/semcon#readme,git+ssh://git@github.com/OwnYourData/semcon.git,149761,semcon,http://github.com/ownyourdata/semcon,http://github.com/ownyourdata/semcon/tree/main/ruby-gem
github.com/logandk/serverless-rack,3177869,serverless-rack,https://github.com/logandk/serverless-rack#readme,git+https://github.com/logandk/serverless-rack.git,150947,serverless-rack,https://github.com/logandk/serverless-rack,https://github.com/logandk/serverless-rack
github.com/iheanyi/shadcn-rails,3184379,shadcn-rails-stimulus,https://github.com/iheanyi/shadcn-rails#readme,git+https://github.com/iheanyi/shadcn-rails.git,151505,shadcn-rails,https://github.com/iheanyi/shadcn-rails,https://github.com/iheanyi/shadcn-rails
github.com/cionescu/shepherd-rails,3190939,shepherd-rails,https://github.com/cionescu/shepherd-rails#readme,git+ssh://git@github.com/cionescu/shepherd-rails.git,151893,shepherd-rails,https://github.com/cionescu/shepherd-rails,https://github.com/cionescu/shepherd-rails
github.com/kyleshevlin/shevy,3191207,shevy,https://github.com/kyleshevlin/shevy,git+ssh://git@github.com/kyleshevlin/shevy.git,151906,shevy,https://github.com/kyleshevlin/shevy,https://github.com/kyleshevlin/shevy
github.com/heroku/shibori,3191414,shibori,https://github.com/heroku/shibori#readme,git://github.com/heroku/shibori.git,151930,shibori,https://www.github.com/heroku/shibori,https://www.github.com/heroku/shibori
github.com/shuttlerock/shuttlerock_shared_config,3198151,shuttlerock_shared_config,https://github.com/Shuttlerock/shuttlerock_shared_config#readme,git+https://github.com/Shuttlerock/shuttlerock_shared_config.git,152665,shuttlerock_shared_config,https://github.com/Shuttlerock/shuttlerock_shared_config,https://github.com/Shuttlerock/shuttlerock_shared_config
github.com/jalkoby/solidus_nexio,3245187,solidus_nexio,https://github.com/jalkoby/solidus_nexio#readme,git+https://github.com/jalkoby/solidus_nexio.git,158078,solidus_nexio,https://github.com/jalkoby/solidus_nexio,https://github.com/jalkoby/solidus_nexio
github.com/vkill/spine_paginator,3258597,spine.paginator,,https://github.com/vkill/spine_paginator.git,159357,spine_paginator,https://github.com/vkill/spine_paginator,https://github.com/vkill/spine_paginator
github.com/franzheidl/spinners,3258774,spinners,http://franzheidl.github.io/spinners/,git+https://github.com/franzheidl/spinners.git,159379,spinners,https://github.com/franzheidl/spinners,https://github.com/franzheidl/spinners
github.com/projectblacklight/spotlight,3261236,spotlight-frontend,https://github.com/projectblacklight/spotlight#readme,git+https://github.com/projectblacklight/spotlight.git,16891,blacklight-spotlight,https://github.com/projectblacklight/spotlight,https://github.com/projectblacklight/spotlight
github.com/wbotelhos/stepy,3281238,stepy,https://github.com/wbotelhos/stepy,git+https://github.com/wbotelhos/stepy.git,162358,stepy-rails,https://github.com/wbotelhos/stepy,https://github.com/wbotelhos/stepy
github.com/styledown/styledown2,3298044,styledown2,https://github.com/styledown/styledown2#readme,git+ssh://git@github.com/styledown/styledown2.git,163722,styledown2-source,https://github.com/styledown/styledown2,https://github.com/styledown/styledown2
github.com/johnalbin/support-for,3311862,support-for,https://github.com/JohnAlbin/support-for,git://github.com/JohnAlbin/support-for.git,164577,support-for,https://github.com/JohnAlbin/support-for,https://github.com/JohnAlbin/support-for
github.com/kkomelin/susyboot,3314833,susyboot,https://github.com/kkomelin/susyboot#readme,git+ssh://git@github.com/kkomelin/susyboot.git,164715,susyboot,https://github.com/kkomelin/susyboot,https://github.com/kkomelin/susyboot
github.com/nning/svelte-rails,3318399,svelte_ujs_ng,https://github.com/nning/svelte-rails#readme,git+https://github.com/nning/svelte-rails.git,164761,svelte-rails,https://github.com/nning/svelte-rails,https://github.com/nning/svelte-rails
github.com/brentlintner/synt,3329915,synt,https://github.com/brentlintner/synt,git://github.com/brentlintner/synt.git,165517,synt,https://github.com/brentlintner/synt,https://github.com/brentlintner/synt
github.com/fesuydev/tamem-scss,3340450,tamem-scss,https://github.com/fesuydev/tamem-scss#readme,git+https://github.com/fesuydev/tamem-scss.git,166393,tamem-scss,https://github.com/fesuydev/tamem-scss/,https://github.com/fesuydev/tamem-scss
github.com/gaborbata/todo,3426116,todo-jsonl,https://github.com/gaborbata/todo,git+https://github.com/gaborbata/todo.git,171621,todo-jsonl,https://github.com/gaborbata/todo,https://github.com/gaborbata/todo
github.com/luangb/tormenta20,3433026,tormenta20,https://github.com/LuanGB/tormenta20#readme,git+https://github.com/LuanGB/tormenta20.git,172270,tormenta20,https://github.com/LuanGB/tormenta20,https://github.com/LuanGB/tormenta20
github.com/siuying/torrent-finder,3433210,torrent-finder,https://github.com/siuying/torrent-finder,https://github.com/siuying/torrent-finder.git,172334,torrent-finder,https://github.com/siuying/torrent-finder,https://github.com/siuying/torrent-finder
github.com/mrkurt/transmogrify,3440769,transmogrify,,git://github.com/mrkurt/transmogrify.git,173215,transmogrify,http://github.com/mrkurt/transmogrify/,http://github.com/mrkurt/transmogrify/
github.com/travis-ci/build-stages-demo,3441672,travis-build-stages-demo,https://github.com/travis-ci/build-stages-demo#readme,git+https://github.com/travis-ci/build-stages-demo.git,173297,travis-build-stages-demo,https://github.com/travis-ci/build-stages-demo,https://github.com/travis-ci/build-stages-demo
github.com/hopsoft/trix_embed,3446503,trix-embed,,https://github.com/hopsoft/trix_embed,173782,trix_embed,https://github.com/hopsoft/trix_embed,https://github.com/hopsoft/trix_embed
github.com/skryukov/turbo-mount,3461127,turbo-mount,https://github.com/skryukov/turbo-mount#readme,git+https://github.com/skryukov/turbo-mount.git,174471,turbo-mount,https://github.com/skryukov/turbo-mount,https://github.com/skryukov/turbo-mount
github.com/hopsoft/turbo_ready,3461256,turbo_ready,,https://github.com/hopsoft/turbo_ready,174481,turbo_ready,https://github.com/hopsoft/turbo_ready,https://github.com/hopsoft/turbo_ready
github.com/hopsoft/turbo_reflex,3461257,turbo_reflex,,https://github.com/hopsoft/turbo_reflex,174482,turbo_reflex,https://github.com/hopsoft/turbo_reflex,https://github.com/hopsoft/turbo_reflex
github.com/jonhue/turbolinks-animate,3461325,turbolinks-animate,https://jonhue.me/repos/turbolinks-animate,git+https://github.com/jonhue/turbolinks-animate.git,174457,turbolinks-animate,https://github.com/jonhue/turbolinks-animate-rails,https://github.com/jonhue/turbolinks-animate
github.com/shopify/twine,3465667,twine,https://github.com/Shopify/twine,git://github.com/Shopify/twine.git,174873,twine-rails,https://github.com/Shopify/twine,https://github.com/Shopify/twine
github.com/ellioseven/type-heading,3468868,type-heading,https://github.com/ellioseven/type-heading#readme,git+https://github.com/ellioseven/type-heading.git,175329,type-heading,http://ellioseven.github.io/type-heading,https://github.com/ellioseven/type-heading
github.com/jptaranto/typey,3474707,typey,https://github.com/jptaranto/typey#readme,git+https://github.com/jptaranto/typey.git,175401,typey,http://github.com/jptaranto/typey,http://github.com/jptaranto/typey
github.com/voloko/uki,3485555,ukijs,,git://github.com/voloko/uki.git,175843,uki,http://github.com/voloko/uki,http://github.com/voloko/uki
github.com/cmer/ultimate_turbo_modal,3486306,ultimate_turbo_modal,https://github.com/cmer/ultimate_turbo_modal#readme,git+https://github.com/cmer/ultimate_turbo_modal.git,175911,ultimate_turbo_modal,https://github.com/cmer/ultimate_turbo_modal,https://github.com/cmer/ultimate_turbo_modal
github.com/unipept/unipept-cli,3493739,unipept-cli,https://github.com/unipept/unipept-cli#readme,git+ssh://git@github.com/unipept/unipept-cli.git,176394,unipept,http://unipept.ugent.be,https://github.com/unipept/unipept-cli
github.com/thaske/universal_renderer,3496132,universal-renderer,https://github.com/thaske/universal_renderer#readme,git+https://github.com/thaske/universal_renderer.git,176538,universal_renderer,https://github.com/thaske/universal_renderer,https://github.com/thaske/universal_renderer
github.com/aaaa777/unloosen,3496994,unloosen-ruby-loader,https://github.com/aaaa777/unloosen#readme,git+https://github.com/aaaa777/unloosen.git,176615,unloosen,https://rubygems.org/gems/unloosen,https://github.com/aaaa777/unloosen
github.com/moredip/utilikilt,3515103,utilikilt,,git://github.com/moredip/utilikilt.git,177582,utilikilt,http://github.com/moredip/utilikilt,http://github.com/moredip/utilikilt
github.com/louiswdavis/utility_colors,3515443,utility_colors,https://github.com/louiswdavis/utility_colors#readme,git+https://github.com/louiswdavis/utility_colors.git,177595,utility_colors,https://github.com/louiswdavis/utility_colors,https://github.com/louiswdavis/utility_colors
github.com/louiswdavis/utility_components,3515444,utility_components,https://github.com/louiswdavis/utility_components#readme,git+https://github.com/louiswdavis/utility_components.git,177596,utility_components,https://github.com/louiswdavis/utility_components,https://github.com/louiswdavis/utility_components
github.com/louiswdavis/utility_forms,3515447,utility_forms,https://github.com/louiswdavis/utility_forms#readme,git+https://github.com/louiswdavis/utility_forms.git,177598,utility_forms,https://github.com/louiswdavis/utility_forms,https://github.com/louiswdavis/utility_forms
github.com/louiswdavis/utility_styles,3515454,utility_stylings,https://github.com/louiswdavis/utility_styles#readme,git+https://github.com/louiswdavis/utility_styles.git,177603,utility_styles,https://github.com/louiswdavis/utility_styles,https://github.com/louiswdavis/utility_styles
github.com/louiswdavis/utility_ui,3515458,utility_ui,https://github.com/louiswdavis/utility_ui#readme,git+https://github.com/louiswdavis/utility_ui.git,177604,utility_ui,https://github.com/louiswdavis/utility_ui,https://github.com/louiswdavis/utility_ui
github.com/arielj/vanilla-nested,3527306,vanilla-nested,,git@github.com:arielj/vanilla-nested.git,178784,vanilla_nested,https://github.com/arielj/vanilla-nested,https://github.com/arielj/vanilla-nested
github.com/cdimoulis/snackbar.js,3527391,vanilla-snackbar,https://github.com/cdimoulis/snackbar.js#readme,git+https://github.com/cdimoulis/snackbar.js.git,178786,vanilla-snackbar,https://github.com/cdimoulis/snackbar.js,https://github.com/cdimoulis/snackbar.js
github.com/hauleth/vanilla-ujs,3527454,vanilla-ujs,https://github.com/hauleth/vanilla-ujs,git://github.com/hauleth/vanilla-ujs.git,178787,vanilla-ujs,https://github.com/hauleth/vanilla-ujs,https://github.com/hauleth/vanilla-ujs
github.com/shakacode/webpacker_lite,3626637,webpacker-helpers,https://github.com/shakacode/webpacker_lite#readme,git+https://github.com/shakacode/webpacker_lite.git,182570,webpacker_lite,https://github.com/shakacode/webpacker_lite,https://github.com/shakacode/webpacker_lite
github.com/coorasse/webpacker-pwa,3626639,webpacker-pwa,https://github.com/coorasse/webpacker-pwa#readme,git+ssh://git@github.com/coorasse/webpacker-pwa.git,182575,webpacker-pwa,https://github.com/coorasse/webpacker-pwa,https://github.com/coorasse/webpacker-pwa
github.com/renchap/webpacker-react,3626640,webpacker-react,https://github.com/renchap/webpacker-react,https://github.com/renchap/webpacker-react.git,182576,webpacker-react,https://github.com/renchap/webpacker-react,https://github.com/renchap/webpacker-react
github.com/ukoloff/without,3647753,without,https://github.com/ukoloff/without,git+https://github.com/ukoloff/without.git,184142,without-rails,https://github.com/ukoloff/without/tree/master/rails,https://github.com/ukoloff/without/tree/master/rails
github.com/whitefusionhq/yarii-cloudinary,3697059,yarii-cloudinary,https://whitefusion.io,git+https://github.com/whitefusionhq/yarii-cloudinary.git,187045,yarii-cloudinary,https://github.com/whitefusionhq/yarii-cloudinary,https://github.com/whitefusionhq/yarii-cloudinary
