Crates_ID,Crates_Name,Crates_Homepage,Crates_Repo,Go_ID,Go_Name,Go_Homepage,Go_Repo,NPM_ID,NPM_Name,NPM_Homepage,NPM_Repo
135041,glicol_parser,,https://github.com/chaosprint/glicol.git,1571503,github.com/chaosprint/glicol,https://github.com/chaosprint/glicol,https://github.com/chaosprint/glicol,2063016,glicol,https://glicol.js.org,git+https://github.com/chaosprint/glicol.git
104753,oro-shim-bin,https://orogene.dev,https://github.com/orogene/orogene,1914121,github.com/orogene/orogene,https://github.com/orogene/orogene,https://github.com/orogene/orogene,2788641,orogene,https://orogene.dev,git+https://github.com/orogene/orogene.git
102462,rustpython-stdlib,,https://github.com/RustPython/RustPython,249905,github.com/rustpython/rustpython,https://github.com/rustpython/rustpython,https://github.com/rustpython/rustpython,3124518,rustpython_wasm,,https://github.com/RustPython/RustPython/tree/master/wasm/lib
984,tree-sitter-jsdoc,,https://github.com/tree-sitter/tree-sitter-jsdoc,928054,github.com/tree-sitter/tree-sitter-jsdoc,https://github.com/tree-sitter/tree-sitter-jsdoc,https://github.com/tree-sitter/tree-sitter-jsdoc,3442857,tree-sitter-jsdoc,https://github.com/tree-sitter/tree-sitter-jsdoc#readme,git+https://github.com/tree-sitter/tree-sitter-jsdoc.git
143015,kaspad,,https://github.com/kaspanet/rusty-kaspa,1549080,github.com/kaspanet/rusty-kaspa,https://github.com/kaspanet/rusty-kaspa,https://github.com/kaspanet/rusty-kaspa,2331156,kaspa-wasm32-sdk,https://github.com/kaspanet/rusty-kaspa#readme,git+https://github.com/kaspanet/rusty-kaspa.git
201672,dioxus-cli-opt,https://dioxuslabs.com,https://github.com/DioxusLabs/dioxus/,1017466,github.com/dioxuslabs/dioxus,https://github.com/dioxuslabs/dioxus,https://github.com/dioxuslabs/dioxus,1588537,coc-dioxus,https://github.com/DioxusLabs/dioxus#readme,git+https://github.com/DioxusLabs/dioxus.git
140333,sidevm-host-runtime,https://github.com/Phala-Network/phala-blockchain,,511099,github.com/phala-network/phala-blockchain,https://github.com/phala-network/phala-blockchain,https://github.com/phala-network/phala-blockchain,847504,@phala/sdk,https://github.com/Phala-Network/phala-blockchain/tree/master/frontend/packages/sdk#readme,git+https://github.com/Phala-Network/phala-blockchain.git
1745,tree-sitter-regex,,https://github.com/tree-sitter/tree-sitter-regex,928058,github.com/tree-sitter/tree-sitter-regex,https://github.com/tree-sitter/tree-sitter-regex,https://github.com/tree-sitter/tree-sitter-regex,3443023,tree-sitter-regex,https://github.com/tree-sitter/tree-sitter-regex#readme,git+https://github.com/tree-sitter/tree-sitter-regex.git
1815,tree-sitter-commonlisp,,https://github.com/theHamsta/tree-sitter-commonlisp,1078919,github.com/thehamsta/tree-sitter-commonlisp,https://github.com/thehamsta/tree-sitter-commonlisp,https://github.com/thehamsta/tree-sitter-commonlisp,3442689,tree-sitter-commonlisp,https://github.com/theHamsta/tree-sitter-commonlisp#readme,git://github.com/theHamsta/tree-sitter-commonlisp.git
86057,web3api-wasm-rs,https://polywrap.io,https://github.com/polywrap/monorepo,1031096,github.com/polywrap/monorepo,https://github.com/polywrap/monorepo,https://github.com/polywrap/monorepo,3365893,temp-http-plugin-js,,https://github.com/polywrap/monorepo.git
2073,tree-sitter-embedded-template,,https://github.com/tree-sitter/tree-sitter-embedded-template,928051,github.com/tree-sitter/tree-sitter-embedded-template,https://github.com/tree-sitter/tree-sitter-embedded-template,https://github.com/tree-sitter/tree-sitter-embedded-template,3442738,tree-sitter-embedded-template,https://github.com/tree-sitter/tree-sitter-embedded-template#readme,git+https://github.com/tree-sitter/tree-sitter-embedded-template.git
192710,anchor-attribute-constant,,https://github.com/coral-xyz/anchor,1357577,github.com/coral-xyz/anchor,https://github.com/coral-xyz/anchor,https://github.com/coral-xyz/anchor,2714643,nofsanchor,https://github.com/coral-xyz/anchor#readme,git+https://github.com/coral-xyz/anchor.git
209142,reflexo,https://myriad-dreamin.github.io/typst.ts/,https://github.com/Myriad-Dreamin/typst.ts,1980869,github.com/myriad-dreamin/typst.ts,https://github.com/myriad-dreamin/typst.ts,https://github.com/myriad-dreamin/typst.ts,2145709,hexo-renderer-typst,https://github.com/Myriad-Dreamin/typst.ts#readme,git+https://github.com/Myriad-Dreamin/typst.ts.git
4153,tree-sitter-glsl,,https://github.com/theHamsta/tree-sitter-glsl,1078925,github.com/thehamsta/tree-sitter-glsl,https://github.com/thehamsta/tree-sitter-glsl,https://github.com/thehamsta/tree-sitter-glsl,3442789,tree-sitter-glsl,https://github.com/theHamsta/tree-sitter-glsl#readme,git://github.com/theHamsta/tree-sitter-glsl.git
205120,tari_crypto,https://tari.com,https://github.com/tari-project/tari,1853965,github.com/tari-project/tari,https://github.com/tari-project/tari,https://github.com/tari-project/tari,3344096,tari_crypto_web,https://tari.com,git+https://github.com/tari-project/tari.git
54044,helius-laserstream-bandwidth,,https://github.com/helius-labs/laserstream,2071432,github.com/helius-labs/laserstream,https://github.com/helius-labs/laserstream,https://github.com/helius-labs/laserstream,2383093,laserstream-core-proto-js,https://github.com/helius-labs/laserstream#readme,git+https://github.com/helius-labs/laserstream.git
73140,jsonpath_lib-fl,,https://github.com/freestrings/jsonpath,1572499,github.com/freestrings/jsonpath,https://github.com/freestrings/jsonpath,https://github.com/freestrings/jsonpath,2309852,jsonpath-wasm,https://github.com/freestrings/jsonpath#readme,git+https://github.com/freestrings/jsonpath.git
5110,gcode,,https://github.com/Michael-F-Bryan/gcode-rs,1574099,github.com/michael-f-bryan/gcode-rs,https://github.com/michael-f-bryan/gcode-rs,https://github.com/michael-f-bryan/gcode-rs,707468,@michael-f-bryan/gcode-wasm,https://github.com/Michael-F-Bryan/gcode-rs,git+https://github.com/Michael-F-Bryan/gcode-rs.git
158884,solana-watchtower,https://solanalabs.com/,https://github.com/solana-labs/solana,583287,github.com/solana-labs/solana,https://github.com/solana-labs/solana,https://github.com/solana-labs/solana,3243322,solana-zk-token-sdk-experimental,https://solanalabs.com/,git+https://github.com/solana-labs/solana.git
138244,prototty_graphical_common,https://github.com/stevebob/prototty.git,https://github.com/stevebob/prototty.git,2039236,github.com/stevebob/prototty,https://github.com/stevebob/prototty,https://github.com/stevebob/prototty,2902090,prototty_storage,https://github.com/stevebob/prototty/tree/master/wasm-storage-js,git://github.com/stevebob/prototty.git
6553,scip,,https://github.com/sourcegraph/scip,2054448,sourcegraph.com/sourcegraph/scip,https://github.com/sourcegraph/scip,https://github.com/sourcegraph/scip,178467,@c4312/scip,,https://github.com/sourcegraph/scip/bindings/typescript
202375,napi-derive,,https://github.com/napi-rs/napi-rs,1558387,github.com/napi-rs/napi-rs,https://github.com/napi-rs/napi-rs,https://github.com/napi-rs/napi-rs,1177543,@vmg-anysphere/napi-rs-cli,https://github.com/napi-rs/napi-rs,git+https://github.com/napi-rs/napi-rs.git
31593,hotg-rune-cli,https://hotg.dev/,https://github.com/hotg-ai/rune,2029965,github.com/hotg-ai/rune,https://github.com/hotg-ai/rune,https://github.com/hotg-ai/rune,480758,@hotg-ai/rune-tflite,,https://github.com/hotg-ai/rune
7043,rtx-cli,https://rtx.jdx.dev,https://github.com/jdx/rtx,1961040,github.com/jdx/rtx,https://github.com/jdx/rtx,https://github.com/jdx/rtx,3119450,rtx-cli-linux-x64,https://github.com/jdx/rtx#readme,git+https://github.com/jdx/rtx.git
179534,biome_console,https://biomejs.dev/,https://github.com/biomejs/biome,1905332,github.com/biomejs/biome,https://github.com/biomejs/biome,https://github.com/biomejs/biome,3401134,the-super-blazing-fast-linter-and-formatter,https://biomejs.dev,git+https://github.com/biomejs/biome.git
113404,pravega-controller-client,,https://github.com/pravega/pravega-client-rust,1023373,github.com/pravega/pravega-client-rust/golang,https://github.com/pravega/pravega-client-rust,https://github.com/pravega/pravega-client-rust,1092254,@thekingofcity/pravega,https://github.com/pravega/pravega-client-rust#readme,git+https://github.com/pravega/pravega-client-rust.git
7389,tree-sitter-sourcepawn,,https://github.com/nilshelmig/tree-sitter-sourcepawn,1078887,github.com/nilshelmig/tree-sitter-sourcepawn,https://github.com/nilshelmig/tree-sitter-sourcepawn,https://github.com/nilshelmig/tree-sitter-sourcepawn,3443066,tree-sitter-sourcepawn,https://github.com/nilshelmig/tree-sitter-sourcepawn#readme,git+https://github.com/nilshelmig/tree-sitter-sourcepawn.git
134403,fdg-sim,,https://github.com/grantshandy/fdg/tree/main/fdg-sim,1587929,github.com/grantshandy/fdg,https://github.com/grantshandy/fdg,https://github.com/grantshandy/fdg,1936337,fdg-wasm,https://github.com/grantshandy/fdg#readme,git+https://github.com/grantshandy/fdg.git
132678,mpl-token-entangler,,https://github.com/metaplex-foundation/metaplex-program-library,1831588,github.com/metaplex-foundation/metaplex-program-library,https://github.com/metaplex-foundation/metaplex-program-library,https://github.com/metaplex-foundation/metaplex-program-library,3243380,solaplex1,https://metaplex.com,git+https://github.com/metaplex-foundation/metaplex-program-library.git
217267,pyth-lazer-agent,,https://github.com/pyth-network/pyth-crosschain,1622684,github.com/pyth-network/pyth-crosschain,https://github.com/pyth-network/pyth-crosschain,https://github.com/pyth-network/pyth-crosschain,1088871,@texture-finance/pyth-solana-utils,https://pyth.network,git+https://github.com/pyth-network/pyth-crosschain.git
9012,tree-sitter-yaml,,https://github.com/tree-sitter-grammars/tree-sitter-yaml,1655306,github.com/tree-sitter-grammars/tree-sitter-yaml,https://github.com/tree-sitter-grammars/tree-sitter-yaml,https://github.com/tree-sitter-grammars/tree-sitter-yaml,1114490,@tree-sitter-grammars/tree-sitter-yaml,https://github.com/tree-sitter-grammars/tree-sitter-yaml#readme,git+https://github.com/tree-sitter-grammars/tree-sitter-yaml.git
9486,redpanda-transform-sdk,https://redpanda.com,https://github.com/redpanda-data/redpanda,2077659,github.com/redpanda-data/redpanda/bazel/pbgen,https://github.com/redpanda-data/redpanda,https://github.com/redpanda-data/redpanda,917625,@redpanda-data/transform-sdk,https://github.com/redpanda-data/redpanda#readme,git+https://github.com/redpanda-data/redpanda.git
198907,tree-sitter-swift,,https://github.com/alex-pinkus/tree-sitter-swift,1669365,github.com/alex-pinkus/tree-sitter-swift/bindings/go,https://github.com/alex-pinkus/tree-sitter-swift,https://github.com/alex-pinkus/tree-sitter-swift,3443093,tree-sitter-swift,https://github.com/alex-pinkus/tree-sitter-swift#readme,git+https://github.com/alex-pinkus/tree-sitter-swift.git
158461,tree-sitter-php,,https://github.com/tree-sitter/tree-sitter-php,928056,github.com/tree-sitter/tree-sitter-php,https://github.com/tree-sitter/tree-sitter-php,https://github.com/tree-sitter/tree-sitter-php,3442981,tree-sitter-php,https://github.com/tree-sitter/tree-sitter-php#readme,git+https://github.com/tree-sitter/tree-sitter-php.git
9454,portkey-ai,https://github.com/portkey-ai/gateway,https://github.com/portkey-ai/gateway,1921904,github.com/portkey-ai/gateway,https://github.com/portkey-ai/gateway,https://github.com/portkey-ai/gateway,1152339,@unsync/ai-gateway,https://github.com/Portkey-AI/gateway#readme,git+https://github.com/Portkey-AI/gateway.git
205655,openmls,,https://github.com/openmls/openmls/,2149266,github.com/openmls/openmls,https://github.com/openmls/openmls,https://github.com/openmls/openmls,2780587,openmls-wasm,https://github.com/openmls/openmls/tree/main#readme,git+https://github.com/openmls/openmls.git#main
11930,pkgx,,https://github.com/pkgxdev/pkgx,2167910,github.com/pkgxdev/pkgx,https://github.com/pkgxdev/pkgx,https://github.com/pkgxdev/pkgx,2850339,pkgx-win32-x64,https://github.com/pkgxdev/pkgx#readme,git+https://github.com/pkgxdev/pkgx.git
12024,scale_signature_interfaces,https://scale.sh,https://github.com/loopholelabs/scale-signature-interfaces,881102,github.com/loopholelabs/scale-signature-interfaces,https://github.com/loopholelabs/scale-signature-interfaces,https://github.com/loopholelabs/scale-signature-interfaces,660615,@loopholelabs/scale-signature-interfaces,https://scale.sh,git+https://github.com/loopholelabs/scale-signature-interfaces.git
12171,near-sandbox-utils,,https://github.com/near/sandbox,2106359,github.com/near/sandbox,https://github.com/near/sandbox,https://github.com/near/sandbox,2635290,near-sandbox,https://github.com/near/sandbox#readme,git+https://github.com/near/sandbox.git
12220,scale_extension_interfaces,https://scale.sh,https://github.com/loopholelabs/scale-extension-interfaces,889811,github.com/loopholelabs/scale-extension-interfaces,https://github.com/loopholelabs/scale-extension-interfaces,https://github.com/loopholelabs/scale-extension-interfaces,660611,@loopholelabs/scale-extension-interfaces,https://scale.sh,git+https://github.com/loopholelabs/scale-extension-interfaces.git
12443,ironhide,https://github.com/ironcorelabs/ironhide,https://github.com/IronCoreLabs/ironhide,1947512,github.com/ironcorelabs/ironhide,https://github.com/ironcorelabs/ironhide,https://github.com/ironcorelabs/ironhide,554321,@ironcorelabs/ironhide,https://github.com/IronCoreLabs/ironhide,https://github.com/IronCoreLabs/ironhide
13045,tree-sitter-yaral,,https://github.com/MXfive/tree-sitter-yaral,1672713,github.com/mxfive/tree-sitter-yaral,https://github.com/mxfive/tree-sitter-yaral,https://github.com/mxfive/tree-sitter-yaral,3443181,tree-sitter-yaral,https://github.com/MXfive/tree-sitter-yaral#readme,git+https://github.com/MXfive/tree-sitter-yaral.git
206649,wasi-preview1-component-adapter-provider,,https://github.com/bytecodealliance/wasmtime,338155,github.com/bytecodealliance/wasmtime,https://github.com/bytecodealliance/wasmtime,https://github.com/bytecodealliance/wasmtime,186719,@cataggar/wasmtime-cli-windows,https://github.com/bytecodealliance/wasmtime,
208550,ic-metrics-assert,,https://github.com/dfinity/ic,714987,github.com/dfinity/ic,https://github.com/dfinity/ic,https://github.com/dfinity/ic,293851,@dfinity/service-worker,https://github.com/dfinity/ic#readme,git+https://github.com/dfinity/ic.git
13519,tree-sitter-scss,,https://github.com/tree-sitter-grammars/tree-sitter-scss,1930880,github.com/tree-sitter-grammars/tree-sitter-scss,https://github.com/tree-sitter-grammars/tree-sitter-scss,https://github.com/tree-sitter-grammars/tree-sitter-scss,3443048,tree-sitter-scss,https://github.com/tree-sitter-grammars/tree-sitter-scss#readme,git+https://github.com/tree-sitter-grammars/tree-sitter-scss.git
128056,wormhole-token-bridge-solana,https://wormhole.com,https://github.com/wormhole-foundation/wormhole,678034,github.com/wormhole-foundation/wormhole/sdk,https://github.com/wormhole-foundation/wormhole,https://github.com/wormhole-foundation/wormhole,192441,@certusone/wormhole-sdk-proto-web,https://wormhole.com,git+https://github.com/wormhole-foundation/wormhole.git#main
202614,veryl-migrator,,https://github.com/veryl-lang/veryl,2009095,github.com/veryl-lang/veryl,https://github.com/veryl-lang/veryl,https://github.com/veryl-lang/veryl,2150116,highlightjs-veryl,https://github.com/veryl-lang/veryl,git+https://github.com/veryl-lang/veryl.git
15555,tree-sitter-comment,,https://github.com/stsewd/tree-sitter-comment,1078896,github.com/stsewd/tree-sitter-comment,https://github.com/stsewd/tree-sitter-comment,https://github.com/stsewd/tree-sitter-comment,3442688,tree-sitter-comment,https://github.com/stsewd/tree-sitter-comment#readme,git+https://github.com/stsewd/tree-sitter-comment.git
144165,tree-sitter-kotlin,,https://github.com/fwcd/tree-sitter-kotlin,1078846,github.com/fwcd/tree-sitter-kotlin,https://github.com/fwcd/tree-sitter-kotlin,https://github.com/fwcd/tree-sitter-kotlin,3442973,tree-sitter-parser-kotlin,https://github.com/fwcd/tree-sitter-kotlin#readme,git+https://github.com/fwcd/tree-sitter-kotlin.git
16183,tree-sitter-d2,,https://github.com/ravsii/tree-sitter-d2,1843763,github.com/ravsii/tree-sitter-d2,https://github.com/ravsii/tree-sitter-d2,https://github.com/ravsii/tree-sitter-d2,3442710,tree-sitter-d2,https://github.com/ravsii/tree-sitter-d2#readme,git+https://github.com/ravsii/tree-sitter-d2.git
16812,tree-sitter-gn,,https://github.com/amaanq/tree-sitter-gn,1968768,github.com/amaanq/tree-sitter-gn,https://github.com/amaanq/tree-sitter-gn,https://github.com/amaanq/tree-sitter-gn,3442790,tree-sitter-gn,https://github.com/amaanq/tree-sitter-gn#readme,git+https://github.com/amaanq/tree-sitter-gn.git
183538,bigerror-error-stack,,https://github.com/hashintel/hash/tree/main/libs/error-stack,2217617,github.com/hashintel/hash,https://github.com/hashintel/hash,https://github.com/hashintel/hash,460661,@hashintel/type-editor,https://github.com/hashintel/hash#readme,git+https://github.com/hashintel/hash.git
217939,rerun-cli,https://rerun.io,https://github.com/rerun-io/rerun,1612706,github.com/rerun-io/rerun,https://github.com/rerun-io/rerun,https://github.com/rerun-io/rerun,923913,@rerun-io/web-viewer-react,https://rerun.io,git+https://github.com/rerun-io/rerun.git
197071,tree-sitter-javascript,,https://github.com/tree-sitter/tree-sitter-javascript,792681,github.com/tree-sitter/tree-sitter-javascript,https://github.com/tree-sitter/tree-sitter-javascript,https://github.com/tree-sitter/tree-sitter-javascript,3442850,tree-sitter-javascript,https://github.com/tree-sitter/tree-sitter-javascript#readme,git+https://github.com/tree-sitter/tree-sitter-javascript.git
216637,ismp-parachain-runtime-api,https://docs.hyperbridge.network/developers/polkadot/getting-started,https://github.com/polytope-labs/hyperbridge,1955008,github.com/polytope-labs/hyperbridge,https://github.com/polytope-labs/hyperbridge,https://github.com/polytope-labs/hyperbridge,868641,@polytope-labs/hyperclient,https://docs.hyperbridge.network,git+https://github.com/polytope-labs/hyperbridge.git#main
18020,tree-sitter-robots-txt,,https://github.com/opa-oz/tree-sitter-robots-txt,1968907,github.com/opa-oz/tree-sitter-robots-txt,https://github.com/opa-oz/tree-sitter-robots-txt,https://github.com/opa-oz/tree-sitter-robots-txt,3443031,tree-sitter-robots_txt,https://github.com/opa-oz/tree-sitter-robots-txt#readme,git+ssh://git@github.com/opa-oz/tree-sitter-robots-txt.git
153720,tree-sitter-ruby,,https://github.com/tree-sitter/tree-sitter-ruby,928059,github.com/tree-sitter/tree-sitter-ruby,https://github.com/tree-sitter/tree-sitter-ruby,https://github.com/tree-sitter/tree-sitter-ruby,3443039,tree-sitter-ruby,https://github.com/tree-sitter/tree-sitter-ruby#readme,git+https://github.com/tree-sitter/tree-sitter-ruby.git
160526,candid,https://internetcomputer.org/docs/current/developer-docs/build/candid/candid-concepts,https://github.com/dfinity/candid,1768944,github.com/dfinity/candid,https://github.com/dfinity/candid,https://github.com/dfinity/candid,293827,@dfinity/didc,https://github.com/dfinity/candid#readme,git+https://github.com/dfinity/candid.git
21276,adblock,,https://github.com/brave/adblock-rust/,1956238,github.com/brave/adblock-rust,https://github.com/brave/adblock-rust,https://github.com/brave/adblock-rust,1290335,adblock-rs-wasm,https://github.com/brave/adblock-rust#readme,git+https://github.com/brave/adblock-rust.git
21512,tree-sitter-nginx,,https://github.com/opa-oz/tree-sitter-nginx,1968906,github.com/opa-oz/tree-sitter-nginx,https://github.com/opa-oz/tree-sitter-nginx,https://github.com/opa-oz/tree-sitter-nginx,3442943,tree-sitter-nginx,https://github.com/opa-oz/tree-sitter-nginx#readme,git+https://github.com/opa-oz/tree-sitter-nginx.git
164194,yellowstone-grpc-client,https://triton.one,https://github.com/rpcpool/yellowstone-grpc,803815,github.com/rpcpool/yellowstone-grpc,https://github.com/rpcpool/yellowstone-grpc,https://github.com/rpcpool/yellowstone-grpc,1116632,@triton-one/yellowstone-grpc-napi-linux-x64-musl,https://github.com/rpcpool/yellowstone-grpc#readme,git+https://github.com/rpcpool/yellowstone-grpc.git
22026,tree-sitter-sql-bigquery,,https://github.com/takegue/tree-sitter-sql-bigquery,780669,github.com/takegue/tree-sitter-sql-bigquery,https://github.com/takegue/tree-sitter-sql-bigquery,https://github.com/takegue/tree-sitter-sql-bigquery,3443071,tree-sitter-sql-bigquery,https://github.com/takegue/tree-sitter-sql-bigquery#readme,git+https://github.com/takegue/tree-sitter-sql-bigquery.git
197989,systray-util,,https://github.com/glzr-io/zebar,1929045,github.com/glzr-io/zebar,https://github.com/glzr-io/zebar,https://github.com/glzr-io/zebar,3724982,zebar,https://github.com/glzr-io/zebar#readme,git+https://github.com/glzr-io/zebar.git
22681,objdiff-core,,https://github.com/encounter/objdiff,1872291,github.com/encounter/objdiff,https://github.com/encounter/objdiff,https://github.com/encounter/objdiff,2755132,objdiff-wasm,https://github.com/encounter/objdiff#readme,git+https://github.com/encounter/objdiff.git
214580,moon_task,https://moonrepo.dev/moon,https://github.com/moonrepo/moon,2170974,github.com/moonrepo/moon,https://github.com/moonrepo/moon,https://github.com/moonrepo/moon,734083,@moonrepo/types,,https://github.com/moonrepo/moon
23271,tree-sitter-yarnlock,,https://github.com/amaanq/tree-sitter-yarnlock,1793870,github.com/amaanq/tree-sitter-yarnlock,https://github.com/amaanq/tree-sitter-yarnlock,https://github.com/amaanq/tree-sitter-yarnlock,3443183,tree-sitter-yarnlock,https://github.com/amaanq/tree-sitter-yarnlock#readme,git+https://github.com/amaanq/tree-sitter-yarnlock.git
24062,fizzbee-mbt,,https://github.com/fizzbee-io/fizzbee,2099256,github.com/fizzbee-io/fizzbee/mbt/lib/go,https://github.com/fizzbee-io/fizzbee,https://github.com/fizzbee-io/fizzbee,390342,@fizzbee/mbt,https://fizzbee.io,git+https://github.com/fizzbee-io/fizzbee.git
25389,osynic_osuapi,https://osynic-osuapi.deno.dev,https://github.com/osynicite/osynic_osuapi,2039274,github.com/osynicite/osynic_osuapi,https://github.com/osynicite/osynic_osuapi,https://github.com/osynicite/osynic_osuapi,826923,@osynicite/osynic-osuapi,https://osynic-osuapi.deno.dev,git+https://github.com/osynicite/osynic_osuapi.git
103343,swp,,https://github.com/woubuc/sweep,1585221,github.com/woubuc/sweep,https://github.com/woubuc/sweep,https://github.com/woubuc/sweep,3326001,swp,https://sweep.woubuc.be,git+https://github.com/woubuc/sweep.git
28755,tree-sitter-ron,,https://github.com/amaanq/tree-sitter-ron,1968784,github.com/amaanq/tree-sitter-ron,https://github.com/amaanq/tree-sitter-ron,https://github.com/amaanq/tree-sitter-ron,3443033,tree-sitter-ron,https://github.com/amaanq/tree-sitter-ron#readme,git+https://github.com/amaanq/tree-sitter-ron.git
207027,golem-wasm,https://golem.cloud,https://github.com/golemcloud/golem,2152957,github.com/golemcloud/golem,https://github.com/golemcloud/golem,https://github.com/golemcloud/golem,438064,@golemcloud/golem-ts-types-core,https://github.com/golemcloud/golem#readme,git+https://github.com/golemcloud/golem.git
155419,ergo-lib-c,,https://github.com/ergoplatform/sigma-rust,1572225,github.com/ergoplatform/sigma-rust,https://github.com/ergoplatform/sigma-rust,https://github.com/ergoplatform/sigma-rust,1862724,ergo-lib-wasm-nodejs,https://github.com/ergoplatform/sigma-rust#readme,git+https://github.com/ergoplatform/sigma-rust.git
185751,scryptenc-cli,https://sorairolake.github.io/scryptenc-rs/,https://github.com/sorairolake/scryptenc-rs,1584420,github.com/sorairolake/scryptenc-rs,https://github.com/sorairolake/scryptenc-rs,https://github.com/sorairolake/scryptenc-rs,1022416,@sorairolake/scryptenc-wasm,https://sorairolake.github.io/scryptenc-rs/,git+https://github.com/sorairolake/scryptenc-rs.git
29683,cdk-from-cfn,https://github.com/cdklabs/cdk-from-cfn#readme,https://github.com/cdklabs/cdk-from-cfn,1053434,github.com/cdklabs/cdk-from-cfn,https://github.com/cdklabs/cdk-from-cfn,https://github.com/cdklabs/cdk-from-cfn,1536844,cdk-from-cfn,https://github.com/cdklabs/cdk-from-cfn#readme,git+https://github.com/cdklabs/cdk-from-cfn.git
135289,esvm-rlp,,https://github.com/paritytech/parity,1574985,github.com/paritytech/parity,https://github.com/paritytech/parity,https://github.com/paritytech/parity,837349,@parity/parity.js,https://github.com/paritytech/parity#readme,git+https://github.com/paritytech/parity.git
31012,tree-sitter-squirrel,,https://github.com/amaanq/tree-sitter-squirrel,1968785,github.com/amaanq/tree-sitter-squirrel,https://github.com/amaanq/tree-sitter-squirrel,https://github.com/amaanq/tree-sitter-squirrel,3443073,tree-sitter-squirrel,https://github.com/amaanq/tree-sitter-squirrel#readme,git+https://github.com/amaanq/tree-sitter-squirrel.git
65363,clover-cli,,https://github.com/ippan/clover,133385,github.com/ippan/clover,https://github.com/ippan/clover,https://github.com/ippan/clover,1582991,clover,https://github.com/ippan/clover,https://github.com/ippan/clover.git
33759,tree-sitter-go,,https://github.com/tree-sitter/tree-sitter-go,1659477,github.com/tree-sitter/tree-sitter-go/bindings/go,https://github.com/tree-sitter/tree-sitter-go,https://github.com/tree-sitter/tree-sitter-go,3442791,tree-sitter-go,https://github.com/tree-sitter/tree-sitter-go#readme,git+https://github.com/tree-sitter/tree-sitter-go.git
33944,tree-sitter-tsquery,,https://github.com/tree-sitter-grammars/tree-sitter-query,1711359,github.com/tree-sitter-grammars/tree-sitter-query,https://github.com/tree-sitter-grammars/tree-sitter-query,https://github.com/tree-sitter-grammars/tree-sitter-query,451391,@gushogg-blake/tree-sitter-query,https://github.com/tree-sitter-grammars/tree-sitter-query#readme,git+https://github.com/tree-sitter-grammars/tree-sitter-query.git
102969,cargo-kythe,,https://github.com/google/kythe,549024,github.com/google/kythe,https://github.com/google/kythe,https://github.com/google/kythe,2373343,kythe-languageserver,https://github.com/google/kythe#readme,git+https://github.com/google/kythe.git
198498,trie-db-test,,https://github.com/paritytech/trie,1588787,github.com/paritytech/trie,https://github.com/paritytech/trie,https://github.com/paritytech/trie,106538,@asmadek/trie-root,https://github.com/paritytech/trie#readme,git+https://github.com/paritytech/trie.git
138778,identity-diff-derive,https://www.iota.org,https://github.com/iotaledger/identity.rs,1947031,github.com/iotaledger/identity.rs,https://github.com/iotaledger/identity.rs,https://github.com/iotaledger/identity.rs,2241059,iota_identity_wasm-test2,https://www.iota.org,git+https://github.com/iotaledger/identity.rs.git
216841,versatiles,https://versatiles.org,https://github.com/versatiles-org/versatiles-rs,2010084,github.com/versatiles-org/versatiles-rs,https://github.com/versatiles-org/versatiles-rs,https://github.com/versatiles-org/versatiles-rs,1167726,@versatiles/versatiles-rs-win32-x64-msvc,https://github.com/versatiles-org/versatiles-rs#readme,git+https://github.com/versatiles-org/versatiles-rs.git
37882,tree-sitter-bitbake,,https://github.com/amaanq/tree-sitter-bitbake,1968759,github.com/amaanq/tree-sitter-bitbake,https://github.com/amaanq/tree-sitter-bitbake,https://github.com/amaanq/tree-sitter-bitbake,3442653,tree-sitter-bitbake,https://github.com/amaanq/tree-sitter-bitbake#readme,git+https://github.com/amaanq/tree-sitter-bitbake.git
177741,tree-sitter-rust,,https://github.com/tree-sitter/tree-sitter-rust,668403,github.com/tree-sitter/tree-sitter-rust,https://github.com/tree-sitter/tree-sitter-rust,https://github.com/tree-sitter/tree-sitter-rust,3443041,tree-sitter-rust,https://github.com/tree-sitter/tree-sitter-rust#readme,git+https://github.com/tree-sitter/tree-sitter-rust.git
38452,wasmlib,,https://github.com/iotaledger/wasp,217211,github.com/iotaledger/wasp,https://github.com/iotaledger/wasp,https://github.com/iotaledger/wasp,2250166,iscmagic,https://github.com/iotaledger/wasp/blob/develop/packages/vm/core/evm/README.md,git+https://github.com/iotaledger/wasp.git
39213,tree-sitter-foam,,https://github.com/FoamScience/tree-sitter-foam,1006371,github.com/foamscience/tree-sitter-foam/bindings/go,https://github.com/foamscience/tree-sitter-foam,https://github.com/foamscience/tree-sitter-foam,3442760,tree-sitter-foam,https://github.com/FoamScience/tree-sitter-foam#readme,
40907,tree-sitter-thrift,,https://github.com/duskmoon314/tree-sitter-thrift,1078895,github.com/duskmoon314/tree-sitter-thrift,https://github.com/duskmoon314/tree-sitter-thrift,https://github.com/duskmoon314/tree-sitter-thrift,3443114,tree-sitter-thrift,https://github.com/duskmoon314/tree-sitter-thrift#readme,git+https://github.com/duskmoon314/tree-sitter-thrift.git
40939,owlish,,https://github.com/field33/owlish,1973362,github.com/field33/owlish,https://github.com/field33/owlish,https://github.com/field33/owlish,2795410,owlish,https://github.com/field33/owlish#readme,git+https://github.com/field33/owlish.git
41887,pactus-jsonrpc,https://pactus.org,https://github.com/pactus-project/pactus,675200,github.com/pactus-project/pactus,https://github.com/pactus-project/pactus,https://github.com/pactus-project/pactus,2802891,pactus-jsonrpc,https://pactus.org,git+https://github.com/pactus-project/pactus.git
42607,tree-sitter-groovy,,https://github.com/amaanq/tree-sitter-groovy,1761470,github.com/amaanq/tree-sitter-groovy,https://github.com/amaanq/tree-sitter-groovy,https://github.com/amaanq/tree-sitter-groovy,3442803,tree-sitter-groovy,https://github.com/amaanq/tree-sitter-groovy#readme,git+https://github.com/amaanq/tree-sitter-groovy.git
42915,tree-sitter-func,,https://github.com/amaanq/tree-sitter-func,1968766,github.com/amaanq/tree-sitter-func,https://github.com/amaanq/tree-sitter-func,https://github.com/amaanq/tree-sitter-func,69196,@amaanq/tree-sitter-func,https://github.com/amaanq/tree-sitter-func#readme,git+https://github.com/amaanq/tree-sitter-func.git
43995,tree-sitter-linkerscript,,https://github.com/amaanq/tree-sitter-linkerscript,1968773,github.com/amaanq/tree-sitter-linkerscript,https://github.com/amaanq/tree-sitter-linkerscript,https://github.com/amaanq/tree-sitter-linkerscript,3442888,tree-sitter-linkerscript,https://github.com/amaanq/tree-sitter-linkerscript#readme,git+https://github.com/amaanq/tree-sitter-linkerscript.git
44138,tree-sitter-nqc,,https://github.com/amaanq/tree-sitter-nqc,1968778,github.com/amaanq/tree-sitter-nqc,https://github.com/amaanq/tree-sitter-nqc,https://github.com/amaanq/tree-sitter-nqc,3442949,tree-sitter-nqc,https://github.com/amaanq/tree-sitter-nqc#readme,git+https://github.com/amaanq/tree-sitter-nqc.git
44366,tree-sitter-openscad,,https://github.com/bollian/tree-sitter-openscad,1715887,github.com/bollian/tree-sitter-openscad,https://github.com/bollian/tree-sitter-openscad,https://github.com/bollian/tree-sitter-openscad,3442961,tree-sitter-openscad,https://github.com/bollian/tree-sitter-openscad#readme,git+https://github.com/bollian/tree-sitter-openscad.git
47908,subnet-evm,https://avax.network,https://github.com/ava-labs/subnet-evm,542219,github.com/ava-labs/subnet-evm,https://github.com/ava-labs/subnet-evm,https://github.com/ava-labs/subnet-evm,118267,@avalabs/subnet-evm-contracts,https://github.com/ava-labs/subnet-evm#readme,git+https://github.com/ava-labs/subnet-evm.git
48688,kurtosis-sdk,https://kurtosis.com,https://github.com/kurtosis-tech/kurtosis,2166310,github.com/kurtosis-tech/kurtosis/internal_testsuites/golang,https://github.com/kurtosis-tech/kurtosis,https://github.com/kurtosis-tech/kurtosis,2371409,kurtosis-ui-components,https://github.com/kurtosis-tech/kurtosis,git+https://github.com/kurtosis-tech/kurtosis.git
49400,taro_init,,https://github.com/NervJS/taro,1620444,github.com/nervjs/taro,https://github.com/nervjs/taro,https://github.com/nervjs/taro,3667603,wxmp-transformer-jsx,https://github.com/NervJS/taro#readme,git+https://github.com/NervJS/taro.git
49481,arri_client,https://github.com/modiimedia/arri,https://github.com/modiimedia/arri,1736964,github.com/modiimedia/arri/languages/go/go-server,https://github.com/modiimedia/arri,https://github.com/modiimedia/arri,2313929,jtd-utils,https://github.com/modiimedia/arri#readme,git+https://github.com/modiimedia/arri.git
50153,tree-sitter-capnp,,https://github.com/amaanq/tree-sitter-capnp,865800,github.com/amaanq/tree-sitter-capnp,https://github.com/amaanq/tree-sitter-capnp,https://github.com/amaanq/tree-sitter-capnp,3442669,tree-sitter-capnp,https://github.com/amaanq/tree-sitter-capnp#readme,git+https://github.com/amaanq/tree-sitter-capnp.git
50412,tree-sitter-bass,,https://github.com/amaanq/tree-sitter-bass,1575167,github.com/amaanq/tree-sitter-bass,https://github.com/amaanq/tree-sitter-bass,https://github.com/amaanq/tree-sitter-bass,3442647,tree-sitter-bass,https://github.com/amaanq/tree-sitter-bass#readme,git+https://github.com/amaanq/tree-sitter-bass.git
52541,parcel_css,,https://github.com/parcel-bundler/parcel-css,1581891,github.com/parcel-bundler/parcel-css,https://github.com/parcel-bundler/parcel-css,https://github.com/parcel-bundler/parcel-css,836978,@parcel/css-win32-x64-msvc,https://github.com/parcel-bundler/parcel-css#readme,git+https://github.com/parcel-bundler/parcel-css.git
167825,npezza93-tree-sitter-nix,,https://github.com/nix-community/tree-sitter-nix,1716226,github.com/nix-community/tree-sitter-nix,https://github.com/nix-community/tree-sitter-nix,https://github.com/nix-community/tree-sitter-nix,3442944,tree-sitter-nix,https://github.com/nix-community/tree-sitter-nix#readme,git+https://github.com/nix-community/tree-sitter-nix.git
54822,tree-sitter-yuck,,https://github.com/Philipp-M/tree-sitter-yuck,1078950,github.com/philipp-m/tree-sitter-yuck,https://github.com/philipp-m/tree-sitter-yuck,https://github.com/philipp-m/tree-sitter-yuck,3443188,tree-sitter-yuck,https://github.com/Philipp-M/tree-sitter-yuck#readme,https://github.com/Philipp-M/tree-sitter-yuck
55612,tree-sitter-pony,,https://github.com/amaanq/tree-sitter-pony,1968780,github.com/amaanq/tree-sitter-pony,https://github.com/amaanq/tree-sitter-pony,https://github.com/amaanq/tree-sitter-pony,3442992,tree-sitter-pony,https://github.com/amaanq/tree-sitter-pony#readme,git+https://github.com/amaanq/tree-sitter-pony.git
56021,protofetch,https://github.com/coralogix/protofetch,https://github.com/coralogix/protofetch,2085922,github.com/coralogix/protofetch,https://github.com/coralogix/protofetch,https://github.com/coralogix/protofetch,1691770,cx-protofetch,https://github.com/coralogix/protofetch,git+https://github.com/coralogix/protofetch.git
56361,publish_cargo_test,https://spacedatastandards.org,https://github.com/DigitalArsenal/spacedatastandards.org,1633766,github.com/digitalarsenal/spacedatastandards.org,https://github.com/digitalarsenal/spacedatastandards.org,https://github.com/digitalarsenal/spacedatastandards.org,3253528,spacedatastandards.org,https://spacedatastandards.org,git+https://github.com/DigitalArsenal/spacedatastandards.org.git
56366,tiny-secp256k1,,https://github.com/bitcoinjs/tiny-secp256k1,1952059,github.com/bitcoinjs/tiny-secp256k1,https://github.com/bitcoinjs/tiny-secp256k1,https://github.com/bitcoinjs/tiny-secp256k1,3418496,tiny-secp256k1,https://github.com/bitcoinjs/tiny-secp256k1#readme,git+https://github.com/bitcoinjs/tiny-secp256k1.git
59929,tree-sitter-gdscript,,https://github.com/prestonknopp/tree-sitter-gdscript,1968925,github.com/prestonknopp/tree-sitter-gdscript,https://github.com/prestonknopp/tree-sitter-gdscript,https://github.com/prestonknopp/tree-sitter-gdscript,3442779,tree-sitter-gdscript,https://github.com/prestonknopp/tree-sitter-gdscript#readme,git+https://github.com/prestonknopp/tree-sitter-gdscript.git
195015,axoproject,https://axodotdev.github.io/cargo-dist,https://github.com/axodotdev/cargo-dist,1945009,github.com/axodotdev/cargo-dist,https://github.com/axodotdev/cargo-dist,https://github.com/axodotdev/cargo-dist,123897,@axodotdev/dist,https://axodotdev.github.io/cargo-dist,git+https://github.com/axodotdev/cargo-dist.git
61871,tree-sitter-xml,,https://github.com/tree-sitter-grammars/tree-sitter-xml,1070692,github.com/tree-sitter-grammars/tree-sitter-xml,https://github.com/tree-sitter-grammars/tree-sitter-xml,https://github.com/tree-sitter-grammars/tree-sitter-xml,1114489,@tree-sitter-grammars/tree-sitter-xml,https://github.com/tree-sitter-grammars/tree-sitter-xml#readme,git+https://github.com/tree-sitter-grammars/tree-sitter-xml.git
65248,melody_cli,https://github.com/yoav-lavi/melody,https://github.com/yoav-lavi/melody,1578642,github.com/yoav-lavi/melody,https://github.com/yoav-lavi/melody,https://github.com/yoav-lavi/melody,2513671,melodyc,https://github.com/yoav-lavi/melody#readme,git+https://github.com/yoav-lavi/melody.git
65046,tree-sitter-tablegen,,https://github.com/amaanq/tree-sitter-tablegen,1968787,github.com/amaanq/tree-sitter-tablegen,https://github.com/amaanq/tree-sitter-tablegen,https://github.com/amaanq/tree-sitter-tablegen,3443100,tree-sitter-tablegen,https://github.com/amaanq/tree-sitter-tablegen#readme,git+https://github.com/amaanq/tree-sitter-tablegen.git
65177,run-cli,https://run-cli.org,https://github.com/aymericbeaumet/run,1034499,github.com/aymericbeaumet/run,https://github.com/aymericbeaumet/run,https://github.com/aymericbeaumet/run,945075,@run-cli/run,https://run-cli.org,git+https://github.com/aymericbeaumet/run.git
78197,rle,,https://github.com/josephg/diamond-types,2157295,github.com/josephg/diamond-types,https://github.com/josephg/diamond-types,https://github.com/josephg/diamond-types,1746501,diamond-wasm,https://github.com/josephg/diamond-types#readme,git+https://github.com/josephg/diamond-types.git
71825,tree-sitter-doxygen,,https://github.com/amaanq/tree-sitter-doxygen,1574975,github.com/amaanq/tree-sitter-doxygen,https://github.com/amaanq/tree-sitter-doxygen,https://github.com/amaanq/tree-sitter-doxygen,3442722,tree-sitter-doxygen,https://github.com/amaanq/tree-sitter-doxygen#readme,git+https://github.com/amaanq/tree-sitter-doxygen.git
154081,tree-sitter-c-sharp,,https://github.com/tree-sitter/tree-sitter-c-sharp,879130,github.com/tree-sitter/tree-sitter-c-sharp,https://github.com/tree-sitter/tree-sitter-c-sharp,https://github.com/tree-sitter/tree-sitter-c-sharp,3442971,tree-sitter-parser-csharp,https://github.com/tree-sitter/tree-sitter-c-sharp#readme,git+https://github.com/tree-sitter/tree-sitter-c-sharp.git
75073,arbitrum-sdk,https://arbitrum.io/,https://github.com/OffchainLabs/arbitrum-sdk,1058559,github.com/offchainlabs/arbitrum-sdk,https://github.com/offchainlabs/arbitrum-sdk,https://github.com/offchainlabs/arbitrum-sdk,2655618,nexus-arbitrum-sdk,https://offchainlabs.com,git+https://github.com/offchainlabs/arbitrum-sdk.git
79819,tree-sitter-luap,,https://github.com/amaanq/tree-sitter-luap,1968775,github.com/amaanq/tree-sitter-luap,https://github.com/amaanq/tree-sitter-luap,https://github.com/amaanq/tree-sitter-luap,3442900,tree-sitter-luap,https://github.com/amaanq/tree-sitter-luap#readme,git+https://github.com/amaanq/tree-sitter-luap.git
81325,tree-sitter-svelte,,https://github.com/Himujjal/tree-sitter-svelte,1078944,github.com/himujjal/tree-sitter-svelte,https://github.com/himujjal/tree-sitter-svelte,https://github.com/himujjal/tree-sitter-svelte,3443089,tree-sitter-svelte,https://github.com/Himujjal/tree-sitter-svelte#readme,git+https://github.com/Himujjal/tree-sitter-svelte.git
83354,amll-lyric,,https://github.com/Steve-xmh/applemusic-like-lyrics,1954680,github.com/steve-xmh/applemusic-like-lyrics,https://github.com/steve-xmh/applemusic-like-lyrics,https://github.com/steve-xmh/applemusic-like-lyrics,87730,@applemusic-like-lyrics/ws-protocol,,https://github.com/Steve-xmh/applemusic-like-lyrics
83963,apollo-supergraph-config,,https://github.com/apollographql/rover/,2145015,github.com/apollographql/rover,https://github.com/apollographql/rover,https://github.com/apollographql/rover,86430,@apollo/rover,https://github.com/apollographql/rover#readme,git+https://github.com/apollographql/rover.git
193413,solang-forge-fmt,https://github.com/foundry-rs/foundry,https://github.com/foundry-rs/foundry,1572480,github.com/foundry-rs/foundry,https://github.com/foundry-rs/foundry,https://github.com/foundry-rs/foundry,1148491,@unfoundry/forge-linux-arm64,https://getfoundry.sh,https://github.com/foundry-rs/foundry
85617,tree-sitter-cpon,,https://github.com/amaanq/tree-sitter-cpon,1968762,github.com/amaanq/tree-sitter-cpon,https://github.com/amaanq/tree-sitter-cpon,https://github.com/amaanq/tree-sitter-cpon,3442695,tree-sitter-cpon,https://github.com/amaanq/tree-sitter-cpon#readme,git+https://github.com/amaanq/tree-sitter-cpon.git
85956,aerium-grpc,https://aerium.network,https://github.com/aerium-network/aerium,2167145,github.com/aerium-network/aerium,https://github.com/aerium-network/aerium,https://github.com/aerium-network/aerium,1298239,aerium-jsonrpc,https://aerium.network,git+https://github.com/aerium-network/aerium.git
186697,chainlink-data-streams-sdk,,https://github.com/smartcontractkit/data-streams-sdk,1655512,github.com/smartcontractkit/data-streams-sdk/go,https://github.com/smartcontractkit/data-streams-sdk,https://github.com/smartcontractkit/data-streams-sdk,194216,@chainlink/data-streams-sdk,https://github.com/smartcontractkit/data-streams-sdk/tree/main/typescript#readme,git+https://github.com/smartcontractkit/data-streams-sdk.git
88458,tree-sitter-cue,,https://github.com/eonpatapon/tree-sitter-cue,1968818,github.com/eonpatapon/tree-sitter-cue,https://github.com/eonpatapon/tree-sitter-cue,https://github.com/eonpatapon/tree-sitter-cue,3442706,tree-sitter-cue,https://github.com/eonpatapon/tree-sitter-cue#readme,git+https://github.com/eonpatapon/tree-sitter-cue.git
158210,chidori-debugger,https://docs.thousandbirds.ai,https://github.com/ThousandBirdsInc/chidori,1558027,github.com/thousandbirdsinc/chidori,https://github.com/thousandbirdsinc/chidori,https://github.com/thousandbirdsinc/chidori,17584,@1kbirds/chidori-static-analysis,https://docs.thousandbirds.ai,git+https://github.com/ThousandBirdsInc/chidori.git
121867,unionlabs,,https://github.com/unionlabs/union,1846738,github.com/unionlabs/union/uniond,https://github.com/unionlabs/union,https://github.com/unionlabs/union,1150020,@unionlabs/sdk-evm,https://docs.union.build/typescript,git+https://github.com/unionlabs/union.git
97070,suborbital,https://suborbital.dev,https://github.com/suborbital/sdk,774171,github.com/suborbital/sdk,https://github.com/suborbital/sdk,https://github.com/suborbital/sdk,1051233,@suborbital/plugin,https://github.com/suborbital/sdk#readme,
90989,tree-sitter-kdl,,https://github.com/amaanq/tree-sitter-kdl,1968772,github.com/amaanq/tree-sitter-kdl,https://github.com/amaanq/tree-sitter-kdl,https://github.com/amaanq/tree-sitter-kdl,3442862,tree-sitter-kdl,https://github.com/amaanq/tree-sitter-kdl#readme,git+https://github.com/amaanq/tree-sitter-kdl.git
92016,tree-sitter-uxntal,,https://github.com/amaanq/tree-sitter-uxntal,1968788,github.com/amaanq/tree-sitter-uxntal,https://github.com/amaanq/tree-sitter-uxntal,https://github.com/amaanq/tree-sitter-uxntal,3443143,tree-sitter-uxntal,https://github.com/amaanq/tree-sitter-uxntal#readme,git+https://github.com/amaanq/tree-sitter-uxntal.git
92074,yew_styles,https://yewstyles.spielrs.tech,https://github.com/spielrs/yew-styles-page/tree/master/crate/yew_styles,1611814,github.com/spielrs/yew-styles-page,https://github.com/spielrs/yew-styles-page,https://github.com/spielrs/yew-styles-page,3701073,yew-styles,,https://github.com/spielrs/yew-styles-page/tree/master/app/yew-styles
204622,tree-sitter-markdown-fork,,https://github.com/ikatyang/tree-sitter-markdown,801963,github.com/ikatyang/tree-sitter-markdown,https://github.com/ikatyang/tree-sitter-markdown,https://github.com/ikatyang/tree-sitter-markdown,3442911,tree-sitter-markdown,https://github.com/ikatyang/tree-sitter-markdown#readme,git+https://github.com/ikatyang/tree-sitter-markdown.git
185498,bvs-multi-test,https://satlayer.xyz/,https://github.com/satlayer/satlayer-bvs.git,2020937,github.com/satlayer/satlayer-bvs,https://github.com/satlayer/satlayer-bvs,https://github.com/satlayer/satlayer-bvs,967631,@satlayer/testcontainers,https://github.com/satlayer/satlayer-bvs#readme,git+https://github.com/satlayer/satlayer-bvs.git
95984,ontologies,,https://github.com/ontola/ontologies/,1973507,github.com/ontola/ontologies,https://github.com/ontola/ontologies,https://github.com/ontola/ontologies,2775842,ontologies,https://github.com/ontola/ontologies#readme,git+https://github.com/ontola/ontologies.git
97127,tree-sitter-luadoc,,https://github.com/amaanq/tree-sitter-luadoc,1968774,github.com/amaanq/tree-sitter-luadoc,https://github.com/amaanq/tree-sitter-luadoc,https://github.com/amaanq/tree-sitter-luadoc,3442899,tree-sitter-luadoc,https://github.com/amaanq/tree-sitter-luadoc#readme,git+https://github.com/amaanq/tree-sitter-luadoc.git
98551,tree-sitter-gitattributes,,https://github.com/tree-sitter-grammars/tree-sitter-gitattributes,2145007,github.com/tree-sitter-grammars/tree-sitter-gitattributes,https://github.com/tree-sitter-grammars/tree-sitter-gitattributes,https://github.com/tree-sitter-grammars/tree-sitter-gitattributes,3442782,tree-sitter-gitattributes,https://github.com/tree-sitter-grammars/tree-sitter-gitattributes#readme,git+https://github.com/tree-sitter-grammars/tree-sitter-gitattributes.git
98689,k0s,,https://github.com/btwiuse/k0s,670123,k0s.io/pkg/apiserver,https://github.com/btwiuse/k0s,https://github.com/btwiuse/k0s,2322145,k0s,https://k0s.io/,git+https://github.com/btwiuse/k0s.git
147953,tree-sitter-haskell,,https://github.com/tree-sitter/tree-sitter-haskell,928053,github.com/tree-sitter/tree-sitter-haskell,https://github.com/tree-sitter/tree-sitter-haskell,https://github.com/tree-sitter/tree-sitter-haskell,3442811,tree-sitter-haskell,https://github.com/tree-sitter/tree-sitter-haskell#readme,git+https://github.com/tree-sitter/tree-sitter-haskell.git
100464,fastnoise-lite,,https://github.com/Auburn/FastNoiseLite,738763,github.com/auburn/fastnoiselite,https://github.com/auburn/fastnoiselite,https://github.com/auburn/fastnoiselite,1932067,fastnoise-lite-typed,https://github.com/Auburn/FastNoiseLite#readme,git+https://github.com/Auburn/FastNoiseLite.git
105174,geoarrow-wasm,,https://github.com/kylebarron/geoarrow-rs,2055609,github.com/kylebarron/geoarrow-rs,https://github.com/kylebarron/geoarrow-rs,https://github.com/kylebarron/geoarrow-rs,2036348,geoarrow-wasm,https://github.com/kylebarron/geoarrow-rs#readme,git+https://github.com/kylebarron/geoarrow-rs.git
188102,automerge,,https://github.com/automerge/automerge,1366295,github.com/automerge/automerge,https://github.com/automerge/automerge,https://github.com/automerge/automerge,1401220,automerge-phil-data,https://github.com/automerge/automerge,git+ssh://git@github.com/automerge/automerge.git
110296,action-validator,https://github.com/mpalmer/action-validator,https://github.com/mpalmer/action-validator,1258049,github.com/mpalmer/action-validator,https://github.com/mpalmer/action-validator,https://github.com/mpalmer/action-validator,136658,@bcheidemann__test/action-validator-core,https://github.com/mpalmer/action-validator,git+https://github.com/mpalmer/action-validator.git
154652,tree-sitter-html,,https://github.com/tree-sitter/tree-sitter-html,698860,github.com/tree-sitter/tree-sitter-html,https://github.com/tree-sitter/tree-sitter-html,https://github.com/tree-sitter/tree-sitter-html,3442828,tree-sitter-html,https://github.com/tree-sitter/tree-sitter-html#readme,git+https://github.com/tree-sitter/tree-sitter-html.git
127001,cronos-anchor-lang,,https://github.com/project-serum/anchor,681263,github.com/project-serum/anchor,https://github.com/project-serum/anchor,https://github.com/project-serum/anchor,3372161,test-anchor,https://github.com/project-serum/anchor#readme,https://github.com/project-serum/anchor.git
111486,lr35902,,https://github.com/raphamorim/LR35902,1841599,github.com/raphamorim/lr35902,https://github.com/raphamorim/lr35902,https://github.com/raphamorim/lr35902,2450334,lr35902,https://github.com/raphamorim/LR35902#readme,git+https://github.com/raphamorim/LR35902.git
165168,ironfish,https://ironfish.network/,https://github.com/iron-fish/ironfish,986033,github.com/iron-fish/ironfish,https://github.com/iron-fish/ironfish,https://github.com/iron-fish/ironfish,2245875,ironfish-cli,https://ironfish.network/,git+https://github.com/iron-fish/ironfish.git
125038,didcomm,,https://github.com/sicpa-dlab/didcomm-rust,913601,github.com/sicpa-dlab/didcomm-rust,https://github.com/sicpa-dlab/didcomm-rust,https://github.com/sicpa-dlab/didcomm-rust,1748459,didcomm-node,https://github.com/sicpa-dlab/didcomm-rust/tree/main/wasm#readme,git+https://github.com/sicpa-dlab/didcomm-rust.git#main
211744,revm-inspector,,https://github.com/bluealloy/revm,1579459,github.com/bluealloy/revm,https://github.com/bluealloy/revm,https://github.com/bluealloy/revm,3088362,revmjs,https://github.com/bluealloy/revm#readme,git+https://github.com/bluealloy/revm.git
132436,fta,https://ftaproject.dev,https://github.com/sgb-io/fta,1986216,github.com/sgb-io/fta,https://github.com/sgb-io/fta,https://github.com/sgb-io/fta,1995802,fta-wasm,https://ftaproject.dev,git+https://github.com/sgb-io/fta.git
134341,edgesearch,https://github.com/wilsonzlin/edgesearch,https://github.com/wilsonzlin/edgesearch.git,1985049,github.com/wilsonzlin/edgesearch,https://github.com/wilsonzlin/edgesearch,https://github.com/wilsonzlin/edgesearch,1818688,edgesearch-client,https://github.com/wilsonzlin/edgesearch#readme,git+https://github.com/wilsonzlin/edgesearch.git
136150,oxc_hir,https://github.com/web-infra-dev/oxc,https://github.com/web-infra-dev/oxc,1582955,github.com/web-infra-dev/oxc,https://github.com/web-infra-dev/oxc,https://github.com/web-infra-dev/oxc,2795957,oxidation-compiler,https://github.com/web-infra-dev/oxc,git+https://github.com/web-infra-dev/oxc.git
139014,navi,https://github.com/denisidoro/navi,https://github.com/denisidoro/navi,530049,github.com/denisidoro/navi,https://github.com/denisidoro/navi,https://github.com/denisidoro/navi,1443245,beavr,https://github.com/denisidoro/navi#readme,git+https://github.com/denisidoro/navi.git
139092,aleo-account,https://aleo.org,https://github.com/AleoHQ/aleo,2036508,github.com/aleohq/aleo,https://github.com/aleohq/aleo,https://github.com/aleohq/aleo,1317060,aleo-wasm,https://aleo.org,git+https://github.com/AleoHQ/aleo.git
140413,flatgeobuf,https://flatgeobuf.org/,https://github.com/flatgeobuf/flatgeobuf/tree/master/src/rust,887541,github.com/flatgeobuf/flatgeobuf/src/go,https://github.com/flatgeobuf/flatgeobuf,https://github.com/flatgeobuf/flatgeobuf,1965097,flatgeobuf,https://github.com/flatgeobuf/flatgeobuf#readme,git+https://github.com/flatgeobuf/flatgeobuf.git
140601,solana-rpc-get-stake-activation,https://anza.xyz/,https://github.com/anza-xyz/solana-rpc-client-extensions,1790598,github.com/anza-xyz/solana-rpc-client-extensions,https://github.com/anza-xyz/solana-rpc-client-extensions,https://github.com/anza-xyz/solana-rpc-client-extensions,83358,@anza-xyz/solana-rpc-get-stake-activation,https://github.com/anza-xyz/solana-rpc-client-extensions#readme,git+https://github.com/anza-xyz/solana-rpc-client-extensions.git
155998,mprocs-vt100,https://github.com/pvolok/mprocs,https://github.com/pvolok/mprocs,833531,github.com/pvolok/mprocs,https://github.com/pvolok/mprocs,https://github.com/pvolok/mprocs,2577123,mprocs,https://github.com/pvolok/mprocs#readme,git+https://github.com/pvolok/mprocs.git
142457,graph-networks-registry,,https://github.com/pinax-network/graph-networks-libs,1761097,github.com/pinax-network/graph-networks-libs/packages/golang,https://github.com/pinax-network/graph-networks-libs,https://github.com/pinax-network/graph-networks-libs,853048,@pinax/graph-networks-registry,https://github.com/pinax-network/graph-networks-libs#readme,git+https://github.com/pinax-network/graph-networks-libs.git
143108,ywasm,https://github.com/yjs/y-crdt/,https://github.com/yjs/y-crdt/,2142922,github.com/yjs/y-crdt,https://github.com/yjs/y-crdt,https://github.com/yjs/y-crdt,3715815,ywasm,https://github.com/yjs/y-crdt/,git+https://github.com/yjs/y-crdt.git
143118,zmanim-core,,https://github.com/dickermoshe/zmanim-core,2104288,github.com/dickermoshe/zmanim-core/zmanim_core,https://github.com/dickermoshe/zmanim-core,https://github.com/dickermoshe/zmanim-core,3738559,zmanim-core-bindings,https://github.com/dickermoshe/zmanim-core/blob/main/js/README.md,git+https://github.com/dickermoshe/zmanim-core.git
143293,website_crawler,,https://github.com/a11ywatch/crawler,1563073,github.com/a11ywatch/crawler,https://github.com/a11ywatch/crawler,https://github.com/a11ywatch/crawler,23279,@a11ywatch/crawler,https://github.com/a11ywatch/crawler#readme,git+https://github.com/a11ywatch/crawler.git
146540,specimen,https://github.com/ditrit/specimen,https://github.com/ditrit/specimen,565337,github.com/ditrit/specimen,https://github.com/ditrit/specimen,https://github.com/ditrit/specimen,3256141,specimen-test,,https://github.com/ditrit/specimen
146758,finalytics,https://finalytics.rs/,https://github.com/Nnamdi-sys/finalytics,2100894,github.com/nnamdi-sys/finalytics/go,https://github.com/nnamdi-sys/finalytics,https://github.com/nnamdi-sys/finalytics,1951543,finalytics,https://finalytics.rs/,git+https://github.com/Nnamdi-sys/finalytics.git
147012,railwayapp,https://github.com/railwayapp/cli,https://github.com/railwayapp/cli,217879,github.com/railwayapp/cli,https://github.com/railwayapp/cli,https://github.com/railwayapp/cli,900103,@railway/cli,https://github.com/railwayapp/cli/blob/master/README.md,git+https://github.com/railwayapp/cli.git
147075,diesel-wasm-sqlite,https://xmtp.org/,https://github.com/xmtp/libxmtp,966765,github.com/xmtp/libxmtp,https://github.com/xmtp/libxmtp,https://github.com/xmtp/libxmtp,1227916,@xmtp/wasm-bindings,https://github.com/xmtp/libxmtp,git+https://git@github.com/xmtp/libxmtp.git
148231,tree-sitter-hygen-template,,https://github.com/Hdoc1509/tree-sitter-hygen-template,1731927,github.com/hdoc1509/tree-sitter-hygen-template,https://github.com/hdoc1509/tree-sitter-hygen-template,https://github.com/hdoc1509/tree-sitter-hygen-template,3442831,tree-sitter-hygen-template,https://github.com/Hdoc1509/tree-sitter-hygen-template#readme,git+https://github.com/Hdoc1509/tree-sitter-hygen-template.git
148445,tree-sitter-jq,,https://github.com/nverno/tree-sitter-jq,1844732,github.com/nverno/tree-sitter-jq,https://github.com/nverno/tree-sitter-jq,https://github.com/nverno/tree-sitter-jq,3442856,tree-sitter-jq,https://github.com/nverno/tree-sitter-jq#readme,git+https://github.com/nverno/tree-sitter-jq.git
196569,stork-solana-sdk,,https://github.com/Stork-Oracle/stork-external,1714229,github.com/stork-oracle/stork-external/apps,https://github.com/stork-oracle/stork-external,https://github.com/stork-oracle/stork-external,1046715,@storknetwork/stork_pyth_adapter,https://github.com/Stork-Oracle/stork-external#readme,git+https://github.com/stork-oracle/stork-external.git
149659,tree-sitter-properties,,https://github.com/tree-sitter-grammars/tree-sitter-properties,1659789,github.com/tree-sitter-grammars/tree-sitter-properties,https://github.com/tree-sitter-grammars/tree-sitter-properties,https://github.com/tree-sitter-grammars/tree-sitter-properties,3442999,tree-sitter-properties,https://github.com/tree-sitter-grammars/tree-sitter-properties#readme,git+https://github.com/tree-sitter-grammars/tree-sitter-properties.git
150384,tree-sitter-r,,https://github.com/r-lib/tree-sitter-r,1078879,github.com/r-lib/tree-sitter-r,https://github.com/r-lib/tree-sitter-r,https://github.com/r-lib/tree-sitter-r,326941,@eagleoutice/tree-sitter-r,https://github.com/r-lib/tree-sitter-r#readme,git+https://github.com/r-lib/tree-sitter-r.git
150470,tree-sitter-hcl,,https://github.com/tree-sitter-grammars/tree-sitter-hcl,1619459,github.com/tree-sitter-grammars/tree-sitter-hcl,https://github.com/tree-sitter-grammars/tree-sitter-hcl,https://github.com/tree-sitter-grammars/tree-sitter-hcl,1114482,@tree-sitter-grammars/tree-sitter-hcl,https://github.com/tree-sitter-grammars/tree-sitter-hcl#readme,git+https://github.com/tree-sitter-grammars/tree-sitter-hcl.git
150771,tree-sitter-rst,,https://github.com/stsewd/tree-sitter-rst,1070086,github.com/stsewd/tree-sitter-rst,https://github.com/stsewd/tree-sitter-rst,https://github.com/stsewd/tree-sitter-rst,3443035,tree-sitter-rst,https://github.com/stsewd/tree-sitter-rst#readme,git+https://github.com/stsewd/tree-sitter-rst.git
150783,tree-sitter-agda,,https://github.com/tree-sitter/tree-sitter-agda,1078808,github.com/tree-sitter/tree-sitter-agda,https://github.com/tree-sitter/tree-sitter-agda,https://github.com/tree-sitter/tree-sitter-agda,3442626,tree-sitter-agda,https://github.com/tree-sitter/tree-sitter-agda#readme,git+https://github.com/tree-sitter/tree-sitter-agda.git
151102,tree-sitter-verilog,,https://github.com/tree-sitter/tree-sitter-verilog,1078902,github.com/tree-sitter/tree-sitter-verilog,https://github.com/tree-sitter/tree-sitter-verilog,https://github.com/tree-sitter/tree-sitter-verilog,3443149,tree-sitter-verilog,https://github.com/tree-sitter/tree-sitter-verilog#readme,git+https://github.com/tree-sitter/tree-sitter-verilog.git
151914,wizer,https://github.com/bytecodealliance/wizer,https://github.com/bytecodealliance/wizer,2218525,github.com/bytecodealliance/wizer,https://github.com/bytecodealliance/wizer,https://github.com/bytecodealliance/wizer,177162,@bytecodealliance/wizer,https://github.com/bytecodealliance/wizer#readme,git+https://github.com/bytecodealliance/wizer.git
182961,tree-sitter-typescript-codemod,,https://github.com/tree-sitter/tree-sitter-typescript,1666079,github.com/tree-sitter/tree-sitter-typescript/bindings/go,https://github.com/tree-sitter/tree-sitter-typescript,https://github.com/tree-sitter/tree-sitter-typescript,3443136,tree-sitter-typescript,https://github.com/tree-sitter/tree-sitter-typescript#readme,git+https://github.com/tree-sitter/tree-sitter-typescript.git
152872,wasm-pack,,https://github.com/rustwasm/wasm-pack.git,931543,github.com/rustwasm/wasm-pack,https://github.com/rustwasm/wasm-pack,https://github.com/rustwasm/wasm-pack,3605566,wasm-pack-udw,https://github.com/rustwasm/wasm-pack#readme,git+https://github.com/rustwasm/wasm-pack.git
184460,ck-search,https://github.com/BeaconBay/ck,https://github.com/BeaconBay/ck,2146314,github.com/beaconbay/ck,https://github.com/beaconbay/ck,https://github.com/beaconbay/ck,137523,@beaconbay/ck-search,https://github.com/BeaconBay/ck#readme,git+https://github.com/BeaconBay/ck.git
153534,tree-sitter-ql-dbscheme,,https://github.com/tree-sitter/tree-sitter-ql-dbscheme,1669091,github.com/tree-sitter/tree-sitter-ql-dbscheme,https://github.com/tree-sitter/tree-sitter-ql-dbscheme,https://github.com/tree-sitter/tree-sitter-ql-dbscheme,3443012,tree-sitter-ql-dbscheme,https://github.com/tree-sitter/tree-sitter-ql-dbscheme#readme,git+https://github.com/tree-sitter/tree-sitter-ql-dbscheme.git
154330,tree-sitter-julia,,https://github.com/tree-sitter/tree-sitter-julia,801558,github.com/tree-sitter/tree-sitter-julia,https://github.com/tree-sitter/tree-sitter-julia,https://github.com/tree-sitter/tree-sitter-julia,3442859,tree-sitter-julia,https://github.com/tree-sitter/tree-sitter-julia#readme,git+https://github.com/tree-sitter/tree-sitter-julia.git
154952,tree-sitter-starlark,,https://github.com/tree-sitter-grammars/tree-sitter-starlark,1722329,github.com/tree-sitter-grammars/tree-sitter-starlark,https://github.com/tree-sitter-grammars/tree-sitter-starlark,https://github.com/tree-sitter-grammars/tree-sitter-starlark,3443078,tree-sitter-starlark,https://github.com/tree-sitter-grammars/tree-sitter-starlark#readme,git+https://github.com/tree-sitter-grammars/tree-sitter-starlark.git
155165,tree-sitter-objc,,https://github.com/tree-sitter-grammars/tree-sitter-objc,1783389,github.com/tree-sitter-grammars/tree-sitter-objc,https://github.com/tree-sitter-grammars/tree-sitter-objc,https://github.com/tree-sitter-grammars/tree-sitter-objc,3442953,tree-sitter-objc,https://github.com/tree-sitter-grammars/tree-sitter-objc#readme,git+https://github.com/tree-sitter-grammars/tree-sitter-objc.git
155560,tree-sitter-cpp,,https://github.com/tree-sitter/tree-sitter-cpp,36159,github.com/tree-sitter/tree-sitter-cpp,https://github.com/tree-sitter/tree-sitter-cpp,https://github.com/tree-sitter/tree-sitter-cpp,3442970,tree-sitter-parser-cpp,https://github.com/tree-sitter/tree-sitter-cpp#readme,git+https://github.com/tree-sitter/tree-sitter-cpp.git
155665,dvm,,https://github.com/justjavac/dvm,1010433,github.com/justjavac/dvm,https://github.com/justjavac/dvm,https://github.com/justjavac/dvm,1802918,dvm,https://github.com/justjavac/dvm#readme,git+https://github.com/justjavac/dvm.git
155782,grit-pattern-matcher,https://docs.grit.io/language/overview,https://github.com/getgrit/gritql/,2080537,github.com/getgrit/gritql,https://github.com/getgrit/gritql,https://github.com/getgrit/gritql,427798,@getgrit/workflow-runner,https://docs.grit.io/language/overview,git+https://github.com/getgrit/gritql.git
156269,duckdb-server,,https://github.com/uwdata/mosaic,2072169,github.com/uwdata/mosaic/packages/server/duckdb-server-go,https://github.com/uwdata/mosaic,https://github.com/uwdata/mosaic,1158113,@uwdata/vgplot,https://github.com/uwdata/mosaic#readme,git+https://github.com/uwdata/mosaic.git
157572,tree-sitter-test,,https://github.com/tree-sitter-grammars/tree-sitter-test,1082856,github.com/tree-sitter-grammars/tree-sitter-test,https://github.com/tree-sitter-grammars/tree-sitter-test,https://github.com/tree-sitter-grammars/tree-sitter-test,1114487,@tree-sitter-grammars/tree-sitter-test,https://github.com/tree-sitter-grammars/tree-sitter-test#readme,git+https://github.com/tree-sitter-grammars/tree-sitter-test.git
158777,ss58-registry,,https://github.com/paritytech/ss58-registry/,1713144,github.com/paritytech/ss58-registry,https://github.com/paritytech/ss58-registry,https://github.com/paritytech/ss58-registry,1051742,@substrate/ss58-registry,https://github.com/paritytech/ss58-registry#readme,git+https://github.com/paritytech/ss58-registry.git
159359,mdmodels,,https://github.com/FAIRChemistry/md-models,1849714,github.com/fairchemistry/md-models,https://github.com/fairchemistry/md-models,https://github.com/fairchemistry/md-models,2507213,mdmodels-web,https://github.com/FAIRChemistry/md-models#readme,git+https://github.com/FAIRChemistry/md-models.git
159517,viiper-client,https://github.com/Alia5/VIIPER,https://github.com/Alia5/VIIPER,2195903,github.com/alia5/viiper,https://github.com/alia5/viiper,https://github.com/alia5/viiper,3543831,viiperclient,https://github.com/Alia5/VIIPER#readme,git+https://github.com/Alia5/VIIPER.git
160216,dydx-proto,,https://github.com/dydxprotocol/v4-chain/tree/main/v4-proto-rs,883845,github.com/dydxprotocol/v4-chain/protocol,https://github.com/dydxprotocol/v4-chain,https://github.com/dydxprotocol/v4-chain,324988,@dydxprotocol/v4-proto,https://github.com/dydxprotocol/v4-chain,git+https://github.com/dydxprotocol/v4-chain.git
160677,tree-sitter-sfapex,,https://github.com/aheber/tree-sitter-sfapex,1078809,github.com/aheber/tree-sitter-sfapex,https://github.com/aheber/tree-sitter-sfapex,https://github.com/aheber/tree-sitter-sfapex,3443051,tree-sitter-sfapex,https://github.com/aheber/tree-sitter-sfapex,git+https://github.com/aheber/tree-sitter-sfapex.git
160947,tree-sitter-tlaplus,,https://github.com/tlaplus-community/tree-sitter-tlaplus,1968961,github.com/tlaplus-community/tree-sitter-tlaplus,https://github.com/tlaplus-community/tree-sitter-tlaplus,https://github.com/tlaplus-community/tree-sitter-tlaplus,3443116,tree-sitter-tlaplus,https://github.com/tlaplus-community/tree-sitter-tlaplus#readme,git+https://github.com/tlaplus-community/tree-sitter-tlaplus.git
161256,tree-sitter-java,,https://github.com/tree-sitter/tree-sitter-java,817471,github.com/tree-sitter/tree-sitter-java,https://github.com/tree-sitter/tree-sitter-java,https://github.com/tree-sitter/tree-sitter-java,3442972,tree-sitter-parser-java,https://github.com/tree-sitter/tree-sitter-java#readme,git+https://github.com/tree-sitter/tree-sitter-java.git
161321,tree-sitter-slang,,https://github.com/theHamsta/tree-sitter-slang,1968957,github.com/thehamsta/tree-sitter-slang,https://github.com/thehamsta/tree-sitter-slang,https://github.com/thehamsta/tree-sitter-slang,3443058,tree-sitter-slang,https://github.com/theHamsta/tree-sitter-slang#readme,git://github.com/theHamsta/tree-sitter-slang.git
161746,tree-sitter-make,,https://github.com/tree-sitter-grammars/tree-sitter-make,1818352,github.com/tree-sitter-grammars/tree-sitter-make,https://github.com/tree-sitter-grammars/tree-sitter-make,https://github.com/tree-sitter-grammars/tree-sitter-make,3442909,tree-sitter-make,https://github.com/tree-sitter-grammars/tree-sitter-make#readme,git+https://github.com/tree-sitter-grammars/tree-sitter-make.git
163329,polyglot_rs,,https://github.com/loopholelabs/polyglot,1364285,github.com/loopholelabs/polyglot/v2,https://github.com/loopholelabs/polyglot,https://github.com/loopholelabs/polyglot,660607,@loopholelabs/polyglot,https://github.com/loopholelabs/polyglot,
209834,loro,https://loro.dev,https://github.com/loro-dev/loro/,1062630,github.com/loro-dev/loro,https://github.com/loro-dev/loro,https://github.com/loro-dev/loro,2447033,loro-wasm,https://loro.dev,git+https://github.com/loro-dev/loro.git
200450,ftl-sdk-macros,,https://github.com/fastertools/ftl,2144655,github.com/fastertools/ftl/sdk/go,https://github.com/fastertools/ftl,https://github.com/fastertools/ftl,1996010,ftl-sdk,https://github.com/fastertools/ftl#readme,git+https://github.com/fastertools/ftl.git
164641,tree-sitter-python,,https://github.com/tree-sitter/tree-sitter-python,668557,github.com/tree-sitter/tree-sitter-python,https://github.com/tree-sitter/tree-sitter-python,https://github.com/tree-sitter/tree-sitter-python,3443010,tree-sitter-python,https://github.com/tree-sitter/tree-sitter-python#readme,git+https://github.com/tree-sitter/tree-sitter-python.git
164955,tree-sitter-zig,,https://github.com/tree-sitter-grammars/tree-sitter-zig,1688757,github.com/tree-sitter-grammars/tree-sitter-zig,https://github.com/tree-sitter-grammars/tree-sitter-zig,https://github.com/tree-sitter-grammars/tree-sitter-zig,1114491,@tree-sitter-grammars/tree-sitter-zig,https://github.com/tree-sitter-grammars/tree-sitter-zig#readme,git+https://github.com/tree-sitter-grammars/tree-sitter-zig.git
201459,devintest_api,,https://github.com/fern-api/fern,886629,github.com/fern-api/fern,https://github.com/fern-api/fern,https://github.com/fern-api/fern,1941211,fern-api,https://github.com/fern-api/fern#readme,git+https://github.com/fern-api/fern.git
165556,tree-sitter-kconfig,,https://github.com/tree-sitter-grammars/tree-sitter-kconfig,1788104,github.com/tree-sitter-grammars/tree-sitter-kconfig,https://github.com/tree-sitter-grammars/tree-sitter-kconfig,https://github.com/tree-sitter-grammars/tree-sitter-kconfig,3442861,tree-sitter-kconfig,https://github.com/tree-sitter-grammars/tree-sitter-kconfig#readme,git+https://github.com/tree-sitter-grammars/tree-sitter-kconfig.git
165605,tree-sitter-puppet,,https://github.com/tree-sitter-grammars/tree-sitter-puppet,1839839,github.com/tree-sitter-grammars/tree-sitter-puppet,https://github.com/tree-sitter-grammars/tree-sitter-puppet,https://github.com/tree-sitter-grammars/tree-sitter-puppet,3443008,tree-sitter-puppet,https://github.com/tree-sitter-grammars/tree-sitter-puppet#readme,git+https://github.com/tree-sitter-grammars/tree-sitter-puppet.git
165877,tree-sitter-bicep,,https://github.com/tree-sitter-grammars/tree-sitter-bicep,1142124,github.com/tree-sitter-grammars/tree-sitter-bicep,https://github.com/tree-sitter-grammars/tree-sitter-bicep,https://github.com/tree-sitter-grammars/tree-sitter-bicep,3442651,tree-sitter-bicep,https://github.com/tree-sitter-grammars/tree-sitter-bicep#readme,git+https://github.com/tree-sitter-grammars/tree-sitter-bicep.git
166108,llrt_utils,,https://github.com/awslabs/llrt,2004331,github.com/awslabs/llrt,https://github.com/awslabs/llrt,https://github.com/awslabs/llrt,303508,@dishuostec/llrt-types,https://github.com/awslabs/llrt#readme,git+https://github.com/awslabs/llrt.git
167067,llm-sdk-rs,https://llm-sdk.hoangvvo.com/,https://github.com/hoangvvo/llm-sdk,2154977,github.com/hoangvvo/llm-sdk/agent-go,https://github.com/hoangvvo/llm-sdk,https://github.com/hoangvvo/llm-sdk,477271,@hoangvvo/llm-sdk,https://github.com/hoangvvo/llm-sdk,git+https://github.com/hoangvvo/llm-sdk.git
166562,tree-sitter-printf,,https://github.com/tree-sitter-grammars/tree-sitter-printf,1759575,github.com/tree-sitter-grammars/tree-sitter-printf,https://github.com/tree-sitter-grammars/tree-sitter-printf,https://github.com/tree-sitter-grammars/tree-sitter-printf,3442995,tree-sitter-printf,https://github.com/tree-sitter-grammars/tree-sitter-printf#readme,git+https://github.com/tree-sitter-grammars/tree-sitter-printf.git
166722,tree-sitter-cuda,,https://github.com/tree-sitter-grammars/tree-sitter-cuda,2053402,github.com/tree-sitter-grammars/tree-sitter-cuda,https://github.com/tree-sitter-grammars/tree-sitter-cuda,https://github.com/tree-sitter-grammars/tree-sitter-cuda,3442705,tree-sitter-cuda,https://github.com/tree-sitter-grammars/tree-sitter-cuda#readme,git+https://github.com/tree-sitter-grammars/tree-sitter-cuda.git
166959,tree-sitter-sequel,,https://github.com/derekstride/tree-sitter-sql.git,1078942,github.com/derekstride/tree-sitter-sql,https://github.com/derekstride/tree-sitter-sql,https://github.com/derekstride/tree-sitter-sql,1178770,@vokturz/tree-sitter-sql,https://github.com/derekstride/tree-sitter-sql#readme,git+https://github.com/derekstride/tree-sitter-sql.git
167144,cfonts,https://github.com/dominikwilkowski/cfonts,https://github.com/dominikwilkowski/cfonts,1572017,github.com/dominikwilkowski/cfonts,https://github.com/dominikwilkowski/cfonts,https://github.com/dominikwilkowski/cfonts,1543521,cfonts,https://github.com/dominikwilkowski/cfonts,git://github.com/dominikwilkowski/cfonts.git
168047,tree-sitter-lua,,https://github.com/tree-sitter-grammars/tree-sitter-lua,1726332,github.com/tree-sitter-grammars/tree-sitter-lua,https://github.com/tree-sitter-grammars/tree-sitter-lua,https://github.com/tree-sitter-grammars/tree-sitter-lua,1114484,@tree-sitter-grammars/tree-sitter-lua,https://github.com/tree-sitter-grammars/tree-sitter-lua#readme,git+https://github.com/tree-sitter-grammars/tree-sitter-lua.git
172023,tree-sitter-svelte-ng,,https://github.com/tree-sitter-grammars/tree-sitter-svelte,1750159,github.com/tree-sitter-grammars/tree-sitter-svelte,https://github.com/tree-sitter-grammars/tree-sitter-svelte,https://github.com/tree-sitter-grammars/tree-sitter-svelte,1114486,@tree-sitter-grammars/tree-sitter-svelte,https://github.com/tree-sitter-grammars/tree-sitter-svelte#readme,git+https://github.com/tree-sitter-grammars/tree-sitter-svelte.git
172655,tree-sitter-luau,,https://github.com/tree-sitter-grammars/tree-sitter-luau,1788546,github.com/tree-sitter-grammars/tree-sitter-luau,https://github.com/tree-sitter-grammars/tree-sitter-luau,https://github.com/tree-sitter-grammars/tree-sitter-luau,3442901,tree-sitter-luau,https://github.com/tree-sitter-grammars/tree-sitter-luau#readme,git+https://github.com/tree-sitter-grammars/tree-sitter-luau.git
173112,vercel_runtime,https://vercel.com/docs/runtimes,https://github.com/vercel/vercel,571190,github.com/vercel/vercel,https://github.com/vercel/vercel,https://github.com/vercel/vercel,3535401,vercel-ruby,https://vercel.com/docs/runtimes#official-runtimes/ruby,git+https://github.com/vercel/vercel.git
178007,hitt,https://hitt.mhouge.dk,https://github.com/hougesen/hitt,1592083,github.com/hougesen/hitt,https://github.com/hougesen/hitt,https://github.com/hougesen/hitt,2152855,hitt-cli,https://hitt.mhouge.dk,git+https://github.com/hougesen/hitt.git
176156,tree-sitter-odin-codebook,,https://github.com/tree-sitter-grammars/tree-sitter-odin,2007615,github.com/tree-sitter-grammars/tree-sitter-odin,https://github.com/tree-sitter-grammars/tree-sitter-odin,https://github.com/tree-sitter-grammars/tree-sitter-odin,3442957,tree-sitter-odin,https://github.com/tree-sitter-grammars/tree-sitter-odin#readme,git+https://github.com/tree-sitter-grammars/tree-sitter-odin.git
175360,pretty_graphql,,https://github.com/g-plane/pretty_graphql,1915574,github.com/g-plane/pretty_graphql,https://github.com/g-plane/pretty_graphql,https://github.com/g-plane/pretty_graphql,1783947,dprint-plugin-graphql,https://github.com/g-plane/pretty_graphql#readme,git+https://github.com/g-plane/pretty_graphql.git
177182,probe-code,,https://github.com/buger/probe,2074733,github.com/buger/probe,https://github.com/buger/probe,https://github.com/buger/probe,332756,@edmondfrank/probe-win32-x64,https://github.com/buger/probe#readme,git+https://github.com/buger/probe.git
177711,meshtastic_protobufs,,https://github.com/meshtastic/protobufs,1352481,github.com/meshtastic/protobufs,https://github.com/meshtastic/protobufs,https://github.com/meshtastic/protobufs,702836,@meshtastic/protobufs,https://github.com/meshtastic/protobufs,
177924,tree-sitter-elm,,https://github.com/elm-tooling/tree-sitter-elm,1078823,github.com/elm-tooling/tree-sitter-elm,https://github.com/elm-tooling/tree-sitter-elm,https://github.com/elm-tooling/tree-sitter-elm,342410,@elm-tooling/tree-sitter-elm,https://github.com/elm-tooling/tree-sitter-elm#readme,git+https://github.com/elm-tooling/tree-sitter-elm.git
214397,sigstat-grpc,https://statsig.com/,https://github.com/statsig-io/statsig-server-core,2086798,github.com/statsig-io/statsig-server-core,https://github.com/statsig-io/statsig-server-core,https://github.com/statsig-io/statsig-server-core,1038266,@statsig/statsig-node-core-win32-x64-msvc,https://github.com/statsig-io/statsig-server-core#readme,git+https://github.com/statsig-io/statsig-server-core.git
180005,chain-registry-interface,https://github.com/puneet2019/chain-registry-interface,https://github.com/puneet2019/chain-registry-interface,2232588,github.com/puneet2019/chain-registry-interface,https://github.com/puneet2019/chain-registry-interface,https://github.com/puneet2019/chain-registry-interface,884875,@puneet_m/chain-registry-interface,https://github.com/puneet2019/chain-registry-interface/tree/main/ts,git+https://github.com/puneet2019/chain-registry-interface.git
180674,energyleaf-proto,,https://github.com/pgenergy/Protocol,1630612,github.com/pgenergy/protocol,https://github.com/pgenergy/protocol,https://github.com/pgenergy/protocol,347260,@energyleaf/proto,https://github.com/pgenergy/Protocol,git+https://github.com/pgenergy/Protocol.git
180916,tree-sitter-toml-ng,,https://github.com/tree-sitter-grammars/tree-sitter-toml,1659788,github.com/tree-sitter-grammars/tree-sitter-toml,https://github.com/tree-sitter-grammars/tree-sitter-toml,https://github.com/tree-sitter-grammars/tree-sitter-toml,1114488,@tree-sitter-grammars/tree-sitter-toml,https://github.com/tree-sitter-grammars/tree-sitter-toml#readme,git+https://github.com/tree-sitter-grammars/tree-sitter-toml.git
214818,aqua-registry,https://mise.jdx.dev,https://github.com/jdx/mise,1352007,github.com/jdx/mise,https://github.com/jdx/mise,https://github.com/jdx/mise,570094,@jdxcode/mise-linux-x64,https://github.com/jdx/mise#readme,git+https://github.com/jdx/mise.git
182770,tree-sitter-pascal,,https://github.com/Isopod/tree-sitter-pascal,1078934,github.com/isopod/tree-sitter-pascal,https://github.com/isopod/tree-sitter-pascal,https://github.com/isopod/tree-sitter-pascal,3442974,tree-sitter-parser-pascal,https://github.com/Isopod/tree-sitter-pascal#readme,git+https://github.com/Isopod/tree-sitter-pascal.git
184279,tree-sitter-css,,https://github.com/tree-sitter/tree-sitter-css,928050,github.com/tree-sitter/tree-sitter-css,https://github.com/tree-sitter/tree-sitter-css,https://github.com/tree-sitter/tree-sitter-css,3442701,tree-sitter-css,https://github.com/tree-sitter/tree-sitter-css#readme,git+https://github.com/tree-sitter/tree-sitter-css.git
184587,tree-sitter-kotlin-ng,,https://github.com/tree-sitter-grammars/tree-sitter-kotlin,1668615,github.com/tree-sitter-grammars/tree-sitter-kotlin,https://github.com/tree-sitter-grammars/tree-sitter-kotlin,https://github.com/tree-sitter-grammars/tree-sitter-kotlin,1114483,@tree-sitter-grammars/tree-sitter-kotlin,https://github.com/tree-sitter-grammars/tree-sitter-kotlin#readme,git+https://github.com/tree-sitter-grammars/tree-sitter-kotlin.git
185424,tree-sitter-arduino,,https://github.com/tree-sitter-grammars/tree-sitter-arduino,1082931,github.com/tree-sitter-grammars/tree-sitter-arduino,https://github.com/tree-sitter-grammars/tree-sitter-arduino,https://github.com/tree-sitter-grammars/tree-sitter-arduino,3442637,tree-sitter-arduino,https://github.com/tree-sitter-grammars/tree-sitter-arduino#readme,git+https://github.com/tree-sitter-grammars/tree-sitter-arduino.git
186038,tree-sitter-systemverilog,,https://github.com/gmlarumbe/tree-sitter-systemverilog,1968832,github.com/gmlarumbe/tree-sitter-systemverilog,https://github.com/gmlarumbe/tree-sitter-systemverilog,https://github.com/gmlarumbe/tree-sitter-systemverilog,3443097,tree-sitter-systemverilog,https://github.com/gmlarumbe/tree-sitter-systemverilog#readme,git+https://github.com/gmlarumbe/tree-sitter-systemverilog.git
186238,tree-sitter-elixir,,https://github.com/elixir-lang/tree-sitter-elixir,1078822,github.com/elixir-lang/tree-sitter-elixir,https://github.com/elixir-lang/tree-sitter-elixir,https://github.com/elixir-lang/tree-sitter-elixir,3442734,tree-sitter-elixir,https://github.com/elixir-lang/tree-sitter-elixir#readme,git+https://github.com/elixir-lang/tree-sitter-elixir.git
187481,tree-sitter-bash,,https://github.com/tree-sitter/tree-sitter-bash,677460,github.com/tree-sitter/tree-sitter-bash,https://github.com/tree-sitter/tree-sitter-bash,https://github.com/tree-sitter/tree-sitter-bash,3442645,tree-sitter-bash,https://github.com/tree-sitter/tree-sitter-bash#readme,git+https://github.com/tree-sitter/tree-sitter-bash.git
216172,toondb,https://toondb.dev,https://github.com/toondb/toondb,2225249,github.com/toondb/toondb,https://github.com/toondb/toondb,https://github.com/toondb/toondb,1057593,@sushanth/toondb,https://toondb.dev,git+https://github.com/toondb/toondb.git
189738,stylua,,https://github.com/johnnymorganz/stylua,1357950,github.com/johnnymorganz/stylua,https://github.com/johnnymorganz/stylua,https://github.com/johnnymorganz/stylua,579486,@johnnymorganz/stylua-bin,https://github.com/johnnymorganz/stylua#readme,git+https://github.com/johnnymorganz/stylua.git
191767,mdsf,https://github.com/hougesen/mdsf?tab=readme-ov-file,https://github.com/hougesen/mdsf,1585603,github.com/hougesen/mdsf,https://github.com/hougesen/mdsf,https://github.com/hougesen/mdsf,2507517,mdsf-cli,https://github.com/hougesen/mdsf?tab=readme-ov-file,git+https://github.com/hougesen/mdsf.git
193135,tree-sitter-netlinx,,https://github.com/norgate-av/tree-sitter-netlinx,1909826,github.com/norgate-av/tree-sitter-netlinx,https://github.com/norgate-av/tree-sitter-netlinx,https://github.com/norgate-av/tree-sitter-netlinx,3442942,tree-sitter-netlinx,https://github.com/Norgate-AV/tree-sitter-netlinx#readme,git+https://github.com/Norgate-AV/tree-sitter-netlinx.git
194200,lcax,https://lcax.kongsgaard.eu,https://github.com/ocni-dtu/lcax,2011559,github.com/ocni-dtu/lcax,https://github.com/ocni-dtu/lcax,https://github.com/ocni-dtu/lcax,2388062,lcax,https://lcax.kongsgaard.eu,git+https://github.com/ocni-dtu/lcax.git
193975,odict,https://odict.org,https://github.com/TheOpenDictionary/odict,1039783,github.com/theopendictionary/odict/wasm,https://github.com/theopendictionary/odict,https://github.com/theopendictionary/odict,3403024,theopendictionary,https://github.com/TheOpenDictionary/odict#readme,git+https://github.com/TheOpenDictionary/odict.git
194162,create-tauri-app,,https://github.com/tauri-apps/create-tauri-app,1879074,github.com/tauri-apps/create-tauri-app,https://github.com/tauri-apps/create-tauri-app,https://github.com/tauri-apps/create-tauri-app,1665129,create-tauri-app,https://github.com/tauri-apps/create-tauri-app#readme,git+https://github.com/tauri-apps/create-tauri-app.git
194849,object-store-client,https://github.com/metorial/object-storage,https://github.com/metorial/object-storage,2207698,github.com/metorial/object-storage,https://github.com/metorial/object-storage,https://github.com/metorial/object-storage,2756015,object-storage-client,https://github.com/metorial/object-storage#readme,git+https://github.com/metorial/object-storage.git
195961,tree-sitter-scala,,https://github.com/tree-sitter/tree-sitter-scala,1668614,github.com/tree-sitter/tree-sitter-scala/bindings/go,https://github.com/tree-sitter/tree-sitter-scala,https://github.com/tree-sitter/tree-sitter-scala,3443042,tree-sitter-scala,https://github.com/tree-sitter/tree-sitter-scala#readme,git+https://github.com/tree-sitter/tree-sitter-scala.git
196911,aegis-proto,,https://github.com/ArchiveAegis/aegis-proto,2229727,github.com/archiveaegis/aegis-proto,https://github.com/archiveaegis/aegis-proto,https://github.com/archiveaegis/aegis-proto,91596,@archiveaegis/aegis-proto,https://github.com/ArchiveAegis/aegis-proto#readme,git+https://github.com/ArchiveAegis/aegis-proto.git
198436,gaia-client,,https://github.com/stain-win/gaia,2190366,github.com/stain-win/gaia/libs/go,https://github.com/stain-win/gaia,https://github.com/stain-win/gaia,1035540,@stain-win/gaia-client,https://github.com/stain-win/gaia#readme,git+https://github.com/stain-win/gaia.git
198799,tree-sitter-godot-resource,,https://github.com/prestonknopp/tree-sitter-godot-resource,1828468,github.com/prestonknopp/tree-sitter-godot-resource,https://github.com/prestonknopp/tree-sitter-godot-resource,https://github.com/prestonknopp/tree-sitter-godot-resource,3442795,tree-sitter-godot-resource,https://github.com/prestonknopp/tree-sitter-godot-resource#readme,git+https://github.com/prestonknopp/tree-sitter-godot-resource.git
199812,tree-sitter-idl,,https://github.com/cathaysia/tree-sitter-idl,1968800,github.com/cathaysia/tree-sitter-idl,https://github.com/cathaysia/tree-sitter-idl,https://github.com/cathaysia/tree-sitter-idl,3442834,tree-sitter-idl,https://github.com/cathaysia/tree-sitter-idl#readme,git+https://github.com/cathaysia/tree-sitter-idl.git
200449,tree-sitter-md,,https://github.com/tree-sitter-grammars/tree-sitter-markdown,1078098,github.com/tree-sitter-grammars/tree-sitter-markdown,https://github.com/tree-sitter-grammars/tree-sitter-markdown,https://github.com/tree-sitter-grammars/tree-sitter-markdown,1114485,@tree-sitter-grammars/tree-sitter-markdown,https://github.com/tree-sitter-grammars/tree-sitter-markdown#readme,git+https://github.com/tree-sitter-grammars/tree-sitter-markdown.git
201193,eszip,,https://github.com/denoland/eszip,1956553,github.com/denoland/eszip,https://github.com/denoland/eszip,https://github.com/denoland/eszip,446241,@gregnr/eszip,https://github.com/denoland/eszip#readme,git+https://github.com/denoland/eszip.git
201661,codeuchain,,https://github.com/codeuchain/codeuchain,2139426,github.com/codeuchain/codeuchain,https://github.com/codeuchain/codeuchain,https://github.com/codeuchain/codeuchain,1595140,codeuchain,https://github.com/codeuchain/codeuchain#readme,git+https://github.com/codeuchain/codeuchain.git
204915,fend-core,https://github.com/printfn/fend,https://github.com/printfn/fend,1580597,github.com/printfn/fend,https://github.com/printfn/fend,https://github.com/printfn/fend,1940419,fend-wasm-web,https://github.com/printfn/fend,git+https://github.com/printfn/fend.git
206514,tree-sitter-vie,,https://github.com/vietmpl/tree-sitter-vie,2166059,github.com/vietmpl/tree-sitter-vie,https://github.com/vietmpl/tree-sitter-vie,https://github.com/vietmpl/tree-sitter-vie,3443151,tree-sitter-vie,https://github.com/vietmpl/tree-sitter-vie#readme,git+https://github.com/vietmpl/tree-sitter-vie.git
207068,kalk,,https://github.com/PaddiM8/kalker/tree/master/kalk,511002,github.com/paddim8/kalker,https://github.com/paddim8/kalker,https://github.com/paddim8/kalker,832490,@paddim8/kalk,,https://github.com/PaddiM8/kalker/tree/master/kalk
207324,tree-sitter-perl,,https://github.com/ganezdragon/tree-sitter-perl,1078867,github.com/ganezdragon/tree-sitter-perl,https://github.com/ganezdragon/tree-sitter-perl,https://github.com/ganezdragon/tree-sitter-perl,419593,@ganezdragon/tree-sitter-perl,https://github.com/ganezdragon/tree-sitter-perl#readme,git://github.com/ganezdragon/tree-sitter-perl.git
208230,codebook-tree-sitter-latex,,https://github.com/latex-lsp/tree-sitter-latex,1078848,github.com/latex-lsp/tree-sitter-latex,https://github.com/latex-lsp/tree-sitter-latex,https://github.com/latex-lsp/tree-sitter-latex,847054,@pfoerster/tree-sitter-latex,https://github.com/latex-lsp/tree-sitter-latex#readme,git+https://github.com/latex-lsp/tree-sitter-latex.git
208339,malva,,https://github.com/g-plane/malva,1915572,github.com/g-plane/malva,https://github.com/g-plane/malva,https://github.com/g-plane/malva,2476320,malva,https://github.com/g-plane/malva#readme,git+https://github.com/g-plane/malva.git
208638,cdp-sdk,https://docs.cdp.coinbase.com/,https://github.com/coinbase/cdp-sdk,1933643,github.com/coinbase/cdp-sdk/go,https://github.com/coinbase/cdp-sdk,https://github.com/coinbase/cdp-sdk,232609,@coinbase/cdp-sdk,https://github.com/coinbase/cdp-sdk#readme,git+https://github.com/coinbase/cdp-sdk.git
210350,markup_fmt,,https://github.com/g-plane/markup_fmt,1915573,github.com/g-plane/markup_fmt,https://github.com/g-plane/markup_fmt,https://github.com/g-plane/markup_fmt,1783952,dprint-plugin-markup,https://github.com/g-plane/markup_fmt#readme,git+https://github.com/g-plane/markup_fmt.git
210632,tree-sitter-matlab,,https://github.com/acristoffers/tree-sitter-matlab,1968751,github.com/acristoffers/tree-sitter-matlab,https://github.com/acristoffers/tree-sitter-matlab,https://github.com/acristoffers/tree-sitter-matlab,29650,@acristoffers/tree-sitter-matlab,https://github.com/acristoffers/tree-sitter-matlab#readme,git+https://github.com/acristoffers/tree-sitter-matlab.git
210833,supdock,https://github.com/segersniels/supdock/,https://github.com/segersniels/supdock/,1945556,github.com/segersniels/supdock,https://github.com/segersniels/supdock,https://github.com/segersniels/supdock,3308377,supdock,https://github.com/segersniels/supdock#readme,git+https://github.com/segersniels/supdock.git
210953,sentencex,,https://github.com/wikimedia/sentencex,2076272,github.com/wikimedia/sentencex,https://github.com/wikimedia/sentencex,https://github.com/wikimedia/sentencex,3172178,sentencex-win32-x64,https://github.com/wikimedia/sentencex#readme,git+https://github.com/wikimedia/sentencex.git
212688,ahqstore_cli_rs,https://github.com/ahqstore/cli,https://github.com/ahqstore/cli,2138475,github.com/ahqstore/cli/go,https://github.com/ahqstore/cli,https://github.com/ahqstore/cli,41495,@ahqstore/cli-win32-x64-msvc,https://github.com/ahqstore/cli#readme,git+https://github.com/ahqstore/cli.git
214969,agones,https://agones.dev/site/,https://github.com/googleforgames/agones,592054,agones.dev/agones/examples/allocation-endpoint/server,https://github.com/googleforgames/agones,https://github.com/googleforgames/agones,439819,@googleforgames/agones,https://agones.dev,git+https://github.com/googleforgames/agones.git
