Crates_ID,Crates_Name,Crates_Homepage,Crates_Repo,NPM_ID,NPM_Name,NPM_Homepage,NPM_Repo,PyPI_ID,PyPI_Name,PyPI_Homepage,PyPI_Repo
215657,brk_computer,https://bitcoinresearchkit.org,https://github.com/bitcoinresearchkit/brk,1490060,brk-client,https://github.com/bitcoinresearchkit/brk/tree/main/modules/brk-client,git+https://github.com/bitcoinresearchkit/brk.git,69954,brk-client,https://pypi.org/project/brk-client/,https://github.com/bitcoinresearchkit/brk
1443,tokengeex,https://codegeex.cn,https://github.com/rojas-diego/tokengeex/,3427858,tokengeex,https://github.com/rojas-diego/tokengeex#readme,git+https://github.com/rojas-diego/tokengeex.git,655104,tokengeex,https://codegeex.cn,https://github.com/rojas-diego/tokengeex
4377,ort-rs,https://github.com/ORT-format/ORT,https://github.com/ORT-format/ORT,2788863,ort-ts,https://github.com/ORT-format/ORT#readme,git+https://github.com/ORT-format/ORT.git,440760,ort-python,https://pypi.org/project/ort-python/,https://github.com/ORT-format/ORT
195527,polars-time,https://www.pola.rs/,https://github.com/pola-rs/polars,2711207,nodejs-polars-wasm,https://github.com/pola-rs/polars,git+https://github.com/pola-rs/polars.git,469433,polars-u64-idx,https://pypi.org/project/polars-u64-idx/,https://github.com/pola-rs/polars
121096,pico-sdk,,https://github.com/meatysolutions/pico-sdk,2841256,pico-sdk,https://github.com/meatysolutions/pico-sdk#readme,git+https://github.com/meatysolutions/pico-sdk.git,460082,pico-sdk,https://github.com/meatysolutions/pico-sdk,https://github.com/meatysolutions/pico-sdk
202641,binary-cookies,https://github.com/saying121/tidy-browser/tree/master/crates/binary-cookies,https://github.com/saying121/tidy-browser,1722268,decrypt-cookies-win32-x64-msvc,https://github.com/saying121/tidy-browser#readme,git+ssh://git@github.com/saying121/tidy-browser.git,136457,decrypt-cookies,https://github.com/saying121/tidy-browser/tree/master/bindgen/python,https://github.com/saying121/tidy-browser/tree/master/bindgen/python
196625,reifydb-rql,,https://github.com/reifydb/reifydb,919840,@reifydb/core,https://github.com/reifydb/reifydb#readme,git+https://github.com/reifydb/reifydb.git,551838,reifydb,https://reifydb.com,https://github.com/reifydb/reifydb
7280,umbral-pre,,https://github.com/nucypher/rust-umbral/tree/master/umbral-pre,794958,@nucypher/umbral-pre,https://github.com/nucypher/rust-umbral/tree/master#readme,git+https://github.com/nucypher/rust-umbral.git#master,675513,umbral-pre,https://github.com/nucypher/rust-umbral/tree/master/umbral-pre-python,https://github.com/nucypher/rust-umbral/tree/master/umbral-pre-python
8045,piqel,https://github.com/fuyutarow/piqel,https://github.com/fuyutarow/piqel.git,2846780,piqel,https://github.com/fuyutarow/piqel,git+https://github.com/fuyutarow/piqel.git,462887,piqel,https://github.com/fuyutarow/piqel,https://github.com/fuyutarow/piqel
8699,sql2viz,,https://github.com/nkwork9999/sql2viz,3263860,sql2viz,https://github.com/nkwork9999/sql2viz#readme,git+https://github.com/nkwork9999/sql2viz.git,613234,sql2viz,https://pypi.org/project/sql2viz/,https://github.com/nkwork9999/sql2viz
8761,mudder,,https://github.com/kevinhu/mudder,2584109,mudderjs,https://github.com/kevinhu/mudder#readme,git+https://github.com/kevinhu/mudder.git,376909,mudderpy,https://pypi.org/project/mudderpy/,https://github.com/kevinhu/mudder
212404,rattler_sandbox,https://github.com/conda/rattler,https://github.com/conda/rattler,1115954,@trim21/rattler,https://github.com/conda/rattler/tree/main/js-rattler#readme,git+https://github.com/conda/rattler.git,515575,py-rattler,https://pypi.org/project/py-rattler/,https://github.com/conda/rattler
12079,karmen,https://github.com/jrcichra/karmen,https://github.com/jrcichra/karmen,2330576,karmen-node-client,,github.com/jrcichra/karmen,303744,karmen,https://github.com/jrcichra/karmen,https://github.com/jrcichra/karmen
13031,poodio,https://github.com/AsherJingkongChen/poopoo/tree/main/poodio#readme,https://github.com/AsherJingkongChen/poopoo,2867517,poodio,https://github.com/AsherJingkongChen/poopoo/tree/main/poodio#readme,git+https://github.com/AsherJingkongChen/poopoo.git,470560,poodio,https://github.com/AsherJingkongChen/poopoo/tree/main/poodio#readme,https://github.com/AsherJingkongChen/poopoo/tree/main/poodio#readme
15285,puccinier,https://github.com/catppuccin/toolbox/tree/main/puccinier,https://github.com/catppuccin/toolbox,187213,@catppuccin/puccinier,https://github.com/catppuccin/toolbox#-puccinier,git+https://github.com/catppuccin/toolbox.git,80949,catppuccin-catwalk,https://github.com/catppuccin/toolbox,https://github.com/catppuccin/toolbox
191501,chik-fuzzing,https://github.com/Chik-Network/chik_rs,https://github.com/Chik-Network/chik_rs,1556649,chik_wasm,https://github.com/Chik-Network/chik_rs,git+https://github.com/Chik-Network/chik_rs.git,90050,chik-rs,https://github.com/Chik-Network/chik_rs,https://github.com/Chik-Network/chik_rs
177368,junction-api-gen,https://junctionlabs.io,https://github.com/junction-labs/junction-client,591319,@junction-labs/client-win32-x64-msvc,https://github.com/junction-labs/junction-client#readme,git+https://github.com/junction-labs/junction-client.git,299677,junction-python,https://junctionlabs.io,https://github.com/junction-labs/junction-client
73368,entab-cli,,https://github.com/bovee/entab,1855998,entab,https://github.com/bovee/entab#readme,git+https://github.com/bovee/entab.git,190766,entab,https://pypi.org/project/entab/,https://github.com/bovee/entab
16687,vibe_coding_tracker,https://github.com/Mai0313/VibeCodingTracker,https://github.com/Mai0313/VibeCodingTracker,3539656,vibe-coding-tracker,https://github.com/Mai0313/VibeCodingTracker,git+https://github.com/Mai0313/VibeCodingTracker.git,686278,vibe-coding-tracker,https://pypi.org/project/vibe-coding-tracker/,https://github.com/Mai0313/VibeCodingTracker
139571,aptos-secure-net,https://aptoslabs.com,https://github.com/aptos-labs/aptos-core,2574307,move-smart-contract-tx-builder-sdk,https://github.com/aptos-labs/aptos-core,git+https://github.com/aptos-labs/aptos-core.git,30274,aptos-sdk-zzf,https://github.com/aptos-labs/aptos-core/tree/main/ecosystem/python/sdk,https://github.com/aptos-labs/aptos-core
17145,trait-keyless,https://trait.tech,https://github.com/traittech/trait-keyless/,1112849,@traittech/trait-keyless,https://trait.tech,git+https://github.com/traittech/trait-keyless.git,662515,traitkeyless,https://pypi.org/project/traitkeyless/,https://github.com/traittech/trait-keyless.git
198079,bridgerust-macros,https://bridgerust.dev,https://github.com/bridgerust/bridgerust,167902,@bridgerust/embex,https://github.com/bridgerust/bridgerust/tree/main/crates/embex,git+https://github.com/bridgerust/bridgerust.git#main,188409,embex,https://pypi.org/project/embex/,https://github.com/bridgerust/bridgerust/tree/main/bindings/python/embex
214575,chia_py_streamable_macro,https://github.com/Chia-Network/chia_rs,https://github.com/Chia-Network/chia_rs,1556282,chia_wasm,https://github.com/Chia-Network/chia_rs,git+https://github.com/Chia-Network/chia_rs.git,89924,chia-rs,https://github.com/Chia-Network/chia_rs,https://github.com/Chia-Network/chia_rs
19300,ulibrs,,https://github.com/raugfer/ulibrs,3485850,ulibrs,https://github.com/raugfer/ulibrs#readme,git+https://github.com/raugfer/ulibrs.git,675107,ulibrs,https://pypi.org/project/ulibrs/,https://github.com/raugfer/ulibrs
20496,klvm-fuzzing,https://github.com/Chik-Network/klvm_rs,https://github.com/Chik-Network/klvm_rs,2349161,klvm_wasm,https://github.com/Chik-Network/klvm_rs/,git+https://github.com/Chik-Network/klvm_rs.git,309068,klvm-rs,https://github.com/Chik-Network/klvm_rs/,https://github.com/Chik-Network/klvm_rs/
214344,velesdb-mobile,https://velesdb.com,https://github.com/cyberlife-coder/velesdb,1210466,@wiscale/velesdb-wasm,https://velesdb.com,git+https://github.com/cyberlife-coder/velesdb.git,684593,velesdb,https://velesdb.com,https://github.com/cyberlife-coder/VelesDB
189520,augurs-seasons,,https://github.com/grafana/augurs,171211,@bsull/augurs-prophet-wasmstan,https://github.com/grafana/augurs#readme,git+https://github.com/grafana/augurs.git,40294,augurs,https://pypi.org/project/augurs/,https://github.com/grafana/augurs
22152,flash-fuzzy-core,https://github.com/RafaCalRob/FlashFuzzy,https://github.com/RafaCalRob/FlashFuzzy,1964672,flashfuzzy,https://github.com/RafaCalRob/FlashFuzzy#readme,git+https://github.com/RafaCalRob/FlashFuzzy.git,216367,flash-fuzzy,https://pypi.org/project/flash-fuzzy/,https://github.com/RafaCalRob/FlashFuzzy
22165,brunie,https://brunie.dev,https://github.com/brunieland/brunie,1493637,brunie,https://brunie.dev,git+https://github.com/brunieland/brunie.git,70513,brunie,https://pypi.org/project/brunie/,https://github.com/brunieland/brunie
22256,lavinhash,https://bdovenbird.com/lavinhash/,https://github.com/RafaCalRob/lavinhash,2384994,lavinhash,https://bdovenbird.com/lavinhash/,git+https://github.com/RafaCalRob/lavinhash.git,317552,lavinhash,https://pypi.org/project/lavinhash/,https://github.com/RafaCalRob/lavinhash
22808,zhash,https://www.zcred.org,https://github.com/zcred/zhash,3731410,zhash,https://github.com/zcred/zhash#readme,git+https://github.com/zcred/zhash.git,722027,zhash,https://github.com/zcred/zhash,https://github.com/zcred/zhash
23266,sourmash,,https://github.com/sourmash-bio/sourmash,3251806,sourmash,https://github.com/sourmash-bio/sourmash#readme,git+https://github.com/sourmash-bio/sourmash.git,606484,sourmash,https://pypi.org/project/sourmash/,https://github.com/sourmash-bio/sourmash
24427,jsonlogic-rs,https://github.com/bestowinc/json-logic-rs,https://github.com/bestowinc/json-logic-rs,144217,@bestow/jsonlogic-rs,https://github.com/bestowinc/json-logic-rs,git+https://github.com/bestowinc/json-logic-rs.git,298199,jsonlogic-rs,https://www.github.com/bestowinc/json-logic-rs,https://www.github.com/bestowinc/json-logic-rs
162706,zhconv,,https://github.com/Gowee/zhconv-rs,3731493,zhconv-web,https://github.com/Gowee/zhconv-rs#readme,git+https://github.com/Gowee/zhconv-rs.git,722035,zhconv-rs-opencc,https://pypi.org/project/zhconv-rs-opencc/,https://github.com/Gowee/zhconv-rs/tree/main/pyo3
131786,wonnx-preprocessing,https://github.com/webonnx/wonnx,https://github.com/webonnx/wonnx.git,1199047,@webonnx/wonnx-wasm,https://github.com/webonnx/wonnx,git+https://github.com/webonnx/wonnx.git,704976,wonnx,https://github.com/webonnx/wonnx,https://github.com/webonnx/wonnx.git
29614,cgt,https://github.com/t4ccer/cgt-tools,https://github.com/t4ccer/cgt-tools,1544194,cgt,https://github.com/t4ccer/cgt-tools#readme,git+https://github.com/t4ccer/cgt-tools.git,86512,cgt-py,https://github.com/t4ccer/cgt-tools,https://github.com/t4ccer/cgt-tools
27638,indy,https://github.com/hyperledger/indy-sdk,https://github.com/hyperledger/indy-sdk,2221853,indy-sdk,https://github.com/hyperledger/indy-sdk/tree/master/wrappers/nodejs#readme,git+https://github.com/hyperledger/indy-sdk.git,524533,python3-indy,https://github.com/hyperledger/indy-sdk,https://github.com/hyperledger/indy-sdk
210982,minijinja-cli,https://github.com/mitsuhiko/minijinja,https://github.com/mitsuhiko/minijinja,2537447,minijinja-js,https://github.com/mitsuhiko/minijinja,git+https://github.com/mitsuhiko/minijinja.git,360514,minijinja,https://pypi.org/project/minijinja/,https://github.com/mitsuhiko/minijinja
154065,abcrypt-cli,https://sorairolake.github.io/abcrypt/,https://github.com/sorairolake/abcrypt,1022414,@sorairolake/abcrypt-wasm,https://sorairolake.github.io/abcrypt/,git+https://github.com/sorairolake/abcrypt.git,1755,abcrypt-py,https://sorairolake.github.io/abcrypt/,https://github.com/sorairolake/abcrypt
30363,quantacore-sdk,https://dyber.org,https://github.com/dyber-pqc/quantacore-sdk,324965,@dyber/quantacore-sdk,https://dyber.org,git+https://github.com/dyber-pqc/quantacore-sdk.git,539599,quantacore-sdk,https://github.com/dyber-pqc/quantacore-sdk,https://github.com/dyber-pqc/quantacore-sdk
115948,linkspace-common,,https://github.com/AntonSol919/linkspace,2415601,linkspace-js,https://www.linkspace.dev,git+https://github.com/AntonSol919/linkspace.git,326197,linkspace,https://www.linkspace.dev,https://github.com/AntonSol919/linkspace
31276,lazy-locker,,https://github.com/WillIsback/lazy-locker,2386472,lazy-locker,https://github.com/WillIsback/lazy-locker#readme,git+https://github.com/WillIsback/lazy-locker.git,318003,lazy-locker,https://pypi.org/project/lazy-locker/,https://github.com/WillIsback/lazy-locker
33189,hardware-address,https://github.com/al8n/hardware-address,https://github.com/al8n/hardware-address,2125245,hardware-address,https://github.com/al8n/hardware-address#readme,git+https://github.com/al8n/hardware-address.git,258180,hardware-address,https://pypi.org/project/hardware-address/,https://github.com/al8n/hardware-address
215215,node-launchpad,https://maidsafe.net,https://github.com/maidsafe/autonomi,1211079,@withautonomi/autonomi-win32-x64-msvc,https://github.com/maidsafe/autonomi#readme,git+https://github.com/maidsafe/autonomi.git,42776,autonomi-client,https://maidsafe.net,https://github.com/maidsafe/autonomi
38307,bitcoin-spv,https://github.com/summa-tx/bitcoin-spv,https://github.com/summa-tx/bitcoin-spv,1053652,@summa-tx/bitcoin-spv-js-clients,https://github.com/summa-tx/bitcoin-spv/js/clients/,,60767,bitcoin-spv-py,https://github.com/summa-tx/bitcoin-spv,https://github.com/summa-tx/bitcoin-spv
42366,zsession,https://www.zcred.org,https://github.com/zcred/zsession,3742853,zsession,https://github.com/zcred/zsession#readme,git+https://github.com/zcred/zsession.git,724271,zsession,https://github.com/zcred/zsession,https://github.com/zcred/zsession
43165,verihash,https://www.zcred.org,https://github.com/zcred/verihash,3536456,verihash,https://github.com/zcred/verihash#readme,git+https://github.com/zcred/verihash.git,685225,verihash,https://github.com/zcred/verihash,https://github.com/zcred/verihash
192426,duc2pdf,,https://github.com/ducflair/duc/tree/main/packages/ducpdf/src/duc2pdf,1799409,ducsvg,https://duc.ducflair.com/,git+https://github.com/ducflair/duc.git,177540,ducpy,https://pypi.org/project/ducpy/,https://github.com/ducflair/duc/tree/main/packages/ducpy
148716,binary-options-tools-core,,https://github.com/ChipaDevTeam/BinaryOptionsTools-v2,929084,@rick-29/binary-options-tools,https://github.com/ChipaDevTeam/BinaryOptionsTools-v2#readme,git+https://github.com/ChipaDevTeam/BinaryOptionsTools-v2.git,58766,binaryoptionstoolsv2,https://chipadevteam.github.io/BinaryOptionsTools-v2/,https://github.com/ChipaDevTeam/BinaryOptionsTools-v2
196568,vtracer,http://www.visioncortex.org/vtracer,https://github.com/visioncortex/vtracer/,3564397,vtracer-webapp,http://www.visioncortex.org/vtracer,git+https://github.com/visioncortex/vtracer.git,692226,vtracer,http://www.visioncortex.org/vtracer,https://github.com/visioncortex/vtracer/
133386,timeblok-cli,https://github.com/JettChenT/timeblok,https://github.com/JettChenT/timeblok,3414894,timeblok-js,https://github.com/JettChenT/timeblok,git+https://github.com/JettChenT/timeblok.git,650948,timeblok-py,https://pypi.org/project/timeblok-py/,https://github.com/JettChenT/timeblok
55591,capsule-run,,https://github.com/mavdol/capsule,183459,@capsule-run/sdk,https://github.com/mavdol/capsule,git+https://github.com/mavdol/capsule.git,78839,capsule-run,https://pypi.org/project/capsule-run/,https://github.com/mavdol/capsule
169796,taplo-cli,https://taplo.tamasfe.dev,https://github.com/tamasfe/taplo,1073036,@taplo/lsp,https://taplo.tamasfe.dev,git+https://github.com/tamasfe/taplo.git,634910,taplo-test,https://taplo.tamasfe.dev,https://github.com/tamasfe/taplo
58513,pai-os,,https://github.com/aurintex/pai-os,2804706,pai-sdk,https://github.com/aurintex/pai-os#readme,git+https://github.com/aurintex/pai-os.git,446155,pai-sdk,https://github.com/aurintex/pai-os,https://github.com/aurintex/pai-os
58391,self_encryption,https://maidsafe.net,https://github.com/maidsafe/self_encryption,1211084,@withautonomi/self-encryption-win32-x64-msvc,https://github.com/maidsafe/self_encryption#readme,git+https://github.com/maidsafe/self_encryption.git,582173,self-encryption,https://maidsafe.net,https://github.com/maidsafe/self_encryption
85916,bus-rt,,https://github.com/alttch/elbus,1830193,elbus,https://github.com/alttch/elbus#readme,git+https://github.com/alttch/elbus.git,186704,elbus-async,https://github.com/alttch/elbus,https://github.com/alttch/elbus
211757,clvmr,https://github.com/Chia-Network/clvm_rs/,https://github.com/Chia-Network/clvm_rs/,1584140,clvm_wasm,https://github.com/Chia-Network/clvm_rs/,git+https://github.com/Chia-Network/clvm_rs.git,98776,clvm-rs,https://github.com/Chia-Network/clvm_rs/,https://github.com/Chia-Network/clvm_rs/
62881,mita,https://github.com/ControlNet/mita,https://github.com/ControlNet/mita,2542712,mita-client,https://github.com/ControlNet/mita,git+https://github.com/ControlNet/mita.git,362079,mita-client,https://github.com/ControlNet/mita,https://github.com/ControlNet/mita
64353,rustpat,,https://github.com/tnewman/pat,2712865,nodepat,https://github.com/tnewman/pat,git+https://github.com/tnewman/pat.git,511459,pypat,https://github.com/tnewman/pat,https://github.com/tnewman/pat
74273,nlpo3-cli,https://github.com/PyThaiNLP/nlpo3/tree/main/nlpo3-cli/,https://github.com/PyThaiNLP/nlpo3/,2681653,nlpo3,https://github.com/PyThaiNLP/nlpo3/,git+https://github.com/PyThaiNLP/nlpo3.git,524243,pythainlp-rust-modules,https://github.com/PyThaiNLP/nlpo3/,https://github.com/PyThaiNLP/nlpo3/
67963,ed25519-axolotl,,https://github.com/lunes-platform/ed25519-axolotl.git,1817737,ed25519-axolotl,https://github.com/lunes-platform/ed25519-axolotl#readme,git+https://github.com/lunes-platform/ed25519-axolotl.git,183772,ed25519-axolotl,https://pypi.org/project/ed25519-axolotl/,https://github.com/lunes-platform/ed25519-axolotl.git
69035,timelock,https://idealabs.network,https://github.com/ideal-lab5/timelock,527220,@ideallabs/timelock_wasm_wrapper,https://idealabs.network,git+https://github.com/ideal-lab5/timelock.git,651221,timelock-wasm-wrapper,https://idealabs.network,https://github.com/ideal-lab5/timelock
157878,devolutions-crypto,https://github.com/devolutions/devolutions-crypto,https://github.com/devolutions/devolutions-crypto,1740131,devolutions-crypto,https://github.com/devolutions/devolutions-crypto,git+https://github.com/devolutions/devolutions-crypto.git,141394,devolutions-crypto,https://pypi.org/project/devolutions-crypto/,https://github.com/devolutions/devolutions-crypto
72324,shodh-memory,https://github.com/varun29ankuS/shodh-memory,https://github.com/varun29ankuS/shodh-memory,996245,@shodh/memory-mcp,https://github.com/varun29ankuS/shodh-memory#readme,git+https://github.com/varun29ankuS/shodh-memory.git,589125,shodh-memory,https://github.com/varun29ankuS/shodh-memory,https://github.com/varun29ankuS/shodh-memory
72981,moc,https://github.com/cds-astro/cds-moc-rust/,https://github.com/cds-astro/cds-moc-rust/,2551510,moc-wasm,https://github.com/cds-astro/cds-moc-rust/tree/main/crates/wasm,git+https://github.com/cds-astro/cds-moc-rust.git#main,366954,moc-set,https://github.com/cds-astro/cds-moc-rust/tree/main/crates/set,https://github.com/cds-astro/cds-moc-rust/tree/main/crates/set
129427,cloudproof_cover_crypt,,https://github.com/cosmian/cloudproof_rust/,1582585,cloudproof_fpe,https://github.com/cosmian/cloudproof_rust#readme,git+https://github.com/cosmian/cloudproof_rust.git,213157,findex,https://pypi.org/project/findex/,https://github.com/cosmian/cloudproof_rust/
208426,hermes-tool,https://github.com/SpaceFrontiers/hermes,https://github.com/SpaceFrontiers/hermes,2142298,hermes-wasm,https://github.com/SpaceFrontiers/hermes,git+https://github.com/SpaceFrontiers/hermes.git,262731,hermes-core-python,https://github.com/SpaceFrontiers/hermes,https://github.com/SpaceFrontiers/hermes
75989,davey,https://github.com/Snazzah/davey,https://github.com/Snazzah/davey,1015471,@snazzah/davey-win32-x64-msvc,https://github.com/Snazzah/davey#readme,git+https://github.com/Snazzah/davey.git,132867,davey,https://pypi.org/project/davey/,https://github.com/Snazzah/davey
76657,llmwerewolf-rs,https://github.com/Mai0313/LLMWereWolf-rs,https://github.com/Mai0313/LLMWereWolf-rs,2430697,llmwerewolf-rs,https://github.com/Mai0313/LLMWereWolf-rs,git+https://github.com/Mai0313/LLMWereWolf-rs.git,330684,llmwerewolf-rs,https://pypi.org/project/llmwerewolf-rs/,https://github.com/Mai0313/LLMWereWolf-rs
196427,lambda-lw-http-router,,https://github.com/dev7a/serverless-otlp-forwarder/tree/main/packages/rust/lambda-lw-http-router,288758,@dev7a/otlp-stdout-span-exporter,https://github.com/dev7a/serverless-otlp-forwarder/tree/main/packages/node/otlp-stdout-span-exporter,git+https://github.com/dev7a/serverless-otlp-forwarder.git,314719,lambda-otel-lite,https://pypi.org/project/lambda-otel-lite/,https://github.com/dev7a/serverless-otlp-forwarder/tree/main/packages/python/lambda-otel-lite
132081,omendb-ffi,,https://github.com/omendb/omendb,2770914,omendb,https://github.com/omendb/omendb#readme,git+https://github.com/omendb/omendb.git,430960,omendb,https://pypi.org/project/omendb/,https://github.com/omendb/omendb
98974,in3-sys,https://slock.it/incubed/,https://github.com/blockchainsllc/in3,2217981,in3,https://github.com/blockchainsllc/in3#readme,,280499,in3,https://github.com/blockchainsllc/in3,https://github.com/blockchainsllc/in3
82378,ironcalc,https://www.ironcalc.com,https://github.com/ironcalc/ironcalc/,2245857,ironcalc-wasm-interim,https://github.com/ironcalc/ironcalc#readme,git+https://github.com/ironcalc/ironcalc.git,288316,ironcalc,https://pypi.org/project/ironcalc/,https://github.com/ironcalc/ironcalc
84713,ash-wasm,,https://github.com/3maem/ash,19741,@3maem/ash-wasm,https://github.com/3maem/ash#readme,git+https://github.com/3maem/ash.git,35057,ash-sdk,https://pypi.org/project/ash-sdk/,https://github.com/3maem/ash
102664,siftdb-core,https://github.com/siftdb/siftdb,https://github.com/siftdb/siftdb,3200110,siftdb,https://github.com/siftdb/siftdb#readme,git+https://github.com/siftdb/siftdb.git,590828,siftdb,https://github.com/siftdb/siftdb,https://github.com/siftdb/siftdb
90011,zenbase-llml,,https://github.com/zenbase-ai/llml,1258643,@zenbase/llml,,https://github.com/zenbase-ai/llml.git,720938,zenbase_llml,https://pypi.org/project/zenbase_llml/,https://github.com/zenbase-ai/llml
93235,minclib,https://miscreant.io,https://github.com/miscreant/minclib,2534063,minc-crypto,https://github.com/miscreant/minclib#readme,git+https://github.com/miscreant/minclib.git,359685,minc,https://github.com/miscreant/minclib,https://github.com/miscreant/minclib
136369,raptorq,https://github.com/cberner/raptorq,https://github.com/cberner/raptorq,2955400,raptorq,https://github.com/cberner/raptorq,git+https://github.com/cberner/raptorq.git,545577,raptorq,https://github.com/cberner/raptorq,https://github.com/cberner/raptorq
140665,shaum,,https://github.com/IRedDragonICY/shaum,555711,@islamic/shaum,https://github.com/IRedDragonICY/shaum#readme,git+https://github.com/IRedDragonICY/shaum.git,587719,shaum,https://pypi.org/project/shaum/,https://github.com/IRedDragonICY/shaum
97348,babycat,https://babycat.io,https://github.com/babycat-io/babycat,1423428,babycat,https://babycat.io,git+https://github.com/babycat-io/babycat.git,48574,babycat,https://babycat.io,https://github.com/babycat-io/babycat
153301,m-bus-parser,https://maebli.github.io/,https://github.com/maebli/m-bus-parser,2462317,m-bus-parser-wasm-pack,https://maebli.github.io/,git+https://github.com/maebli/m-bus-parser.git,506534,pymbusparser,https://maebli.github.io/,https://github.com/maebli/m-bus-parser
138266,didkit-cli,https://github.com/spruceid/didkit/tree/main/cli/,https://github.com/spruceid/didkit/,1748543,didkit,https://github.com/spruceid/didkit#readme,git+https://github.com/spruceid/didkit.git,143863,didkit,https://spruceid.dev/docs/didkit/,https://github.com/spruceid/didkit/
99438,kitoken,https://kitoken.dev,https://github.com/Systemcluster/kitoken,2346319,kitoken,https://kitoken.dev,git+https://github.com/Systemcluster/kitoken.git,308132,kitoken,https://pypi.org/project/kitoken/,https://github.com/Systemcluster/kitoken
100994,botanio,,https://github.com/botanio/sdk,1481470,botanio,https://github.com/botanio/sdk#readme,git+https://github.com/botanio/sdk.git,66060,botanio,https://github.com/botanio/sdk,https://github.com/botanio/sdk
210387,umicp-core,https://github.com/hivellm/umicp,https://github.com/hivellm/umicp,475690,@hivehub/umicp-sdk,https://github.com/hivellm/umicp#readme,git+https://github.com/hivellm/umicp.git,675561,umicp-sdk,https://pypi.org/project/umicp-sdk/,https://github.com/hivellm/umicp
104521,bistring,,https://github.com/microsoft/bistring,1461196,bistring,https://github.com/microsoft/bistring#readme,git+https://github.com/microsoft/bistring.git,60556,bistring,https://github.com/microsoft/bistring,https://github.com/microsoft/bistring
111292,watchmend,https://docs.ahriknow.com/watchmen,https://github.com/ahriroot/watchmen.git,3606781,watchmen-rust,https://github.com/ahriroot/watchmen/blob/dev/README.md,,694791,watchmen-rust,https://docs.ahriknow.com/watchmen,https://github.com/ahriroot/watchmen.git
109538,alpaga-test,https://github.com/tonyo/alpaga/,,1108106,@tonyo/alpaga,https://github.com/tonyo/alpaga#readme,git+https://github.com/tonyo/alpaga.git,20471,alpaga,https://github.com/tonyo/alpaga/,https://github.com/tonyo/alpaga/
113216,meta-cli,https://metatype.dev,https://github.com/metatypedev/metatype,1128955,@typegraph/sdk,https://github.com/metatypedev/metatype#readme,git+https://github.com/metatypedev/metatype.git,671532,typegraph,https://metatype.dev,https://github.com/metatypedev/metatype
210003,metacall-sys,,https://github.com/metacall/core/tree/develop/source/ports/rs_port/sys,2520646,metacall,https://metacall.io,git+https://github.com/metacall/core.git,354960,metacall,https://github.com/metacall/core,https://github.com/metacall/core
114808,korvus,https://postgresml.org/,https://github.com/postgresml/korvus,2361587,korvus,https://github.com/postgresml/korvus#readme,git+https://github.com/postgresml/korvus.git,310688,korvus,https://postgresml.org/,https://github.com/postgresml/korvus
119946,serde_tombi,,https://github.com/tombi-toml/tombi,3428608,tombi,https://tombi-toml.github.io/tombi/,git+https://github.com/tombi-toml/tombi.git,655425,tombi,https://pypi.org/project/tombi/,https://github.com/tombi-toml/tombi
119275,huskyup,https://github.com/xiyuzhai-husky-lang/huskyup,https://github.com/rust-lang/rustup,949178,@rusttonpm/strawberry-perl-win-x64,https://github.com/rust-lang/rustup#readme,git+https://github.com/rust-lang/rustup.git,567691,rustup-init-bin,https://github.com/rust-lang/rustup,https://github.com/rust-lang/rustup
144687,lebai_sdk,,https://github.com/lebai-robotics/lebai-sdk.rs,2392560,lebai_sdk,https://github.com/lebai-robotics/lebai-sdk.rs#readme,git+https://github.com/lebai-robotics/lebai-sdk.rs.git,319409,lebai-sdk-asyncio,https://pypi.org/project/lebai-sdk-asyncio/,https://github.com/lebai-robotics/lebai-sdk.rs
123831,plurid_delog,https://plurid.com,https://github.com/plurid/delog,864666,@plurid/delog-server,https://github.com/plurid/delog/blob/master/packages/delog-server/README.md,git+https://github.com/plurid/delog.git,138636,delog,https://github.com/plurid/delog,https://github.com/plurid/delog
124040,owasm2,,https://github.com/bandprotocol/bandchain/tree/master/owasm,2754686,obi.js,,https://github.com/bandprotocol/bandchain/tree/master/obi/obi.js,488304,pyband2,https://github.com/bandprotocol/bandchain,https://github.com/bandprotocol/bandchain
128519,ftp_core_bindings_pyo3,,https://github.com/votre-username/votre-repo,2601616,my-remixjs,https://github.com/votre-username/votre-repo#readme,git+https://github.com/votre-username/votre-repo.git,227727,ftp-core-bindings-pyo3,https://pypi.org/project/ftp-core-bindings-pyo3/,https://github.com/votre-username/votre-repo
130361,chinillaclvmr,https://github.com/Chinilla/chinillaclvm_rs/,https://github.com/Chinilla/chinillaclvm_rs/,1557775,chinillaclvm_wasm,https://github.com/Chinilla/chinillaclvm_rs/,git+https://github.com/Chinilla/chinillaclvm_rs.git,90319,chinillaclvm-rs,https://github.com/Chinilla/chinillaclvm_rs/,https://github.com/Chinilla/chinillaclvm_rs/
138327,uxid,,https://github.com/riddler/uxid,3519295,uxid,https://github.com/riddler/uxid#readme,git+https://github.com/riddler/uxid.git,681614,uxid,https://github.com/riddler/uxid,https://github.com/riddler/uxid
201905,oicana_export,https://oicana.com,https://github.com/oicana/oicana,804381,@oicana/node,https://oicana.com,git+https://github.com/oicana/oicana.git,429935,oicana-native,https://oicana.com,https://github.com/oicana/oicana
141937,umt_rust,,https://github.com/riya-amemiya/UMT,3489197,umt_plugin_node,https://github.com/riya-amemiya/UMT#readme,git://github.com/riya-amemiya/UMT.git,675693,umt-python,https://pypi.org/project/umt-python/,https://github.com/riya-amemiya/UMT
217721,opencowork-cli,https://openco.work,https://github.com/opencowork-ai/opencowork,2779755,opencowork-cli,https://openco.work,git+https://github.com/opencowork-ai/opencowork.git,434555,opencowork-cli,https://pypi.org/project/opencowork-cli/,https://github.com/opencowork-ai/opencowork
145469,curies,https://biopragmatics.github/curies.rs,https://github.com/biopragmatics/curies.rs,149948,@biopragmatics/curies,https://github.com/biopragmatics/curies.rs/tree/main/js,git+https://github.com/biopragmatics/curies.rs.git,122260,curies-rs,https://biopragmatics.github/curies.rs,https://github.com/biopragmatics/curies.rs/tree/main/python
146076,attestation-doc-validation,https://github.com/evervault/attestation-doc-validation,https://github.com/evervault/attestation-doc-validation,1895871,evervault-attestation-bindings,https://github.com/evervault/attestation-doc-validation#readme,git+https://github.com/evervault/attestation-doc-validation.git,196434,evervault-attestation-bindings,https://github.com/evervault/attestation-doc-validation,https://github.com/evervault/attestation-doc-validation
146159,no-cluely-driver,https://github.com/terminalsin/no-cluely,https://github.com/terminalsin/no-cluely,2682787,no-cluely,https://github.com/terminalsin/no-cluely#readme,git+https://github.com/terminalsin/no-cluely.git,398816,no-cluely,https://pypi.org/project/no-cluely/,https://github.com/terminalsin/no-cluely
190504,meme_generator,https://github.com/MemeCrafters/meme-generator-rs,https://github.com/MemeCrafters/meme-generator-rs,700672,@memecrafters/meme-generator-win32-x64-msvc,https://github.com/MemeCrafters/meme-generator-rs,git+https://github.com/MemeCrafters/meme-generator-rs.git,352866,meme-generator-contrib,https://github.com/MemeCrafters/meme-generator-rs,https://github.com/MemeCrafters/meme-generator-rs
146823,cc-check,,https://github.com/arvid-berndtsson/cc-check,103256,@arvid-berndtsson/cc-check,https://github.com/arvid-berndtsson/cc-check#readme,git+https://github.com/arvid-berndtsson/cc-check.git,81827,cc-check,https://pypi.org/project/cc-check/,https://github.com/arvid-berndtsson/cc-check
148054,pctx_code_mode,,https://github.com/portofcontext/pctx,870402,@portofcontext/pctx,https://portofcontext.com,git+https://github.com/portofcontext/pctx.git,452509,pctx-client,https://pypi.org/project/pctx-client/,https://github.com/portofcontext/pctx
147666,cube-lib,https://github.com/initialencounter/cube,https://github.com/initialencounter/cube,545105,@initencounter/cube-win32-x64-msvc,https://github.com/initialencounter/cube/tree/main/bindings/node,git+https://github.com/initialencounter/cube.git,121439,cube-rs,https://github.com/initialencounter/cube,https://github.com/initialencounter/cube
150540,pgml,https://postgresml.org/,https://github.com/postgresml/postgresml,2874072,postgresml,https://github.com/postgresml/postgresml#readme,git+https://github.com/postgresml/postgresml.git,457484,pgml-extension,https://github.com/postgresml/postgresml,https://github.com/postgresml/postgresml
151291,flowtask,https://github.com/andyvandaric/flowtask,https://github.com/andyvandaric/flowtask,1970532,flowtask,https://github.com/andyvandaric/flowtask,git+https://github.com/andyvandaric/flowtask.git,221036,flowtask-cli,https://pypi.org/project/flowtask-cli/,https://github.com/andyvandaric/flowtask
151599,busrt,,https://github.com/alttch/busrt,1505785,busrt,https://github.com/alttch/busrt#readme,git+https://github.com/alttch/busrt.git,72863,busrt-async,https://github.com/alttch/busrt,https://github.com/alttch/busrt
210306,geoarrow-expr-geos,,https://github.com/geoarrow/geoarrow-rs,426051,@geoarrow/geoparquet-wasm,https://github.com/geoarrow/geoarrow-rs#readme,git+https://github.com/geoarrow/geoarrow-rs.git,236795,geoarrow-rust,https://pypi.org/project/geoarrow-rust/,https://github.com/geoarrow/geoarrow-rs
217324,mq-formatter,https://mqlang.org/,https://github.com/harehare/mq,2577490,mq-web,https://mqlang.org,git+https://github.com/harehare/mq.git,343279,markdown-query,https://mqlang.org/,https://github.com/harehare/mq.git
152991,alphadb-cli,https://alphadb.w-kuipers.com,https://github.com/w-kuipers/alphadb,1185527,@w-kuipers/alphadb-mysql,https://alphadb.w-kuipers.com,git+https://github.com/w-kuipers/alphadb.git,20575,alphadb,https://alphadb.w-kuipers.com,https://github.com/w-kuipers/alphadb
214603,perspective-viewer,https://perspective-dev.github.io,https://github.com/perspective-dev/perspective,846056,@perspective-dev/workspace,https://github.com/perspective-dev/perspective#readme,git+https://github.com/perspective-dev/perspective.git,456396,perspective-python,https://perspective-dev.github.io,https://github.com/perspective-dev/perspective
156006,czv,,https://github.com/rzmk/czv,1696176,czv-wasm,https://github.com/rzmk/czv#readme,git+https://github.com/rzmk/czv.git,125331,czv,https://pypi.org/project/czv/,https://github.com/rzmk/czv
215816,memvid-cli,,https://github.com/memvid/memvid,2515376,memvid-cli,https://memvid.com,git+https://github.com/memvid/memvid.git,353283,memvid-sdk,https://pypi.org/project/memvid-sdk/,https://github.com/memvid/memvid
158532,finlib,https://github.com/sarsoo/finlib,https://github.com/sarsoo/finlib,966985,@sarsoo/finlib,https://github.com/sarsoo/finlib,git+https://github.com/sarsoo/finlib.git,498134,pyfinlib,https://github.com/sarsoo/finlib,https://github.com/sarsoo/finlib
212794,vibesql-executor,,https://github.com/rjwalters/vibesql,1169859,@vibesql/client,https://github.com/rjwalters/vibesql#readme,git+https://github.com/rjwalters/vibesql.git,686359,vibesql,https://pypi.org/project/vibesql/,https://github.com/rjwalters/vibesql
159732,pylate-rs,,https://github.com/lightonai/pylate-rs,2918782,pylate-rs,https://github.com/lightonai/pylate-rs#readme,git+https://github.com/lightonai/pylate-rs.git,504333,pylate-rs-mkl,https://pypi.org/project/pylate-rs-mkl/,https://github.com/lightonai/pylate-rs
172308,lang-unicodes,https://chinese-font.netlify.app/,https://github.com/konghaYao/cn-font-split,3551032,vite-plugin-font-patch-chunksize,https://chinese-font.netlify.app,git+https://github.com/KonghaYao/cn-font-split.git#release,100022,cn-font-split,https://github.com/KonghaYao/cn-font-split/tree/release/packages/ffi-py,https://github.com/KonghaYao/cn-font-split/tree/release/packages/ffi-py
168026,orphos-core,,https://github.com/FullHuman/orphos,412584,@fullhuman/orphos,https://github.com/fullhuman/orphos#readme,git+https://github.com/fullhuman/orphos.git,440606,orphos,https://pypi.org/project/orphos/,https://github.com/FullHuman/orphos
160937,rextio,,https://github.com/rextio/rextio,3089108,rextio,https://github.com/rextio/rextio#readme,git+https://github.com/rextio/rextio.git,557118,rextio,https://github.com/rextio/rextio,https://github.com/rextio/rextio
161713,klvm_tools_rs,,https://github.com/Chik-Network/klvm_tools_rs,2349160,klvm_tools_wasm,https://prozacchiwawa.github.io/klvm_tools_rs/,git+https://github.com/Chik-Network/klvm_tools_rs.git,309070,klvm-tools-rs,https://pypi.org/project/klvm-tools-rs/,https://github.com/Chik-Network/klvm_tools_rs
161724,study_2025_1_7,https://your-project-homepage.com,https://github.com/yourusername/your-repo,3732684,zhongrui-game-objects-2025,https://github.com/yourusername/your-repo#readme,git+https://github.com/yourusername/your-repo.git,711321,XMLC,https://github.com/yourusername/your-repo,https://github.com/yourusername/your-repo
162267,puzzle-game,https://github.com/initialencounter/puzzle,https://github.com/initialencounter/puzzle,545117,@initencounter/puzzle-win32-x64-msvc,https://github.com/initialencounter/puzzle/tree/main/bindings/node,git+https://github.com/initialencounter/puzzle.git,484751,puzzle-rs,https://github.com/initialencounter/puzzle,https://github.com/initialencounter/puzzle
163940,ledger_bitcoin_client,,https://github.com/LedgerHQ/app-bitcoin-new,2392979,ledger-bitcoin,https://github.com/LedgerHQ/app-bitcoin-new#readme,git+https://github.com/LedgerHQ/app-bitcoin-new.git,319504,ledger-bitcoin,https://github.com/LedgerHQ/app-bitcoin-new,https://github.com/LedgerHQ/app-bitcoin-new
165394,gatelogue-types,https://mrt-map.github.io/gatelogue,https://github.com/mrt-map/gatelogue,2011224,gatelogue-types,https://mrt-map.github.io/gatelogue,git+https://github.com/MRT-Map/gatelogue.git,232371,gatelogue-types,https://pypi.org/project/gatelogue-types/,https://github.com/mrt-map/gatelogue
165541,flexpolyline,,https://github.com/heremaps/flexible-polyline.git,644562,@liberty-rider/flexpolyline,https://github.com/heremaps/flexible-polyline#readme,git+https://github.com/heremaps/flexible-polyline.git,219998,flexpolyline,https://here.com,https://github.com/heremaps/flexible-polyline.git
168458,tree-sitter-toon,,https://github.com/3swordman/tree-sitter-toon,3443124,tree-sitter-toon,https://github.com/3swordman/tree-sitter-toon#readme,git+https://github.com/3swordman/tree-sitter-toon.git,664303,tree-sitter-toon,https://pypi.org/project/tree-sitter-toon/,https://github.com/3swordman/tree-sitter-toon
169524,liba,https://github.com/tqfx/liba,https://github.com/tqfx/liba,1111635,@tqfx/liba,https://github.com/tqfx/liba#readme,git+https://github.com/tqfx/liba.git,321609,liba,https://github.com/tqfx/liba,https://github.com/tqfx/liba
169704,typedb-driver,https://github.com/typedb/typedb-driver,https://github.com/typedb/typedb-driver,3470079,typedb-driver-http,https://typedb.com,git+https://github.com/typedb/typedb-driver.git,671253,typedb-driver,https://github.com/typedb/typedb-driver,https://github.com/typedb/typedb-driver
170511,cao-lang,,https://github.com/caolo-game/cao-lang.git,182627,@caolo-game/cao-lang-wasm,https://github.com/caolo-game/cao-lang#readme,git+https://github.com/caolo-game/cao-lang.git,78486,cao-lang,https://github.com/caolo-game/cao-lang,https://github.com/caolo-game/cao-lang
171177,libpep,https://github.com/NOLAI/libpep,https://github.com/NOLAI/libpep,785870,@nolai/libpep-wasm,https://github.com/NOLAI/libpep#readme,git+https://github.com/NOLAI/libpep.git,322651,libpep-py,https://github.com/NOLAI/libpep,https://github.com/NOLAI/libpep
171514,balancer-maths-rust,,https://github.com/balancer/balancer-maths,131146,@balancer-labs/balancer-maths,https://github.com/balancer/balancer-maths#readme,git+https://github.com/balancer/balancer-maths.git,49935,balancer-maths,https://pypi.org/project/balancer-maths/,https://github.com/balancer/balancer-maths
172405,valdo,,https://github.com/shenxiangzhuang/valdo,3524090,valdo-js,https://github.com/shenxiangzhuang/valdo#readme,git+https://github.com/shenxiangzhuang/valdo.git,682113,valdo,https://pypi.org/project/valdo/,https://github.com/shenxiangzhuang/valdo
172786,aoe2rec-js,,https://github.com/aoe2ct/aoe2rec,1352996,aoe2rec-js,https://github.com/aoe2ct/aoe2rec#readme,git+https://github.com/aoe2ct/aoe2rec.git,26817,aoe2rec-py,https://pypi.org/project/aoe2rec-py/,https://github.com/aoe2ct/aoe2rec/tree/main/crates/aoe2rec-py
173424,memchunk,,https://github.com/chonkie-inc/memchunk,2514186,memchunk,https://github.com/chonkie-inc/memchunk#readme,git+https://github.com/chonkie-inc/memchunk.git,352825,memchunk,https://pypi.org/project/memchunk/,https://github.com/chonkie-inc/memchunk
173660,schemapin,https://github.com/thirdkey/schemapin,https://github.com/thirdkey/schemapin,3153134,schemapin,https://github.com/thirdkey/schemapin#readme,git+https://github.com/thirdkey/schemapin.git,575024,schemapin,https://github.com/thirdkey/schemapin,https://github.com/thirdkey/schemapin
173947,chialisp,,https://github.com/Chia-Network/chialisp,199058,@chia/chialisp,https://prozacchiwawa.github.io/chialisp/,git+https://github.com/Chia-Network/chialisp.git,89908,chialisp,https://pypi.org/project/chialisp/,https://github.com/Chia-Network/chialisp
175592,mathhook,https://github.com/AhmedMashour/mathhook,https://github.com/AhmedMashour/mathhook,2495464,mathhook-node-win32-x64-msvc,https://github.com/AhmedMashour/mathhook,git+https://github.com/AhmedMashour/mathhook.git,345308,mathhook,https://github.com/AhmedMashour/mathhook,https://github.com/AhmedMashour/mathhook
176171,fastgeotoolkit,https://github.com/a0a7/fastgeotoolkit,https://github.com/a0a7/fastgeotoolkit,1931001,fastgeotoolkit,https://github.com/a0a7/fastgeotoolkit,git+https://github.com/a0a7/fastgeotoolkit.git,206426,fastgeotoolkit,https://pypi.org/project/fastgeotoolkit/,https://github.com/a0a7/fastgeotoolkit
176182,minimax-cli,,https://github.com/Hmbown/MiniMax-CLI,476465,@hmbown/minimax-cli,https://github.com/Hmbown/MiniMax-CLI,git+https://github.com/Hmbown/MiniMax-CLI.git,360641,MiniMax-CLI,https://pypi.org/project/MiniMax-CLI/,https://github.com/Hmbown/MiniMax-CLI
176929,acp-wasm,,https://github.com/stateset/stateset-acp-handler,1037916,@stateset/acp-native,https://github.com/stateset/stateset-acp-handler#readme,git+https://github.com/stateset/stateset-acp-handler.git,618494,stateset-acp-native,https://pypi.org/project/stateset-acp-native/,https://github.com/stateset/stateset-acp-handler
176433,thira,https://github.com/ervan0707/thira,https://github.com/ervan0707/thira,3405221,thira-windows-x64,https://github.com/ervan0707/thira#readme,git+https://github.com/ervan0707/thira.git,648526,thira,https://github.com/ervan0707/thira,https://github.com/ervan0707/thira
178556,decasify,https://github.com/alerque/decasify,https://github.com/alerque/decasify,1720872,decasify,https://github.com/alerque/decasify,git+https://github.com/alerque/decasify.git,135940,decasify,https://github.com/alerque/decasify,https://github.com/alerque/decasify
210921,databend-driver-core,,https://github.com/databendlabs/bendsql,1707902,databend-driver,https://github.com/databendlabs/bendsql#readme,git+https://github.com/databendlabs/bendsql.git,128664,databend-driver,https://pypi.org/project/databend-driver/,https://github.com/databendlabs/bendsql
179829,id32,,https://github.com/kahnpoint/id32,2198737,id32,https://github.com/kahnpoint/id32#readme,git+https://github.com/kahnpoint/id32.git,274739,id32,https://github.com/kahnpoint/id32,https://github.com/kahnpoint/id32
180113,eva-lsl,,https://github.com/eva-ics/eva4,359303,@eva-ics/sdk,https://github.com/eva-ics/eva4#readme,git+https://github.com/eva-ics/eva4.git,195890,eva-shell,https://github.com/eva-ics/eva4,https://github.com/eva-ics/eva4
180278,veloxx,,https://github.com/Conqxeror/veloxx,3533122,veloxx,https://github.com/Conqxeror/veloxx#readme,git+https://github.com/Conqxeror/veloxx.git,684685,veloxx,https://pypi.org/project/veloxx/,https://github.com/Conqxeror/veloxx
216728,llmcc-bumpalo,,https://github.com/allenanswerzq/llmcc.git,2430608,llmcc-cli,https://github.com/allenanswerzq/llmcc,git+https://github.com/allenanswerzq/llmcc.git,329765,llmcc,https://github.com/allenanswerzq/llmcc,https://github.com/allenanswerzq/llmcc.git
181722,vecstore,https://github.com/PhilipJohnBasile/vecstore,https://github.com/PhilipJohnBasile/vecstore,3531781,vecstore-wasm,https://github.com/PhilipJohnBasile/vecstore#readme,git+https://github.com/PhilipJohnBasile/vecstore.git,684094,vecstore-rs,https://github.com/PhilipJohnBasile/vecstore,https://github.com/PhilipJohnBasile/vecstore
182405,japanese-address-parser,,https://github.com/YuukiToriyama/japanese-address-parser,1109682,@toriyama/japanese-address-parser,https://github.com/YuukiToriyama/japanese-address-parser#readme,git+https://github.com/YuukiToriyama/japanese-address-parser.git,291911,japanese-address-parser-py,https://pypi.org/project/japanese-address-parser-py/,https://github.com/YuukiToriyama/japanese-address-parser
212730,quillmark-acroform,https://github.com/nibsbin/quillmark,https://github.com/nibsbin/quillmark,895466,@quillmark/wasm,https://github.com/nibsbin/quillmark#readme,git+https://github.com/nibsbin/quillmark.git,541726,quillmark,https://pypi.org/project/quillmark/,https://github.com/nibsbin/quillmark
184041,lambda-otel-utils,https://github.com/dev7a/package-archive,https://github.com/dev7a/package-archive/tree/main/packages/rust/lambda-otel-utils,288757,@dev7a/otlp-stdout-exporter,https://github.com/dev7a/package-archive/tree/main/packages/node/exporter,git+https://github.com/dev7a/package-archive.git,442149,otlp-stdout-adapter,https://pypi.org/project/otlp-stdout-adapter/,https://github.com/dev7a/package-archive/tree/main/packages/python/adapter
184401,mathlikeanim-rs,,https://github.com/MathItYT/mathlikeanim-rs,2495612,mathlikeanim-rs,https://github.com/MathItYT/mathlikeanim-rs#readme,git+https://github.com/MathItYT/mathlikeanim-rs.git,345395,mathlikeanim-rs,https://github.com/MathItYT/mathlikeanim-rs,https://github.com/MathItYT/mathlikeanim-rs
184614,semtools,,https://github.com/run-llama/semtools,655701,@llamaindex/semtools,https://github.com/run-llama/semtools#readme,git+https://github.com/run-llama/semtools.git,271409,hwdocs-mcp,https://pypi.org/project/hwdocs-mcp/,https://github.com/run-llama/semtools
185081,vovk_hello_world,https://vovk.dev/hello-world,https://github.com/finom/vovk-hello-world.git,3560968,vovk-hello-world,https://vovk.dev/hello-world,git+https://github.com/finom/vovk-hello-world.git,691128,vovk-hello-world,https://pypi.org/project/vovk-hello-world/,https://github.com/finom/vovk-hello-world.git
188794,lingua-zulu-language-model,https://github.com/pemistahl/lingua-rs,https://github.com/pemistahl/lingua-rs,2414347,lingua-wasm-test-mc,https://github.com/pemistahl/lingua-rs,git+https://github.com/pemistahl/lingua-rs.git,325765,lingua-language-detector,https://github.com/pemistahl/lingua-rs,https://github.com/pemistahl/lingua-rs
185990,lockserver,https://github.com/benliao/lockserver,https://github.com/benliao/lockserver,2435899,lockserver-client,https://github.com/benliao/lockserver#readme,git+https://github.com/benliao/lockserver.git,332006,lockserver-client,https://github.com/benliao/lockserver,https://github.com/benliao/lockserver
186757,qwed,,https://github.com/QWED-AI/qwed-verification,896361,@qwed-ai/sdk,https://github.com/QWED-AI/qwed-verification#readme,git+https://github.com/QWED-AI/qwed-verification.git,542363,qwed,https://pypi.org/project/qwed/,https://github.com/QWED-AI/qwed-verification
216294,ghost-flow,https://github.com/choksi2212/ghost-flow,https://github.com/choksi2212/ghost-flow,2048637,ghostflow-wasm,https://github.com/choksi2212/ghost-flow#readme,git+https://github.com/choksi2212/ghost-flow.git,240056,ghost-flow,https://pypi.org/project/ghost-flow/,https://github.com/choksi2212/ghost-flow
188132,rbox,,https://github.com/dylanljones/rbox,2959262,rbox-js,https://github.com/dylanljones/rbox#readme,git+https://github.com/dylanljones/rbox.git,546900,rbox,https://pypi.org/project/rbox/,https://github.com/dylanljones/rbox
189415,gitfluff,https://github.com/Goldziher/gitfluff,https://github.com/Goldziher/gitfluff,2057715,gitfluff,https://github.com/Goldziher/gitfluff#readme,git+https://github.com/Goldziher/gitfluff.git,241727,gitfluff,https://pypi.org/project/gitfluff/,https://github.com/Goldziher/gitfluff.git
194399,zakat-cli,,https://github.com/IRedDragonICY/zakatrs,555712,@islamic/zakat,https://github.com/IRedDragonICY/zakatrs#readme,git+https://github.com/IRedDragonICY/zakatrs.git,719969,zakatrs,https://pypi.org/project/zakatrs/,https://github.com/IRedDragonICY/zakatrs
192724,goiam,https://github.com/melvinodsa/go-iam-sdk,https://github.com/melvinodsa/go-iam-sdk,437467,@goiam/typescript,https://github.com/melvinodsa/go-iam-sdk#readme,git+https://github.com/melvinodsa/go-iam-sdk.git,245938,goiam-python,https://pypi.org/project/goiam-python/,https://github.com/melvinodsa/go-iam-sdk.git
193507,exarch-core,https://github.com/bug-ops/exarch,https://github.com/bug-ops/exarch,1899189,exarch-rs,https://github.com/bug-ops/exarch,git+https://github.com/bug-ops/exarch.git,198570,exarch,https://github.com/bug-ops/exarch,https://github.com/bug-ops/exarch
193569,vaultarq,https://github.com/Vaultarq/vaultarq,https://github.com/Vaultarq/vaultarq,3529501,vaultarq-node,https://github.com/Vaultarq/vaultarq,git+https://github.com/Vaultarq/vaultarq.git,683247,vaultarq,https://github.com/Vaultarq/vaultarq,https://github.com/Vaultarq/vaultarq
194728,cql2-cli,https://github.com/developmentseed/cql2-rs,https://github.com/developmentseed/cql2-rs,1647834,cql2-wasm,https://github.com/developmentseed/cql2-rs,git+https://github.com/developmentseed/cql2-rs.git,115614,cql2,https://github.com/developmentseed/cql2-rs,https://github.com/developmentseed/cql2-rs
195406,tauq,https://www.tauq.org,https://github.com/epistates/tauq,3346706,tauq,https://github.com/epistates/tauq#readme,git+https://github.com/epistates/tauq.git,636155,tauq,https://www.tauq.org,https://github.com/epistates/tauq
196788,larkin-mcp,https://github.com/johnlarkin1/larkin-mcp,https://github.com/johnlarkin1/larkin-mcp,579343,@johnlarkin1/larkin-mcp,https://github.com/johnlarkin1/larkin-mcp,git+https://github.com/johnlarkin1/larkin-mcp.git,316567,larkin-mcp,https://pypi.org/project/larkin-mcp/,https://github.com/johnlarkin1/larkin-mcp
197435,connect-four-ai,https://github.com/benjaminrall/connect-four-ai,https://github.com/benjaminrall/connect-four-ai,1619185,connect-four-ai-wasm,https://github.com/benjaminrall/connect-four-ai,git+https://github.com/benjaminrall/connect-four-ai.git,109702,connect-four-ai,https://github.com/benjaminrall/connect-four-ai,https://github.com/benjaminrall/connect-four-ai
199124,rf24ble-rs,https://nRF24.github.io/rf24-rs,https://github.com/nRF24/rf24-rs,927342,@rf24/rf24-win32-x64-msvc,https://rf24-rs.rtfd.io/en/latest/node-api/,git+https://github.com/nRF24/rf24-rs.git,557186,rf24-py,https://pypi.org/project/rf24-py/,https://github.com/nRF24/rf24-rs
200739,clvm_tools_rs,,https://github.com/Chia-Network/clvm_tools_rs,1584136,clvm-tools-interface,https://github.com/Chia-Network/clvm_tools_rs#readme,git+https://github.com/Chia-Network/clvm_tools_rs.git,98778,clvm-tools-rs,https://pypi.org/project/clvm-tools-rs/,https://github.com/Chia-Network/clvm_tools_rs
201238,hlx,,https://github.com/cyber-boost/helix,2135270,helix-hlx,https://github.com/cyber-boost/helix,git+https://github.com/cyber-boost/helix.git,261128,helix-hlx,https://pypi.org/project/helix-hlx/,https://github.com/cyber-boost/helix
201586,tempconverter2025,,https://github.com/Cryptonations/tempconverter2025,3366119,tempconverter2025,https://github.com/Cryptonations/tempconverter2025#readme,git+https://github.com/Cryptonations/tempconverter2025.git,639162,tempconverter2025,https://github.com/Cryptonations/tempconverter2025,https://github.com/Cryptonations/tempconverter2025
202949,nol36,,https://github.com/radiiplus/nol36,2717170,nol36,https://github.com/radiiplus/nol36#readme,git+https://github.com/radiiplus/nol36.git,399282,nol36,https://pypi.org/project/nol36/,https://github.com/radiiplus/nol36
204486,kotadb,,https://github.com/jayminwest/kota-db,2361814,kotadb-client,https://github.com/jayminwest/kota-db#readme,git+https://github.com/jayminwest/kota-db.git,310757,kotadb-client,https://github.com/jayminwest/kota-db,https://github.com/jayminwest/kota-db
204595,vectorizer-sdk,,https://github.com/hivellm/vectorizer.git,475693,@hivehub/vectorizer-sdk-js,https://github.com/hivellm/vectorizer#readme,git+https://github.com/hivellm/vectorizer.git,684234,vectorizer-sdk,https://pypi.org/project/vectorizer-sdk/,https://github.com/hivellm/vectorizer
204971,llmkit,,https://github.com/yfedoseev/llmkit,2430634,llmkit-node,https://github.com/yfedoseev/llmkit#readme,git+https://github.com/yfedoseev/llmkit.git,330164,llmkit-python,https://pypi.org/project/llmkit-python/,https://github.com/yfedoseev/llmkit
205792,mctext,,https://github.com/hexze/mctext,471165,@hexze/mctext-wasm,https://github.com/hexze/mctext#readme,git+https://github.com/hexze/mctext.git,349982,mctext,https://pypi.org/project/mctext/,https://github.com/hexze/mctext
215948,terminator-rs,https://github.com/mediar-ai/terminator,https://github.com/mediar-ai/terminator,3370033,terminator.js-win32-x64-msvc,https://github.com/mediar-ai/terminator#readme,git+https://github.com/mediar-ai/terminator.git,641343,terminator-py,https://pypi.org/project/terminator-py/,https://github.com/mediar-ai/terminator
205864,bleuscore,,https://github.com/shenxiangzhuang/bleuscore,1467609,bleuscore-js,https://github.com/shenxiangzhuang/bleuscore#readme,git+https://github.com/shenxiangzhuang/bleuscore.git,62302,bleuscore,https://pypi.org/project/bleuscore/,https://github.com/shenxiangzhuang/bleuscore
211173,fast-yaml-ffi,,https://github.com/bug-ops/fast-yaml,1932289,fastyaml-rs,https://github.com/bug-ops/fast-yaml#readme,git+https://github.com/bug-ops/fast-yaml.git,207562,fastyaml-rs,https://pypi.org/project/fastyaml-rs/,https://github.com/bug-ops/fast-yaml
207395,contextlite-client,https://contextlite.com,https://github.com/Michael-A-Kuykendall/contextlite,1624131,contextlite,https://contextlite.com,git+https://github.com/Michael-A-Kuykendall/contextlite.git,110742,contextlite,https://pypi.org/project/contextlite/,https://github.com/Michael-A-Kuykendall/contextlite
208776,nanopub,https://vemonet.github.io/nanopub-rs,https://github.com/vemonet/nanopub-rs/tree/main/lib,752432,@nanopub/sign,https://github.com/vemonet/nanopub-rs/tree/main/js,git+https://github.com/vemonet/nanopub-rs.git,385559,nanopub-sign,https://vemonet.github.io/nanopub-rs,https://github.com/vemonet/nanopub-rs/tree/main/python
209937,oxa-types,,https://github.com/oxa-dev/oxa,2795823,oxa-types,https://github.com/oxa-dev/oxa#readme,git+https://github.com/oxa-dev/oxa.git,443673,oxa-types,https://pypi.org/project/oxa-types/,https://github.com/oxa-dev/oxa.git
210057,sea-core,https://github.com/GodSpeedAI/DomainForge,https://github.com/GodSpeedAI/DomainForge,1029663,@sprime01/sea-wasm,https://github.com/GodSpeedAI/DomainForge,git+https://github.com/GodSpeedAI/DomainForge.git,579640,sea-dsl,https://github.com/GodSpeedAI/DomainForge,https://github.com/GodSpeedAI/DomainForge
210214,todozi,,https://github.com/cyber-boost/todozi,3426948,todozi,https://github.com/cyber-boost/todozi#readme,git+https://github.com/cyber-boost/todozi.git,654801,todozi,https://github.com/cyber-boost/todozi,https://github.com/cyber-boost/todozi
210598,myip-foo,https://myip.foo,https://github.com/virtualox/myip-packages,2607728,myip-foo,https://myip.foo,git+https://github.com/virtualox/myip-packages.git,381111,myip-foo,https://pypi.org/project/myip-foo/,https://github.com/virtualox/myip-packages
210963,vtx-cli,https://github.com/vtxdeo/vtx-cli,https://github.com/vtxdeo/vtx-cli,1182443,@vtxdeo/cli-win32-x64,https://github.com/vtxdeo/vtx-cli#readme,git+https://github.com/vtxdeo/vtx-cli.git,692284,vtx-cli,https://github.com/vtxdeo/vtx-cli,https://github.com/vtxdeo/vtx-cli
215625,gtfs-guru-core,https://github.com/abasis-ltd/gtfs.guru,https://github.com/abasis-ltd/gtfs.guru,24843,@abasisltd/gtfs-guru-wasm,https://github.com/abasis-ltd/gtfs.guru,git+https://github.com/abasis-ltd/gtfs.guru.git,253883,gtfs-guru,https://github.com/abasis-ltd/gtfs.guru,https://github.com/abasis-ltd/gtfs.guru
211584,rust-ucenter,,https://github.com/username/repo,3718374,z-sample-library,https://github.com/username/repo#readme,git+https://github.com/username/repo.git,675040,ukrit,https://github.com/username/repo.git,https://github.com/username/repo.git
212185,rumoca,https://github.com/cognipilot/rumoca,https://github.com/cognipilot/rumoca,3122024,rumoca,https://github.com/cognipilot/rumoca,git+https://github.com/cognipilot/rumoca.git,566781,rumoca,https://github.com/cognipilot/rumoca,https://github.com/cognipilot/rumoca
212288,mpc-wallet-relay,https://github.com/Kazopl/mpc-agent-wallet,https://github.com/Kazopl/mpc-agent-wallet,737526,@mpc-wallet/wasm,https://github.com/Kazopl/mpc-agent-wallet,git+https://github.com/Kazopl/mpc-agent-wallet.git,373107,mpc-wallet,https://pypi.org/project/mpc-wallet/,https://github.com/Kazopl/mpc-agent-wallet.git
213056,notifsh,,https://github.com/filipexyz/notif,2721533,notif.sh,https://github.com/filipexyz/notif#readme,git+https://github.com/filipexyz/notif.git,402168,notifsh,https://pypi.org/project/notifsh/,https://github.com/filipexyz/notif
213169,ply2splat,,https://github.com/bastikohn/ply2splat,2857790,ply2splat-native,https://github.com/bastikohn/ply2splat#readme,git+https://github.com/bastikohn/ply2splat.git,467219,ply2splat,https://pypi.org/project/ply2splat/,https://github.com/bastikohn/ply2splat
213351,feedparser-rs,,https://github.com/bug-ops/feedparser-rs,1939137,feedparser-rs,https://github.com/bug-ops/feedparser-rs#readme,git+https://github.com/bug-ops/feedparser-rs.git,209352,feedparser-rs,https://pypi.org/project/feedparser-rs/,https://github.com/bug-ops/feedparser-rs
214041,hct-mcp-signals,https://github.com/stefanwiest/hct-mcp-signals,https://github.com/stefanwiest/hct-mcp-signals,463818,@hct-mcp/signals,https://github.com/stefanwiest/hct-mcp-signals#readme,git+https://github.com/stefanwiest/hct-mcp-signals.git,259811,hct-mcp-signals,https://pypi.org/project/hct-mcp-signals/,https://github.com/stefanwiest/hct-mcp-signals
214058,reversejp,https://github.com/ringsaturn/reversejp,https://github.com/ringsaturn/reversejp,3087775,reversejp-wasm,https://github.com/ringsaturn/reversejp,git+https://github.com/ringsaturn/reversejp.git,556759,reversejp,https://pypi.org/project/reversejp/,https://github.com/ringsaturn/reversejp
215309,zengeld-canvas,https://github.com/zengeld/zengeld-canvas,https://github.com/zengeld/zengeld-canvas,3726302,zengeld-canvas,https://github.com/zengeld/zengeld-canvas#readme,git+https://github.com/zengeld/zengeld-canvas.git,721012,zengeld-canvas,https://pypi.org/project/zengeld-canvas/,https://github.com/zengeld/zengeld-canvas
215812,infiniloom-engine,,https://github.com/Topos-Labs/infiniloom,2222478,infiniloom-node,https://toposlabs.ai/infiniloom/,git+https://github.com/Topos-Labs/infiniloom.git,281573,infiniloom,https://pypi.org/project/infiniloom/,https://github.com/Topos-Labs/infiniloom
215785,headlamp,https://github.com/dbpiper/headlamp,https://github.com/dbpiper/headlamp,2132268,headlamp,https://github.com/dbpiper/headlamp#readme,git+https://github.com/dbpiper/headlamp.git,260210,headlamp,https://pypi.org/project/headlamp/,https://github.com/dbpiper/headlamp
215800,xpatch,https://github.com/ImGajeed76/xpatch,https://github.com/ImGajeed76/xpatch,3683833,xpatch-wasm,https://github.com/ImGajeed76/xpatch,git+https://github.com/ImGajeed76/xpatch.git,712030,xpatch-rs,https://github.com/ImGajeed76/xpatch,https://github.com/ImGajeed76/xpatch
216264,dcap-qvl-cli,,https://github.com/Phala-Network/dcap-qvl,1716769,dcap-qvl,https://github.com/Phala-Network/dcap-qvl#readme,git+https://github.com/Phala-Network/dcap-qvl.git,134505,dcap-qvl,https://pypi.org/project/dcap-qvl/,https://github.com/Phala-Network/dcap-qvl
216318,fastLowess,https://github.com/thisisamirv/lowess-project,https://github.com/thisisamirv/lowess-project,1931941,fastlowess-wasm,https://github.com/thisisamirv/lowess-project,git+https://github.com/thisisamirv/lowess-project.git,206709,fastlowess,https://github.com/thisisamirv/lowess-project,https://github.com/thisisamirv/lowess-project
