Normalized_URL,Maven_ID,Maven_Name,Maven_Homepage,Maven_Repo,NPM_ID,NPM_Name,NPM_Homepage,NPM_Repo,PHP_ID,PHP_Name,PHP_Homepage,PHP_Repo
github.com/mottie/keyboard,68548,org.webjars.bower:github-com-Mottie-Keyboard,http://webjars.org,https://github.com/Mottie/Keyboard,3547058,virtual-keyboard,https://github.com/Mottie/Keyboard,git://github.com/Mottie/keyboard.git,251368,mottie/keyboard,,https://github.com/mottie/keyboard
github.com/videojs/video.js,67729,org.webjars.bower:github-com-videojs-video-js,http://webjars.org,https://github.com/videojs/video.js,3706561,yojiang-video.js,https://videojs.com,git+https://github.com/videojs/video.js.git,397931,videojs/video.js,,https://github.com/videojs/video.js
github.com/ttskch/select2-bootstrap4-theme,56707,org.webjars.npm:github-com-ttskch-select2-bootstrap4-theme,http://webjars.org,https://github.com/ttskch/select2-bootstrap4-theme,1122979,@ttskch/select2-bootstrap4-theme,https://github.com/ttskch/select2-bootstrap4-theme#readme,git+ssh://git@github.com/ttskch/select2-bootstrap4-theme.git,387571,ttskch/select2-bootstrap4-theme,,https://github.com/ttskch/select2-bootstrap4-theme
github.com/orchidjs/tom-select,133665,org.mvnpm:tom-select,https://tom-select.js.org,https://github.com/orchidjs/tom-select,3638672,whitedigital-eu-tom-select,https://tom-select.js.org,git+https://github.com/orchidjs/tom-select.git,279082,orchidjs/tom-select,,https://github.com/orchidjs/tom-select
github.com/todc/todc-bootstrap,66397,org.webjars.bower:todc-bootstrap,http://webjars.org,https://github.com/todc/todc-bootstrap,3425901,todc-bootstrap,https://todc.github.com/todc-bootstrap/,git+https://github.com/todc/todc-bootstrap.git,382179,todc/todc-bootstrap,,https://github.com/todc/todc-bootstrap
github.com/mklkj/tinymce-i18n,48902,org.webjars.npm:tinymce-i18n,https://www.webjars.org,https://github.com/mklkj/tinymce-i18n,3419269,tinymce-i18n,https://github.com/mklkj/tinymce-i18n,git+https://github.com/mklkj/tinymce-i18n.git,246633,mklkj/tinymce-i18n,,https://github.com/mklkj/tinymce-i18n
github.com/jonthornton/jquery-timepicker,67400,org.webjars.bower:jquery-timepicker-jt,http://webjars.org,https://github.com/jonthornton/jquery-timepicker,3415488,timepicker-pk,http://jonthornton.github.com/jquery-timepicker/,git+https://github.com/jonthornton/jquery-timepicker.git,187205,jonthornton/jquery-timepicker,,https://github.com/jonthornton/jquery-timepicker
github.com/tempusdominus/core,67783,org.webjars.bower:github-com-tempusdominus-core,http://webjars.org,https://github.com/tempusdominus/core,3367687,tempusdominus-core-tbk,https://github.com/tempusdominus/core,git+https://github.com/tempusdominus/core.git,373334,tempusdominus/core,,https://github.com/tempusdominus/core
github.com/tempusdominus/bootstrap-4,67784,org.webjars.bower:github-com-tempusdominus-bootstrap-4,http://webjars.org,https://github.com/tempusdominus/bootstrap-4,3367684,tempusdominus-bootstrap-4_sdi,https://tempusdominus.github.io/bootstrap-4/,git+https://github.com/tempusdominus/bootstrap-4.git,373333,tempusdominus/bootstrap-4,,https://github.com/tempusdominus/bootstrap-4
github.com/tonix-tuft/tempusdominus-bootstrap,49059,org.webjars.npm:tempusdominus-bootstrap,https://www.webjars.org,https://github.com/tonix-tuft/tempusdominus-bootstrap,3367681,tempusdominus-bootstrap,https://github.com/tonix-tuft/tempusdominus-bootstrap#readme,git+https://github.com/tonix-tuft/tempusdominus-bootstrap.git,383523,tonix-tuft/tempusdominus-bootstrap,,https://github.com/tonix-tuft/tempusdominus-bootstrap
github.com/simple-icons/simple-icons,49932,org.webjars.npm:simple-icons,https://www.webjars.org,https://github.com/simple-icons/simple-icons,3206462,simple-icons,https://simpleicons.org,git+ssh://git@github.com/simple-icons/simple-icons.git,342706,simple-icons/simple-icons,,https://github.com/simple-icons/simple-icons
github.com/semantic-org/semantic-ui,134056,org.mvnpm:semantic-ui,http://www.semantic-ui.com,git://github.com/Semantic-Org/Semantic-UI,3235908,sn-semantic-ui,http://www.semantic-ui.com,git://github.com/Semantic-Org/Semantic-UI.git,334708,semantic/ui,,https://github.com/Semantic-Org/Semantic-UI
github.com/const-se/selectize-bootstrap4-theme,50150,org.webjars.npm:selectize-bootstrap4-theme,http://webjars.org,https://github.com/const-se/selectize-bootstrap4-theme,3167398,selectize-bootstrap4-theme,https://github.com/const-se/selectize-bootstrap4-theme#readme,git+https://github.com/const-se/selectize-bootstrap4-theme.git,73569,const-se/selectize-bootstrap4-theme,,https://github.com/const-se/selectize-bootstrap4-theme
github.com/apalfrey/select2-bootstrap-5-theme,134060,org.mvnpm:select2-bootstrap-5-theme,https://github.com/apalfrey/select2-bootstrap-5-theme#readme,https://github.com/apalfrey/select2-bootstrap-5-theme,3167110,select2-bootstrap-5-theme,https://github.com/apalfrey/select2-bootstrap-5-theme#readme,git+https://github.com/apalfrey/select2-bootstrap-5-theme.git,23527,apalfrey/select2-bootstrap-5-theme,,https://github.com/apalfrey/select2-bootstrap-5-theme
github.com/select2/select2,134061,org.mvnpm:select2,https://select2.org,git://github.com/select2/select2,3242452,sog-select2,https://select2.org,git://github.com/select2/select2.git,334407,select2/select2,,https://github.com/select2/select2
github.com/prismjs/prism,134507,org.mvnpm:prismjs,https://github.com/PrismJS/prism#readme,https://github.com/PrismJS/prism,2888200,prismjs-twilight-theme,https://github.com/PrismJS/prism#readme,git+https://github.com/PrismJS/prism.git,303001,prismjs/prism,,https://github.com/PrismJS/prism
github.com/nicolaskruchten/pivottable,67999,org.webjars.bower:github-com-nicolaskruchten-pivottable,http://webjars.org,https://github.com/nicolaskruchten/pivottable,2847626,pivottable,https://github.com/nicolaskruchten/pivottable,git://github.com/nicolaskruchten/pivottable.git,265710,nicolaskruchten/pivottable,,https://github.com/nicolaskruchten/pivottable
github.com/scottjehl/picturefill,66789,org.webjars.bower:picturefill,http://webjars.org,https://github.com/scottjehl/picturefill,2841656,picturefill,https://scottjehl.github.io/picturefill/,git+ssh://git@github.com/scottjehl/picturefill.git,332573,scottjehl/picturefill,,https://github.com/scottjehl/picturefill
github.com/picocss/pico,138130,org.mvnpm.at.picocss:pico,https://picocss.com,https://github.com/picocss/pico,3611557,wd-pico,https://picocss.com,git+https://github.com/picocss/pico.git,295783,picocss/pico,,https://github.com/picocss/pico
github.com/kartik-v/php-date-formatter,66794,org.webjars.bower:php-date-formatter,http://webjars.org,https://github.com/kartik-v/php-date-formatter,2839159,php-date-formatter,https://github.com/kartik-v/php-date-formatter,git+https://github.com/kartik-v/php-date-formatter.git,194048,kartik-v/php-date-formatter,,https://github.com/kartik-v/php-date-formatter
github.com/benpickles/peity,65893,org.webjars.bowergithub.benpickles:peity,https://www.webjars.org,https://github.com/benpickles/peity,2828253,peity,https://github.com/benpickles/peity,git+https://github.com/benpickles/peity.git,41785,benpickles/peity,,https://github.com/benpickles/peity
github.com/pdfmake/pdfmake,66804,org.webjars.bower:pdfmake-dist,http://webjars.org,https://github.com/pdfmake/pdfmake,2825640,pdfmake-node,http://pdfmake.github.io,git://github.com/pdfmake/pdfmake.git,287261,pdfmake/pdfmake,,https://github.com/pdfmake/pdfmake
github.com/pfefferle/openwebicons,52539,org.webjars.npm:openwebicons,http://webjars.org,https://github.com/pfefferle/openwebicons,2781860,openwebicons,http://pfefferle.github.io/openwebicons/,git+https://github.com/pfefferle/openwebicons.git,289574,pfefferle/openwebicons,,https://github.com/pfefferle/openwebicons
github.com/viglino/ol-ext,52645,org.webjars.npm:ol-ext,https://www.webjars.org,https://github.com/Viglino/ol-ext,3374388,test-ext,"https://github.com/Viglino/ol-ext#,",git+https://github.com/Viglino/ol-ext.git,398152,viglino/ol-ext,,https://github.com/Viglino/ol-ext
github.com/leongersen/nouislider,134853,org.mvnpm:nouislider,https://github.com/leongersen/noUiSlider#readme,git://github.com/leongersen/noUiSlider,3433384,tortway-nouislider,https://github.com/leongersen/noUiSlider#readme,git://github.com/leongersen/noUiSlider.git,212540,leongersen/nouislider,,https://github.com/leongersen/noUiSlider
github.com/mathjax/mathjax,135134,org.mvnpm:mathjax,https://github.com/mathjax/MathJax#readme,git://github.com/mathjax/MathJax,2495680,mathoid-mathjax,https://github.com/mathjax/MathJax#readme,git://github.com/mathjax/MathJax.git,234084,mathjax/mathjax,,https://github.com/mathjax/MathJax
github.com/desandro/masonry,135151,org.mvnpm:masonry-layout,https://masonry.desandro.com,git://github.com/desandro/masonry,2490460,masonry.js,https://github.com/desandro/masonry,git://github.com/desandro/masonry.git,90129,desandro/masonry,,https://github.com/desandro/masonry
github.com/dimsemenov/magnific-popup,67184,org.webjars.bower:magnific-popup,http://webjars.org,https://github.com/dimsemenov/Magnific-Popup,2470254,magnific-popup,http://dimsemenov.com/plugins/magnific-popup/,git+https://github.com/dimsemenov/Magnific-Popup.git,95804,dimsemenov/magnific-popup,,https://github.com/dimsemenov/Magnific-Popup
github.com/vakata/jstree,135381,org.mvnpm:jstree,http://jstree.com,git://github.com/vakata/jstree,2312584,jstree-patch,http://jstree.com,git://github.com/vakata/jstree.git,394407,vakata/jstree,,https://github.com/vakata/jstree
github.com/brinley/jsignature,54994,org.webjars.npm:jsignature,http://webjars.org,https://github.com/brinley/jSignature,2303742,jsignature,https://github.com/brinley/jSignature,git+https://github.com/brinley/jSignature.git,51811,brinley/jsignature,,https://github.com/brinley/jSignature
github.com/maxazan/jquery-treegrid,67395,org.webjars.bower:jquery-treegrid,http://webjars.org,https://github.com/maxazan/jquery-treegrid,2295096,jquery-treegrid-webpack,https://github.com/maxazan/jquery-treegrid,git+https://github.com/maxazan/jquery-treegrid.git,235367,maxazan/jquery-treegrid,,https://github.com/maxazan/jquery-treegrid
github.com/happyworm/jplayer,68178,org.webjars.bower:github-com-happyworm-jPlayer,http://webjars.org,https://github.com/happyworm/jPlayer,2292954,jplayer,http://jplayer.org/,https://github.com/happyworm/jPlayer.git,150424,happyworm/jplayer,,https://github.com/happyworm/jPlayer
github.com/jasny/bootstrap,67502,org.webjars.bower:jasny-bootstrap,http://webjars.org,https://github.com/jasny/bootstrap,2267768,jasny-bootstrap,http://jasny.github.io/bootstrap,git+https://github.com/jasny/bootstrap.git,179304,jasny/bootstrap,,https://github.com/jasny/bootstrap
github.com/mistic100/jquery-querybuilder,135515,org.mvnpm:jQuery-QueryBuilder,https://querybuilder.js.org,git://github.com/mistic100/jQuery-QueryBuilder,2262300,jQuery-QueryBuilder,https://querybuilder.js.org,git://github.com/mistic100/jQuery-QueryBuilder.git,245772,mistic100/jquery-querybuilder,,https://github.com/mistic100/jQuery-QueryBuilder
github.com/andr-04/inputmask-multi,67580,org.webjars.bower:inputmask-multi,http://webjars.org,https://github.com/andr-04/inputmask-multi,2227775,inputmask-multi,https://github.com/andr-04/inputmask-multi,git+https://github.com/andr-04/inputmask-multi.git,19866,andr-04/jquery.inputmask-multi,,https://github.com/andr-04/inputmask-multi
github.com/iconify/icon-sets,138668,org.mvnpm.at.iconify:json,https://iconify.design/icon-sets/,ssh://git@github.com/iconify/icon-sets,526384,@iconify/json,https://iconify.design/icon-sets/,git+ssh://git@github.com/iconify/icon-sets.git,163390,iconify/json,,https://github.com/iconify/icon-sets
github.com/imsky/holder,67622,org.webjars.bower:holderjs,http://webjars.org,https://github.com/imsky/holder,2156998,holderjs,http://holderjs.com,git://github.com/imsky/holder.git,167318,imsky/holder,,https://github.com/imsky/holder
github.com/hipay/hipay-fullservice-sdk-js,65214,org.webjars.bowergithub.hipay:hipay-fullservice-sdk-js,http://webjars.org,https://github.com/hipay/hipay-fullservice-sdk-js,2151217,hipay-fullservice-sdk-js,https://developer.hipay.com/doc/hipay-fullservice-sdk-js/,git+https://github.com/hipay/hipay-fullservice-sdk-js.git,155256,hipay/hipay-enterprise-sdk-js,,https://github.com/hipay/hipay-fullservice-sdk-js
github.com/zenorocha/clipboard.js,136675,org.mvnpm:clipboard,https://clipboardjs.com,https://github.com/zenorocha/clipboard.js,2423676,listium-clipboard,https://github.com/zenorocha/clipboard.js#readme,git+https://github.com/zenorocha/clipboard.js.git,430198,zenorocha/clipboardjs,,https://github.com/zenorocha/clipboard.js
github.com/tinymce/tinymce-dist,66405,org.webjars.bower:tinymce,https://www.webjars.org,https://github.com/tinymce/tinymce-dist,3658655,wotinymce,https://github.com/tinymce/tinymce-dist#readme,git+https://github.com/tinymce/tinymce-dist.git,380529,tinymce/tinymce,,https://github.com/tinymce/tinymce-dist
github.com/nicolafranchini/venobox,57034,org.webjars.npm:github-com-nicolafranchini-VenoBox,https://www.webjars.org,https://github.com/nicolafranchini/VenoBox,3533769,venobox,https://veno.es/venobox/,git+https://github.com/nicolafranchini/VenoBox.git,265653,nicolafranchini/venobox,,https://github.com/nicolafranchini/VenoBox
github.com/dmhendricks/file-icon-vectors,68242,org.webjars.bower:github-com-dmhendricks-file-icon-vectors,http://webjars.org,https://github.com/dmhendricks/file-icon-vectors,1948247,file-icon-vectors,https://github.com/dmhendricks/file-icon-vectors#readme,git://github.com/dmhendricks/file-icon-vectors.git,97754,dmhendricks/file-icon-vectors,,https://github.com/dmhendricks/file-icon-vectors
github.com/coreui/coreui,139001,org.mvnpm.at.coreui:coreui,https://coreui.io,https://github.com/coreui/coreui,1161944,@valuis0429/vue-coreui,https://coreui.io,git+https://github.com/coreui/coreui.git,74997,coreui/coreui,,https://github.com/coreui/coreui
github.com/corejavascript/typeahead.js,68275,org.webjars.bower:github-com-corejavascript-typeahead-js,http://webjars.org,https://github.com/corejavascript/typeahead.js,1637030,corejs-typeahead,http://corejavascript.github.io/typeahead.js/,git+https://github.com/corejavascript/typeahead.js.git,74808,corejavascript/typeahead.js,,https://github.com/corejavascript/typeahead.js
github.com/coliff/bootstrap-show-password-toggle,61230,org.webjars.npm:bootstrap-show-password-toggle,https://www.webjars.org,https://github.com/coliff/bootstrap-show-password-toggle,1479717,bootstrap-show-password-toggle,https://github.com/coliff/bootstrap-show-password-toggle,git+https://github.com/coliff/bootstrap-show-password-toggle.git,71495,coliff/bootstrap-show-password-toggle,,https://github.com/coliff/bootstrap-show-password-toggle
github.com/ckeditor/ckeditor4-releases,60709,org.webjars.npm:ckeditor4,https://www.webjars.org,https://github.com/ckeditor/ckeditor4-releases,1568640,ckeditor4-xlsys,https://ckeditor.com/ckeditor-4/,git+https://github.com/ckeditor/ckeditor4-releases.git,65064,ckeditor/ckeditor,,https://github.com/ckeditor/ckeditor4-releases
github.com/bassjobsen/bootstrap-3-typeahead,69049,org.webjars.bower:bootstrap3-typeahead,http://webjars.org,https://github.com/bassjobsen/Bootstrap-3-Typeahead,1478665,bootstrap-3-typeahead,https://github.com/bassjobsen/Bootstrap-3-Typeahead/,git+https://github.com/bassjobsen/Bootstrap-3-Typeahead.git,38816,bassjobsen/bootstrap-3-typeahead,,https://github.com/bassjobsen/Bootstrap-3-Typeahead
github.com/natshah/bootstrap-print,61237,org.webjars.npm:bootstrap-print,http://webjars.org,https://github.com/Natshah/bootstrap-print,1479554,bootstrap-print,http://natshah.com,git+https://github.com/Natshah/bootstrap-print.git,259566,natshah/bootstrap-print,,https://github.com/Natshah/bootstrap-print
github.com/datatables/dist-datatables-rowreorder-bootstrap,65591,org.webjars.bowergithub.datatables:dist-datatables-rowreorder-bootstrap,https://www.webjars.org,https://github.com/DataTables/Dist-DataTables-RowReorder-Bootstrap,1709441,datatables.net-rowreorder-bs,https://datatables.net,git+https://github.com/DataTables/Dist-DataTables-RowReorder-Bootstrap.git,84698,datatables.net/datatables.net-rowreorder-bs,,https://github.com/DataTables/Dist-DataTables-RowReorder-Bootstrap
github.com/datatables/dist-datatables-rowreorder,68835,org.webjars.bower:datatables.net-rowreorder,http://webjars.org,https://github.com/DataTables/Dist-DataTables-RowReorder,1709439,datatables.net-rowreorder,https://datatables.net,git+https://github.com/DataTables/Dist-DataTables-RowReorder.git,84696,datatables.net/datatables.net-rowreorder,,https://github.com/DataTables/Dist-DataTables-RowReorder
github.com/datatables/dist-datatables-rowgroup-bootstrap,59770,org.webjars.npm:datatables.net-rowgroup-bs,https://www.webjars.org,https://github.com/DataTables/Dist-DataTables-RowGroup-Bootstrap,1709432,datatables.net-rowgroup-bs,https://datatables.net,git+https://github.com/DataTables/Dist-DataTables-RowGroup-Bootstrap.git,84688,datatables.net/datatables.net-rowgroup-bs,,https://github.com/DataTables/Dist-DataTables-RowGroup-Bootstrap
github.com/datatables/dist-datatables-responsive-semanticui,65595,org.webjars.bowergithub.datatables:dist-datatables-responsive-semanticui,http://webjars.org,https://github.com/DataTables/Dist-DataTables-Responsive-SemanticUI,1709426,datatables.net-responsive-se,https://datatables.net,git+https://github.com/DataTables/Dist-DataTables-Responsive-SemanticUI.git,84684,datatables.net/datatables.net-responsive-se,,https://github.com/DataTables/Dist-DataTables-Responsive-SemanticUI
github.com/datatables/dist-datatables-responsive-bootstrap4,68839,org.webjars.bower:datatables.net-responsive-bs4,http://webjars.org,https://github.com/DataTables/Dist-DataTables-Responsive-Bootstrap4,1709422,datatables.net-responsive-bs4,https://datatables.net,git+https://github.com/DataTables/Dist-DataTables-Responsive-Bootstrap4.git,84679,datatables.net/datatables.net-responsive-bs4,,https://github.com/DataTables/Dist-DataTables-Responsive-Bootstrap4
github.com/datatables/dist-datatables-fixedheader-bootstrap4,68846,org.webjars.bower:datatables.net-fixedheader-bs4,http://webjars.org,https://github.com/DataTables/Dist-DataTables-FixedHeader-Bootstrap4,1709398,datatables.net-fixedheader-bs4,https://datatables.net,git+https://github.com/DataTables/Dist-DataTables-FixedHeader-Bootstrap4.git,84657,datatables.net/datatables.net-fixedheader-bs4,,https://github.com/DataTables/Dist-DataTables-FixedHeader-Bootstrap4
github.com/datatables/dist-datatables-buttons-bootstrap4,65613,org.webjars.bowergithub.datatables:dist-datatables-buttons-bootstrap4,https://www.webjars.org,https://github.com/DataTables/Dist-DataTables-Buttons-Bootstrap4,1709343,datatables.net-buttons-bs4,https://datatables.net,git+https://github.com/DataTables/Dist-DataTables-Buttons-Bootstrap4.git,84627,datatables.net/datatables.net-buttons-bs4,,https://github.com/DataTables/Dist-DataTables-Buttons-Bootstrap4
github.com/datatables/dist-datatables,136438,org.mvnpm:datatables.net,https://datatables.net,https://github.com/DataTables/Dist-DataTables,2169889,hr-datatables,https://datatables.net,git+https://github.com/DataTables/Dist-DataTables.git,84609,datatables.net/datatables.net,,https://github.com/DataTables/Dist-DataTables
github.com/datatables/datetime,59792,org.webjars.npm:datatables.net-datetime,https://www.webjars.org,https://github.com/DataTables/DateTime,1709371,datatables.net-datetime,https://github.com/DataTables/DateTime#readme,git+https://github.com/DataTables/DateTime.git,84642,datatables.net/datatables.net-datetime,,https://github.com/DataTables/DateTime
github.com/colorlibhq/adminlte,139554,org.mvnpm:admin-lte,https://adminlte.io,git://github.com/ColorlibHQ/AdminLTE,3280109,stemy-admin-lte,https://adminlte.io,git://github.com/ColorlibHQ/AdminLTE.git,16407,almasaeed2010/adminlte,,https://github.com/ColorlibHQ/AdminLTE
github.com/foundation/foundation-sites,136007,org.mvnpm:foundation-sites,https://get.foundation/sites,https://github.com/foundation/foundation-sites,1984751,foundation-sites-scss,https://get.foundation/sites,git+https://github.com/foundation/foundation-sites.git,434604,zurb/foundation,,https://github.com/foundation/foundation-sites
github.com/kevinchappell/formbuilder,64907,org.webjars.bowergithub.kevinchappell:formbuilder,http://webjars.org,https://github.com/kevinchappell/formBuilder,1981995,formbuilder.js,https://formbuilder.online/,git+ssh://git@github.com/kevinchappell/formBuilder.git,196486,kevinchappell/form-builder,,https://github.com/kevinchappell/formBuilder
github.com/fomantic/fomantic-ui,68672,org.webjars.bower:fomantic-ui,https://www.webjars.org,https://github.com/fomantic/Fomantic-UI,1975354,fomantic-ui,https://fomantic-ui.com/,https://github.com/fomantic/Fomantic-UI.git,128799,fomantic/ui,,https://github.com/fomantic/Fomantic-UI
github.com/avoidwork/filesize.js,68701,org.webjars.bower:filesize,http://webjars.org,https://github.com/avoidwork/filesize.js,1950020,filesize,https://filesizejs.com,git://github.com/avoidwork/filesize.js.git,33396,avoidwork/filesize.js,,https://github.com/avoidwork/filesize.js
github.com/legacy-icons/famfamfam-silk,58779,org.webjars.npm:famfamfam-silk,http://webjars.org,https://github.com/legacy-icons/famfamfam-silk,1925153,famfamfam-silk,https://github.com/legacy-icons/famfamfam-silk,git://github.com/legacy-icons/famfamfam-silk.git,211528,legacy-icons/famfamfam-silk,,https://github.com/legacy-icons/famfamfam-silk
github.com/legacy-icons/famfamfam-flags,68721,org.webjars.bower:famfamfam-flags,http://webjars.org,https://github.com/legacy-icons/famfamfam-flags,1925151,famfamfam-flags,https://github.com/legacy-icons/famfamfam-flags,git://github.com/legacy-icons/famfamfam-flags.git,211526,legacy-icons/famfamfam-flags,,https://github.com/legacy-icons/famfamfam-flags
github.com/emojione/emojione-assets,59135,org.webjars.npm:emojione-assets,http://webjars.org,https://github.com/emojione/emojione-assets,1850050,emojione-assets,http://https//www.emojione.com,git+https://github.com/emojione/emojione-assets.git,112489,emojione/assets,,https://github.com/emojione/emojione-assets
github.com/datatables/dist-datatables-foundation,68830,org.webjars.bower:datatables.net-zf,http://webjars.org,https://github.com/DataTables/Dist-DataTables-Foundation,1709500,datatables.net-zf,https://datatables.net,git+https://github.com/DataTables/Dist-DataTables-Foundation.git,84756,datatables.net/datatables.net-zf,,https://github.com/DataTables/Dist-DataTables-Foundation
github.com/datatables/dist-datatables-select-datatables,65584,org.webjars.bowergithub.datatables:dist-datatables-select-datatables,http://webjars.org,https://github.com/DataTables/Dist-DataTables-Select-DataTables,1709483,datatables.net-select-dt,https://datatables.net,git+https://github.com/DataTables/Dist-DataTables-Select-DataTables.git,84742,datatables.net/datatables.net-select-dt,,https://github.com/DataTables/Dist-DataTables-Select-DataTables
github.com/datatables/dist-datatables-select-bootstrap5,59745,org.webjars.npm:datatables.net-select-bs5,https://www.webjars.org,https://github.com/DataTables/Dist-DataTables-Select-Bootstrap5,1709482,datatables.net-select-bs5,https://datatables.net,git+https://github.com/DataTables/Dist-DataTables-Select-Bootstrap5.git,84741,datatables.net/datatables.net-select-bs5,,https://github.com/DataTables/Dist-DataTables-Select-Bootstrap5
github.com/datatables/dist-datatables-select-bootstrap4,68595,org.webjars.bower:github-com-DataTables-Dist-DataTables-Select-Bootstrap4,http://webjars.org,https://github.com/DataTables/Dist-DataTables-Select-Bootstrap4,1709481,datatables.net-select-bs4,https://datatables.net,git+https://github.com/DataTables/Dist-DataTables-Select-Bootstrap4.git,84740,datatables.net/datatables.net-select-bs4,,https://github.com/DataTables/Dist-DataTables-Select-Bootstrap4
github.com/datatables/dist-datatables-select-bootstrap,68831,org.webjars.bower:datatables.net-select-bs,https://www.webjars.org,https://github.com/DataTables/Dist-DataTables-Select-Bootstrap,1709480,datatables.net-select-bs,https://datatables.net,git+https://github.com/DataTables/Dist-DataTables-Select-Bootstrap.git,84739,datatables.net/datatables.net-select-bs,,https://github.com/DataTables/Dist-DataTables-Select-Bootstrap
github.com/datatables/dist-datatables-select,136432,org.mvnpm:datatables.net-select,https://datatables.net,https://github.com/DataTables/Dist-DataTables-Select,1709478,datatables.net-select,https://datatables.net,git+https://github.com/DataTables/Dist-DataTables-Select.git,84737,datatables.net/datatables.net-select,,https://github.com/DataTables/Dist-DataTables-Select
github.com/datatables/dist-datatables-searchpanes-bootstrap5,59749,org.webjars.npm:datatables.net-searchpanes-bs5,https://www.webjars.org,https://github.com/DataTables/Dist-DataTables-SearchPanes-Bootstrap5,1709472,datatables.net-searchpanes-bs5,https://datatables.net,git+https://github.com/DataTables/Dist-DataTables-SearchPanes-Bootstrap5.git,84731,datatables.net/datatables.net-searchpanes-bs5,,https://github.com/DataTables/Dist-DataTables-SearchPanes-Bootstrap5
github.com/datatables/dist-datatables-searchpanes-bootstrap4,59750,org.webjars.npm:datatables.net-searchpanes-bs4,https://www.webjars.org,https://github.com/DataTables/Dist-DataTables-SearchPanes-Bootstrap4,1709471,datatables.net-searchpanes-bs4,https://datatables.net,git+https://github.com/DataTables/Dist-DataTables-SearchPanes-Bootstrap4.git,84730,datatables.net/datatables.net-searchpanes-bs4,,https://github.com/DataTables/Dist-DataTables-SearchPanes-Bootstrap4
github.com/datatables/dist-datatables-searchpanes,59751,org.webjars.npm:datatables.net-searchpanes,https://www.webjars.org,https://github.com/DataTables/Dist-DataTables-SearchPanes,1709468,datatables.net-searchpanes,https://datatables.net,git+https://github.com/DataTables/Dist-DataTables-SearchPanes.git,84727,datatables.net/datatables.net-searchpanes,,https://github.com/DataTables/Dist-DataTables-SearchPanes
github.com/datatables/dist-datatables-searchbuilder-datatables,59752,org.webjars.npm:datatables.net-searchbuilder-dt,https://www.webjars.org,https://github.com/DataTables/Dist-DataTables-SearchBuilder-DataTables,1709463,datatables.net-searchbuilder-dt,https://datatables.net,git+https://github.com/DataTables/Dist-DataTables-SearchBuilder-DataTables.git,84722,datatables.net/datatables.net-searchbuilder-dt,,https://github.com/DataTables/Dist-DataTables-SearchBuilder-DataTables
github.com/datatables/dist-datatables-searchbuilder-bootstrap5,59753,org.webjars.npm:datatables.net-searchbuilder-bs5,https://www.webjars.org,https://github.com/DataTables/Dist-DataTables-SearchBuilder-Bootstrap5,1709462,datatables.net-searchbuilder-bs5,https://datatables.net,git+https://github.com/DataTables/Dist-DataTables-SearchBuilder-Bootstrap5.git,84721,datatables.net/datatables.net-searchbuilder-bs5,,https://github.com/DataTables/Dist-DataTables-SearchBuilder-Bootstrap5
github.com/datatables/dist-datatables-searchbuilder-bootstrap4,59754,org.webjars.npm:datatables.net-searchbuilder-bs4,https://www.webjars.org,https://github.com/DataTables/Dist-DataTables-SearchBuilder-Bootstrap4,1709461,datatables.net-searchbuilder-bs4,https://datatables.net,git+https://github.com/DataTables/Dist-DataTables-SearchBuilder-Bootstrap4.git,84720,datatables.net/datatables.net-searchbuilder-bs4,,https://github.com/DataTables/Dist-DataTables-SearchBuilder-Bootstrap4
github.com/datatables/dist-datatables-searchbuilder,59755,org.webjars.npm:datatables.net-searchbuilder,https://www.webjars.org,https://github.com/DataTables/Dist-DataTables-SearchBuilder,1709458,datatables.net-searchbuilder,https://datatables.net,git+https://github.com/DataTables/Dist-DataTables-SearchBuilder.git,84717,datatables.net/datatables.net-searchbuilder,,https://github.com/DataTables/Dist-DataTables-SearchBuilder
github.com/datatables/dist-datatables-semanticui,65583,org.webjars.bowergithub.datatables:dist-datatables-semanticui,http://webjars.org,https://github.com/DataTables/Dist-DataTables-SemanticUI,1709457,datatables.net-se,https://datatables.net,git+https://github.com/DataTables/Dist-DataTables-SemanticUI.git,84716,datatables.net/datatables.net-se,,https://github.com/DataTables/Dist-DataTables-SemanticUI
github.com/datatables/dist-datatables-scroller-datatables,59757,org.webjars.npm:datatables.net-scroller-dt,https://www.webjars.org,https://github.com/DataTables/Dist-DataTables-Scroller-DataTables,1709453,datatables.net-scroller-dt,https://datatables.net,git+https://github.com/DataTables/Dist-DataTables-Scroller-DataTables.git,84711,datatables.net/datatables.net-scroller-dt,,https://github.com/DataTables/Dist-DataTables-Scroller-DataTables
github.com/datatables/dist-datatables-scroller-bootstrap5,59758,org.webjars.npm:datatables.net-scroller-bs5,https://www.webjars.org,https://github.com/DataTables/Dist-DataTables-Scroller-Bootstrap5,1709452,datatables.net-scroller-bs5,https://datatables.net,git+https://github.com/DataTables/Dist-DataTables-Scroller-Bootstrap5.git,84710,datatables.net/datatables.net-scroller-bs5,,https://github.com/DataTables/Dist-DataTables-Scroller-Bootstrap5
github.com/datatables/dist-datatables-scroller-bootstrap4,65588,org.webjars.bowergithub.datatables:dist-datatables-scroller-bootstrap4,https://www.webjars.org,https://github.com/DataTables/Dist-DataTables-Scroller-Bootstrap4,1709451,datatables.net-scroller-bs4,https://datatables.net,git+https://github.com/DataTables/Dist-DataTables-Scroller-Bootstrap4.git,84709,datatables.net/datatables.net-scroller-bs4,,https://github.com/DataTables/Dist-DataTables-Scroller-Bootstrap4
github.com/datatables/dist-datatables-scroller-bootstrap,68833,org.webjars.bower:datatables.net-scroller-bs,https://www.webjars.org,https://github.com/DataTables/Dist-DataTables-Scroller-Bootstrap,1709450,datatables.net-scroller-bs,https://datatables.net,git+https://github.com/DataTables/Dist-DataTables-Scroller-Bootstrap.git,84708,datatables.net/datatables.net-scroller-bs,,https://github.com/DataTables/Dist-DataTables-Scroller-Bootstrap
github.com/datatables/dist-datatables-scroller,68834,org.webjars.bower:datatables.net-scroller,https://www.webjars.org,https://github.com/DataTables/Dist-DataTables-Scroller,1709448,datatables.net-scroller,https://datatables.net,git+https://github.com/DataTables/Dist-DataTables-Scroller.git,84706,datatables.net/datatables.net-scroller,,https://github.com/DataTables/Dist-DataTables-Scroller
github.com/datatables/dist-datatables-rowreorder-datatables,59762,org.webjars.npm:datatables.net-rowreorder-dt,https://www.webjars.org,https://github.com/DataTables/Dist-DataTables-RowReorder-DataTables,1709444,datatables.net-rowreorder-dt,https://datatables.net,git+https://github.com/DataTables/Dist-DataTables-RowReorder-DataTables.git,84701,datatables.net/datatables.net-rowreorder-dt,,https://github.com/DataTables/Dist-DataTables-RowReorder-DataTables
github.com/datatables/dist-datatables-rowreorder-bootstrap5,59763,org.webjars.npm:datatables.net-rowreorder-bs5,https://www.webjars.org,https://github.com/DataTables/Dist-DataTables-RowReorder-Bootstrap5,1709443,datatables.net-rowreorder-bs5,https://datatables.net,git+https://github.com/DataTables/Dist-DataTables-RowReorder-Bootstrap5.git,84700,datatables.net/datatables.net-rowreorder-bs5,,https://github.com/DataTables/Dist-DataTables-RowReorder-Bootstrap5
github.com/datatables/dist-datatables-rowreorder-bootstrap4,65590,org.webjars.bowergithub.datatables:dist-datatables-rowreorder-bootstrap4,https://www.webjars.org,https://github.com/DataTables/Dist-DataTables-RowReorder-Bootstrap4,1709442,datatables.net-rowreorder-bs4,https://datatables.net,git+https://github.com/DataTables/Dist-DataTables-RowReorder-Bootstrap4.git,84699,datatables.net/datatables.net-rowreorder-bs4,,https://github.com/DataTables/Dist-DataTables-RowReorder-Bootstrap4
github.com/datatables/dist-datatables-rowgroup-datatables,59767,org.webjars.npm:datatables.net-rowgroup-dt,https://www.webjars.org,https://github.com/DataTables/Dist-DataTables-RowGroup-DataTables,1709435,datatables.net-rowgroup-dt,https://datatables.net,git+https://github.com/DataTables/Dist-DataTables-RowGroup-DataTables.git,84691,datatables.net/datatables.net-rowgroup-dt,,https://github.com/DataTables/Dist-DataTables-RowGroup-DataTables
github.com/datatables/dist-datatables-rowgroup-bootstrap5,59768,org.webjars.npm:datatables.net-rowgroup-bs5,https://www.webjars.org,https://github.com/DataTables/Dist-DataTables-RowGroup-Bootstrap5,1709434,datatables.net-rowgroup-bs5,https://datatables.net,git+https://github.com/DataTables/Dist-DataTables-RowGroup-Bootstrap5.git,84690,datatables.net/datatables.net-rowgroup-bs5,,https://github.com/DataTables/Dist-DataTables-RowGroup-Bootstrap5
github.com/datatables/dist-datatables-rowgroup-bootstrap4,65593,org.webjars.bowergithub.datatables:dist-datatables-rowgroup-bootstrap4,http://webjars.org,https://github.com/DataTables/Dist-DataTables-RowGroup-Bootstrap4,1709433,datatables.net-rowgroup-bs4,https://datatables.net,git+https://github.com/DataTables/Dist-DataTables-RowGroup-Bootstrap4.git,84689,datatables.net/datatables.net-rowgroup-bs4,,https://github.com/DataTables/Dist-DataTables-RowGroup-Bootstrap4
github.com/datatables/dist-datatables-rowgroup,68836,org.webjars.bower:datatables.net-rowgroup,http://webjars.org,https://github.com/DataTables/Dist-DataTables-RowGroup,1709430,datatables.net-rowgroup,https://datatables.net,git+https://github.com/DataTables/Dist-DataTables-RowGroup.git,84686,datatables.net/datatables.net-rowgroup,,https://github.com/DataTables/Dist-DataTables-RowGroup
github.com/datatables/dist-datatables-responsive-datatables,68838,org.webjars.bower:datatables.net-responsive-dt,http://webjars.org,https://github.com/DataTables/Dist-DataTables-Responsive-DataTables,1709424,datatables.net-responsive-dt,https://datatables.net,git+https://github.com/DataTables/Dist-DataTables-Responsive-DataTables.git,84681,datatables.net/datatables.net-responsive-dt,,https://github.com/DataTables/Dist-DataTables-Responsive-DataTables
github.com/datatables/dist-datatables-responsive-bootstrap5,65596,org.webjars.bowergithub.datatables:dist-datatables-responsive-bootstrap5,https://www.webjars.org,https://github.com/DataTables/Dist-DataTables-Responsive-Bootstrap5,1709423,datatables.net-responsive-bs5,https://datatables.net,git+https://github.com/DataTables/Dist-DataTables-Responsive-Bootstrap5.git,84680,datatables.net/datatables.net-responsive-bs5,,https://github.com/DataTables/Dist-DataTables-Responsive-Bootstrap5
github.com/datatables/dist-datatables-responsive-bootstrap,68840,org.webjars.bower:datatables.net-responsive-bs,http://webjars.org,https://github.com/DataTables/Dist-DataTables-Responsive-Bootstrap,1709421,datatables.net-responsive-bs,https://datatables.net,git+https://github.com/DataTables/Dist-DataTables-Responsive-Bootstrap.git,84678,datatables.net/datatables.net-responsive-bs,,https://github.com/DataTables/Dist-DataTables-Responsive-Bootstrap
github.com/datatables/dist-datatables-responsive,65598,org.webjars.bowergithub.datatables:dist-datatables-responsive,https://www.webjars.org,https://github.com/DataTables/Dist-DataTables-Responsive,1709419,datatables.net-responsive,https://datatables.net,git+https://github.com/DataTables/Dist-DataTables-Responsive.git,84676,datatables.net/datatables.net-responsive,,https://github.com/DataTables/Dist-DataTables-Responsive
github.com/datatables/dist-datatables-keytable-bootstrap4,65599,org.webjars.bowergithub.datatables:dist-datatables-keytable-bootstrap4,https://www.webjars.org,https://github.com/DataTables/Dist-DataTables-KeyTable-Bootstrap4,1709409,datatables.net-keytable-bs4,https://datatables.net,git+https://github.com/DataTables/Dist-DataTables-KeyTable-Bootstrap4.git,84669,datatables.net/datatables.net-keytable-bs4,,https://github.com/DataTables/Dist-DataTables-KeyTable-Bootstrap4
github.com/datatables/dist-datatables-keytable-bootstrap,68843,org.webjars.bower:datatables.net-keytable-bs,http://webjars.org,https://github.com/DataTables/Dist-DataTables-KeyTable-Bootstrap,1709408,datatables.net-keytable-bs,https://datatables.net,git+https://github.com/DataTables/Dist-DataTables-KeyTable-Bootstrap.git,84668,datatables.net/datatables.net-keytable-bs,,https://github.com/DataTables/Dist-DataTables-KeyTable-Bootstrap
github.com/datatables/dist-datatables-keytable,68844,org.webjars.bower:datatables.net-keytable,http://webjars.org,https://github.com/DataTables/Dist-DataTables-KeyTable,1709406,datatables.net-keytable,https://datatables.net,git+https://github.com/DataTables/Dist-DataTables-KeyTable.git,84666,datatables.net/datatables.net-keytable,,https://github.com/DataTables/Dist-DataTables-KeyTable
github.com/datatables/dist-datatables-jqueryui,65602,org.webjars.bowergithub.datatables:dist-datatables-jqueryui,https://www.webjars.org,https://github.com/DataTables/Dist-DataTables-jQueryUI,1709405,datatables.net-jqui,https://datatables.net,git+https://github.com/DataTables/Dist-DataTables-jQueryUI.git,84665,datatables.net/datatables.net-ju,,https://github.com/DataTables/Dist-DataTables-jQueryUI
github.com/datatables/dist-datatables-fixedheader-datatables,68845,org.webjars.bower:datatables.net-fixedheader-dt,http://webjars.org,https://github.com/DataTables/Dist-DataTables-FixedHeader-DataTables,1709400,datatables.net-fixedheader-dt,https://datatables.net,git+https://github.com/DataTables/Dist-DataTables-FixedHeader-DataTables.git,84659,datatables.net/datatables.net-fixedheader-dt,,https://github.com/DataTables/Dist-DataTables-FixedHeader-DataTables
github.com/datatables/dist-datatables-fixedheader-bootstrap5,59783,org.webjars.npm:datatables.net-fixedheader-bs5,https://www.webjars.org,https://github.com/DataTables/Dist-DataTables-FixedHeader-Bootstrap5,1709399,datatables.net-fixedheader-bs5,https://datatables.net,git+https://github.com/DataTables/Dist-DataTables-FixedHeader-Bootstrap5.git,84658,datatables.net/datatables.net-fixedheader-bs5,,https://github.com/DataTables/Dist-DataTables-FixedHeader-Bootstrap5
github.com/datatables/dist-datatables-fixedheader-bootstrap,68847,org.webjars.bower:datatables.net-fixedheader-bs,http://webjars.org,https://github.com/DataTables/Dist-DataTables-FixedHeader-Bootstrap,1709397,datatables.net-fixedheader-bs,https://datatables.net,git+https://github.com/DataTables/Dist-DataTables-FixedHeader-Bootstrap.git,84656,datatables.net/datatables.net-fixedheader-bs,,https://github.com/DataTables/Dist-DataTables-FixedHeader-Bootstrap
github.com/datatables/dist-datatables-fixedheader,68848,org.webjars.bower:datatables.net-fixedheader,http://webjars.org,https://github.com/DataTables/Dist-DataTables-FixedHeader,1709395,datatables.net-fixedheader,https://datatables.net,git+https://github.com/DataTables/Dist-DataTables-FixedHeader.git,84654,datatables.net/datatables.net-fixedheader,,https://github.com/DataTables/Dist-DataTables-FixedHeader
github.com/datatables/dist-datatables-fixedcolumns-datatables,65605,org.webjars.bowergithub.datatables:dist-datatables-fixedcolumns-datatables,https://www.webjars.org,https://github.com/DataTables/Dist-DataTables-FixedColumns-DataTables,1709391,datatables.net-fixedcolumns-dt,https://datatables.net,git+https://github.com/DataTables/Dist-DataTables-FixedColumns-DataTables.git,84649,datatables.net/datatables.net-fixedcolumns-dt,,https://github.com/DataTables/Dist-DataTables-FixedColumns-DataTables
github.com/datatables/dist-datatables-fixedcolumns-bootstrap4,65606,org.webjars.bowergithub.datatables:dist-datatables-fixedcolumns-bootstrap4,https://www.webjars.org,https://github.com/DataTables/Dist-DataTables-FixedColumns-Bootstrap4,1709389,datatables.net-fixedcolumns-bs4,https://datatables.net,git+https://github.com/DataTables/Dist-DataTables-FixedColumns-Bootstrap4.git,84647,datatables.net/datatables.net-fixedcolumns-bs4,,https://github.com/DataTables/Dist-DataTables-FixedColumns-Bootstrap4
github.com/datatables/dist-datatables-fixedcolumns-bootstrap,68849,org.webjars.bower:datatables.net-fixedcolumns-bs,http://webjars.org,https://github.com/DataTables/Dist-DataTables-FixedColumns-Bootstrap,1709388,datatables.net-fixedcolumns-bs,https://datatables.net,git+https://github.com/DataTables/Dist-DataTables-FixedColumns-Bootstrap.git,84646,datatables.net/datatables.net-fixedcolumns-bs,,https://github.com/DataTables/Dist-DataTables-FixedColumns-Bootstrap
github.com/datatables/dist-datatables-fixedcolumns,68850,org.webjars.bower:datatables.net-fixedcolumns,http://webjars.org,https://github.com/DataTables/Dist-DataTables-FixedColumns,1709386,datatables.net-fixedcolumns,https://datatables.net,git+https://github.com/DataTables/Dist-DataTables-FixedColumns.git,84644,datatables.net/datatables.net-fixedcolumns,,https://github.com/DataTables/Dist-DataTables-FixedColumns
github.com/datatables/dist-datatables-datatables,136433,org.mvnpm:datatables.net-dt,https://datatables.net,https://github.com/DataTables/Dist-DataTables-DataTables,1709372,datatables.net-dt,https://datatables.net,git+https://github.com/DataTables/Dist-DataTables-DataTables.git,84643,datatables.net/datatables.net-dt,,https://github.com/DataTables/Dist-DataTables-DataTables
github.com/datatables/dist-datatables-colreorder-datatables,59794,org.webjars.npm:datatables.net-colreorder-dt,https://www.webjars.org,https://github.com/DataTables/Dist-DataTables-ColReorder-DataTables,1709354,datatables.net-colreorder-dt,https://datatables.net,git+https://github.com/DataTables/Dist-DataTables-ColReorder-DataTables.git,84637,datatables.net/datatables.net-colreorder-dt,,https://github.com/DataTables/Dist-DataTables-ColReorder-DataTables
github.com/datatables/dist-datatables-colreorder-bootstrap4,65610,org.webjars.bowergithub.datatables:dist-datatables-colreorder-bootstrap4,http://webjars.org,https://github.com/DataTables/Dist-DataTables-ColReorder-Bootstrap4,1709352,datatables.net-colreorder-bs4,https://datatables.net,git+https://github.com/DataTables/Dist-DataTables-ColReorder-Bootstrap4.git,84636,datatables.net/datatables.net-colreorder-bs4,,https://github.com/DataTables/Dist-DataTables-ColReorder-Bootstrap4
github.com/datatables/dist-datatables-colreorder,136435,org.mvnpm:datatables.net-colreorder,https://datatables.net,https://github.com/DataTables/Dist-DataTables-ColReorder,1709349,datatables.net-colreorder,https://datatables.net,git+https://github.com/DataTables/Dist-DataTables-ColReorder.git,84634,datatables.net/datatables.net-colreorder,,https://github.com/DataTables/Dist-DataTables-ColReorder
github.com/datatables/dist-datatables-buttons-datatables,68854,org.webjars.bower:datatables.net-buttons-dt,https://www.webjars.org,https://github.com/DataTables/Dist-DataTables-Buttons-DataTables,1709345,datatables.net-buttons-dt,https://datatables.net,git+https://github.com/DataTables/Dist-DataTables-Buttons-DataTables.git,84629,datatables.net/datatables.net-buttons-dt,,https://github.com/DataTables/Dist-DataTables-Buttons-DataTables
github.com/datatables/dist-datatables-buttons-bootstrap5,59798,org.webjars.npm:datatables.net-buttons-bs5,https://www.webjars.org,https://github.com/DataTables/Dist-DataTables-Buttons-Bootstrap5,1709344,datatables.net-buttons-bs5,https://datatables.net,git+https://github.com/DataTables/Dist-DataTables-Buttons-Bootstrap5.git,84628,datatables.net/datatables.net-buttons-bs5,,https://github.com/DataTables/Dist-DataTables-Buttons-Bootstrap5
github.com/datatables/dist-datatables-buttons-bootstrap,68855,org.webjars.bower:datatables.net-buttons-bs,https://www.webjars.org,https://github.com/DataTables/Dist-DataTables-Buttons-Bootstrap,1709342,datatables.net-buttons-bs,https://datatables.net,git+https://github.com/DataTables/Dist-DataTables-Buttons-Bootstrap.git,84626,datatables.net/datatables.net-buttons-bs,,https://github.com/DataTables/Dist-DataTables-Buttons-Bootstrap
github.com/datatables/dist-datatables-buttons,68856,org.webjars.bower:datatables.net-buttons,https://www.webjars.org,https://github.com/DataTables/Dist-DataTables-Buttons,2792718,ouanalyse-datatables.net-buttons-html5,https://datatables.net,git+https://github.com/DataTables/Dist-DataTables-Buttons.git,84624,datatables.net/datatables.net-buttons,,https://github.com/DataTables/Dist-DataTables-Buttons
github.com/datatables/dist-datatables-bootstrap5,136436,org.mvnpm:datatables.net-bs5,https://datatables.net,https://github.com/DataTables/Dist-DataTables-Bootstrap5,1709338,datatables.net-bs5,https://datatables.net,git+https://github.com/DataTables/Dist-DataTables-Bootstrap5.git,84623,datatables.net/datatables.net-bs5,,https://github.com/DataTables/Dist-DataTables-Bootstrap5
github.com/datatables/dist-datatables-bootstrap4,68857,org.webjars.bower:datatables.net-bs4,http://webjars.org,https://github.com/DataTables/Dist-DataTables-Bootstrap4,1709337,datatables.net-bs4,https://datatables.net,git+https://github.com/DataTables/Dist-DataTables-Bootstrap4.git,84622,datatables.net/datatables.net-bs4,,https://github.com/DataTables/Dist-DataTables-Bootstrap4
github.com/datatables/dist-datatables-bootstrap,136437,org.mvnpm:datatables.net-bs,https://datatables.net,https://github.com/DataTables/Dist-DataTables-Bootstrap,1709335,datatables.net-bs,https://datatables.net,git+https://github.com/DataTables/Dist-DataTables-Bootstrap.git,84621,datatables.net/datatables.net-bs,,https://github.com/DataTables/Dist-DataTables-Bootstrap
github.com/datatables/dist-datatables-autofill-datatables,59805,org.webjars.npm:datatables.net-autofill-dt,https://www.webjars.org,https://github.com/DataTables/Dist-DataTables-AutoFill-DataTables,1709330,datatables.net-autofill-dt,https://datatables.net,git+https://github.com/DataTables/Dist-DataTables-AutoFill-DataTables.git,84615,datatables.net/datatables.net-autofill-dt,,https://github.com/DataTables/Dist-DataTables-AutoFill-DataTables
github.com/datatables/dist-datatables-autofill-bootstrap4,65619,org.webjars.bowergithub.datatables:dist-datatables-autofill-bootstrap4,https://www.webjars.org,https://github.com/DataTables/Dist-DataTables-AutoFill-Bootstrap4,1709328,datatables.net-autofill-bs4,https://datatables.net,git+https://github.com/DataTables/Dist-DataTables-AutoFill-Bootstrap4.git,84613,datatables.net/datatables.net-autofill-bs4,,https://github.com/DataTables/Dist-DataTables-AutoFill-Bootstrap4
github.com/datatables/dist-datatables-autofill,68860,org.webjars.bower:datatables.net-autofill,https://www.webjars.org,https://github.com/DataTables/Dist-DataTables-AutoFill,1709325,datatables.net-autofill,https://datatables.net,git+https://github.com/DataTables/Dist-DataTables-AutoFill.git,84610,datatables.net/datatables.net-autofill,,https://github.com/DataTables/Dist-DataTables-AutoFill
github.com/misantron/datatables-bootstrap3-plugin,59811,org.webjars.npm:datatables-bootstrap3-plugin,https://www.webjars.org,https://github.com/misantron/datatables-bootstrap3-plugin,1709274,datatables-bootstrap3-plugin,https://github.com/misantron/datatables-bootstrap3-plugin,git+https://github.com/misantron/datatables-bootstrap3-plugin.git,245554,misantron/datatables-bootstrap3-plugin,,https://github.com/misantron/datatables-bootstrap3-plugin
github.com/components/font-awesome,68946,org.webjars.bower:components-font-awesome,http://webjars.org,https://github.com/components/font-awesome,1613587,components-font-awesome,https://github.com/components/font-awesome#readme,git://github.com/components/font-awesome.git,72416,components/font-awesome,,https://github.com/components/font-awesome
github.com/istvan-ujjmeszaros/bootstrap-duallistbox,69110,org.webjars.bower:bootstrap-duallistbox,http://webjars.org,https://github.com/istvan-ujjmeszaros/bootstrap-duallistbox,3406159,thomasso-bootstrap4-duallistbox,https://www.virtuosoft.eu/code/bootstrap-duallistbox/,git+ssh://git@github.com/istvan-ujjmeszaros/bootstrap-duallistbox.git,174000,istvan-ujjmeszaros/bootstrap-duallistbox,,https://github.com/istvan-ujjmeszaros/bootstrap-duallistbox
github.com/vsn4ik/bootstrap-submenu,69073,org.webjars.bower:bootstrap-submenu,http://webjars.org,https://github.com/vsn4ik/bootstrap-submenu,1479777,bootstrap-submenu,https://vsn4ik.github.io/bootstrap-submenu/,git+https://github.com/vsn4ik/bootstrap-submenu.git,402033,vsn4ik/bootstrap-submenu,,https://github.com/vsn4ik/bootstrap-submenu
github.com/kartik-v/bootstrap-star-rating,69075,org.webjars.bower:bootstrap-star-rating,http://webjars.org,https://github.com/kartik-v/bootstrap-star-rating,1479756,bootstrap-star-rating,https://github.com/kartik-v/bootstrap-star-rating,git+https://github.com/kartik-v/bootstrap-star-rating.git,194043,kartik-v/bootstrap-star-rating,,https://github.com/kartik-v/bootstrap-star-rating
github.com/coliff/bootstrap-print-css,61236,org.webjars.npm:bootstrap-print-css,https://www.webjars.org,https://github.com/coliff/bootstrap-print-css,1479555,bootstrap-print-css,https://github.com/coliff/bootstrap-print-css,git+https://github.com/coliff/bootstrap-print-css.git,71494,coliff/bootstrap-print-css,,https://github.com/coliff/bootstrap-print-css
github.com/markusslima/bootstrap-filestyle,69107,org.webjars.bower:bootstrap-filestyle,http://webjars.org,https://github.com/markusslima/bootstrap-filestyle,1479083,bootstrap-filestyle2,https://github.com/markusslima/bootstrap-filestyle#readme,git+https://github.com/markusslima/bootstrap-filestyle.git,145758,grimmlink/bootstrap-filestyle,,https://github.com/markusslima/bootstrap-filestyle
github.com/itsjavi/bootstrap-colorpicker,67108,org.webjars.bower:mjolnic-bootstrap-colorpicker,http://webjars.org,https://github.com/itsjavi/bootstrap-colorpicker,1478862,bootstrap-colorpicker,https://itsjavi.com/bootstrap-colorpicker/,git+https://github.com/itsjavi/bootstrap-colorpicker.git,246435,mjolnic/bootstrap-colorpicker,,https://github.com/itsjavi/bootstrap-colorpicker
github.com/kartik-v/bootstrap-checkbox-x,69124,org.webjars.bower:bootstrap-checkbox-x,https://www.webjars.org,https://github.com/kartik-v/bootstrap-checkbox-x,1478842,bootstrap-checkbox-x,https://github.com/kartik-v/bootstrap-checkbox-x,git+https://github.com/kartik-v/bootstrap-checkbox-x.git,194040,kartik-v/bootstrap-checkbox-x,,https://github.com/kartik-v/bootstrap-checkbox-x
github.com/vsn4ik/bootstrap-checkbox,69125,org.webjars.bower:bootstrap-checkbox,http://webjars.org,https://github.com/vsn4ik/bootstrap-checkbox,1478841,bootstrap-checkbox,https://vsn4ik.github.io/bootstrap-checkbox/,git+https://github.com/vsn4ik/bootstrap-checkbox.git,402032,vsn4ik/bootstrap-checkbox,,https://github.com/vsn4ik/bootstrap-checkbox
github.com/orange-opensource/orange-boosted-bootstrap,136854,org.mvnpm:boosted,https://boosted.orange.com/,https://github.com/Orange-OpenSource/Orange-Boosted-Bootstrap,1478227,boosted-innovation-cup,https://boosted.orange.com/innovation-cup,git+https://github.com/Orange-OpenSource/Orange-Boosted-Bootstrap.git,278803,orange-opensource/orange-boosted-bootstrap,,https://github.com/Orange-OpenSource/Orange-Boosted-Bootstrap
github.com/vividcortex/angular-recaptcha,69446,org.webjars.bower:angular-recaptcha,http://webjars.org,https://github.com/VividCortex/angular-recaptcha,1340955,angular-recaptcha-fallback,https://github.com/opengovsg/angular-recaptcha,git://github.com/vividcortex/angular-recaptcha.git,400015,vividcortex/angular-recaptcha,,https://github.com/VividCortex/angular-recaptcha
github.com/serhioromano/bootstrap-calendar,69126,org.webjars.bower:bootstrap-calendar,http://webjars.org,https://github.com/Serhioromano/bootstrap-calendar,1478812,bootstrap-calendar,https://github.com/Serhioromano/bootstrap-calendar#readme,git+https://github.com/Serhioromano/bootstrap-calendar.git,335898,serhioromano/bootstrap-calendar,,https://github.com/Serhioromano/bootstrap-calendar
github.com/kartik-v/krajee-markdown-editor,64925,org.webjars.bowergithub.kartik-v:krajee-markdown-editor,https://www.webjars.org,https://github.com/kartik-v/krajee-markdown-editor,2362912,krajee-markdown-editor,https://github.com/kartik-v/krajee-markdown-editor,git+https://github.com/kartik-v/krajee-markdown-editor.git,194046,kartik-v/krajee-markdown-editor,,https://github.com/kartik-v/krajee-markdown-editor
github.com/jschr/bootstrap-modal,69093,org.webjars.bower:bootstrap-modal,http://webjars.org,https://github.com/jschr/bootstrap-modal,2302094,jschr-bootstrap-modal,https://github.com/jschr/bootstrap-modal#readme,git+https://github.com/jschr/bootstrap-modal.git,189168,jschr/bootstrap-modal,,https://github.com/jschr/bootstrap-modal
github.com/haubek/bootstrap4c-chosen,65239,org.webjars.bowergithub.haubek:bootstrap4c-chosen,http://webjars.org,https://github.com/haubek/bootstrap4c-chosen,1480088,bootstrap4c-chosen,https://haubek.github.io,git+https://github.com/haubek/bootstrap4c-chosen.git,151316,haubek/bootstrap4c-chosen,,https://github.com/haubek/bootstrap4c-chosen
github.com/datatables/dist-datatables-autofill-bootstrap,68859,org.webjars.bower:datatables.net-autofill-bs,http://webjars.org,https://github.com/DataTables/Dist-DataTables-AutoFill-Bootstrap,1709327,datatables.net-autofill-bs,https://datatables.net,git+https://github.com/DataTables/Dist-DataTables-AutoFill-Bootstrap.git,84612,datatables.net/datatables.net-autofill-bs,,https://github.com/DataTables/Dist-DataTables-AutoFill-Bootstrap
github.com/components/jqueryui,67390,org.webjars.bower:jquery-ui,http://webjars.org,https://github.com/components/jqueryui,2295164,jquery-ui-shim,http://jqueryui.com,git+ssh://git@github.com/components/jqueryui.git,72433,components/jqueryui,,https://github.com/components/jqueryui
github.com/claviska/jquery-minicolors,67426,org.webjars.bower:jquery-minicolors,https://www.webjars.org,https://github.com/claviska/jquery-minicolors,2294446,jquery-minicolors,https://github.com/claviska/jquery-minicolors,git+https://github.com/claviska/jquery-minicolors.git,3150,abeautifulsite/jquery-minicolors,,https://github.com/claviska/jquery-minicolors
github.com/bootflat/bootflat.github.io,69849,org.webjars.bower:Bootflat,http://webjars.org,https://github.com/bootflat/bootflat.github.io,1478492,bootflat,http://bootflat.github.com/,https://github.com/bootflat/bootflat.github.io.git,49066,bootflat/bootflat,,https://github.com/bootflat/bootflat.github.io
github.com/mledoze/countries,66199,org.webjars.bower:world-countries,http://webjars.org,https://github.com/mledoze/countries,3657852,world-countries,https://mledoze.github.io/countries/,git+https://github.com/mledoze/countries.git,246855,mledoze/countries,,https://github.com/mledoze/countries
github.com/earaujoassis/ubuntu-fontface,66355,org.webjars.bower:ubuntu-fontface,http://webjars.org,https://github.com/earaujoassis/ubuntu-fontface,3477874,ubuntu-fontface,https://github.com/earaujoassis/ubuntu-fontface,,105889,earaujoassis/ubuntu-fontface,,https://github.com/earaujoassis/ubuntu-fontface
github.com/iamceege/tooltipster,66394,org.webjars.bower:tooltipster,http://webjars.org,https://github.com/iamceege/tooltipster,3431667,tooltipster,https://github.com/iamceege/tooltipster,git+https://github.com/iamceege/tooltipster.git,383729,tooltipster/tooltipster,,https://github.com/iamceege/tooltipster
github.com/trentrichardson/jquery-timepicker-addon,67519,org.webjars.bower:jQuery-Timepicker-Addon,http://webjars.org,https://github.com/trentrichardson/jQuery-Timepicker-Addon,2295183,jquery-ui-timepicker-addon,http://trentrichardson.com/examples/timepicker,git+https://github.com/trentrichardson/jQuery-Timepicker-Addon.git,386039,trentrichardson/jquery-timepicker-addon,,https://github.com/trentrichardson/jQuery-Timepicker-Addon
github.com/phstc/jquery-dateformat,67459,org.webjars.bower:jquery-dateFormat,http://webjars.org,https://github.com/phstc/jquery-dateFormat,2293922,jquery-dateformat,https://github.com/phstc/jquery-dateFormat,,295371,phstc/jquery-dateformat,,https://github.com/phstc/jquery-dateFormat
github.com/driftyco/ionicons,67565,org.webjars.bower:ionicons,http://webjars.org,https://github.com/driftyco/ionicons,2240008,ionicons-temp,https://github.com/driftyco/ionicons,,101967,driftyco/ionicons,,https://github.com/driftyco/ionicons
github.com/fullcalendar/fullcalendar-scheduler,68647,org.webjars.bower:fullcalendar-scheduler,http://webjars.org,https://github.com/fullcalendar/fullcalendar-scheduler,1997542,fullcalendar-scheduler-fresh,https://fullcalendar.io/scheduler/,git+https://github.com/fullcalendar/fullcalendar-scheduler.git,133696,fullcalendar/fullcalendar-scheduler,,https://github.com/fullcalendar/fullcalendar-scheduler
github.com/farbelous/fontawesome-iconpicker,68664,org.webjars.bower:fontawesome-iconpicker,http://webjars.org,https://github.com/farbelous/fontawesome-iconpicker,1975930,fontawesome-iconpicker,https://farbelous.github.io/fontawesome-iconpicker/,git+ssh://git@github.com/farbelous/fontawesome-iconpicker.git,175093,itsjavi/fontawesome-iconpicker,,https://github.com/farbelous/fontawesome-iconpicker
github.com/datatables/dist-datatables-responsive-foundation,68837,org.webjars.bower:datatables.net-responsive-zf,http://webjars.org,https://github.com/DataTables/Dist-DataTables-Responsive-Foundation,1709429,datatables.net-responsive-zff,https://datatables.net,git+https://github.com/DataTables/Dist-DataTables-Responsive-Foundation.git,84685,datatables.net/datatables.net-responsive-zf,,https://github.com/DataTables/Dist-DataTables-Responsive-Foundation
github.com/datatables/dist-datatables-colreorder-bootstrap,136434,org.mvnpm:datatables.net-colreorder-bs,https://datatables.net,https://github.com/DataTables/Dist-DataTables-ColReorder-Bootstrap,1709351,datatables.net-colreorder-bs,https://datatables.net,git+https://github.com/DataTables/Dist-DataTables-ColReorder-Bootstrap.git,84635,datatables.net/datatables.net-colreorder-bs,,https://github.com/DataTables/Dist-DataTables-ColReorder-Bootstrap
github.com/components/bootstrap,68947,org.webjars.bower:components-bootstrap,http://webjars.org,https://github.com/components/bootstrap,1613517,components-bootstrap,http://getbootstrap.com,git+https://github.com/components/bootstrap.git,72399,components/bootstrap,,https://github.com/components/bootstrap
github.com/ifightcrime/bootstrap-growl,69104,org.webjars.bower:bootstrap-growl,http://webjars.org,https://github.com/ifightcrime/bootstrap-growl,1479156,bootstrap-growl-ifightcrime,https://github.com/ifightcrime/bootstrap-growl#readme,git+https://github.com/ifightcrime/bootstrap-growl.git,164408,ifightcrime/bootstrap-growl,,https://github.com/ifightcrime/bootstrap-growl
github.com/froala/wysiwyg-editor,69829,org.webjars.bower:FroalaWysiwygEditor,http://webjars.org,https://github.com/froala/wysiwyg-editor,2484982,mark-editor,https://www.froala.com/wysiwyg-editor,git://github.com/froala/wysiwyg-editor.git,132676,froala/wysiwyg-editor,,https://github.com/froala/wysiwyg-editor
