Maven_ID,Maven_Name,Maven_Homepage,Maven_Repo,NPM_ID,NPM_Name,NPM_Homepage,NPM_Repo,PyPI_ID,PyPI_Name,PyPI_Homepage,PyPI_Repo
15966,tech.mlsql:autocoder-cli-sdk,https://github.com/allwefantasy/auto-coder,https://github.com/allwefantasy/auto-coder/tree/master/cli-sdks/java,1400062,autocoder-rag-sdk,https://github.com/allwefantasy/auto-coder/tree/master/rag-sdks/nodejs,git+https://github.com/allwefantasy/auto-coder.git,41297,autocoder-rag-sdk,https://pypi.org/project/autocoder-rag-sdk/,https://github.com/allwefantasy/auto-coder
16560,tech.followthemoney:followthemoney,http://followthemoney.tech/,http://github.com/opensanctions/followthemoney/tree/main,818584,@opensanctions/followthemoney,https://github.com/opensanctions/followthemoney#readme,git+https://github.com/opensanctions/followthemoney.git,222871,followthemoney,https://pypi.org/project/followthemoney/,https://github.com/opensanctions/followthemoney.git
18046,st.tks.cdk:ec2-spot-simple,https://github.com/tksst/cdk-ec2-spot-simple/,https://github.com/tksst/cdk-ec2-spot-simple.git,1536801,cdk-ec2-spot-simple,https://github.com/tksst/cdk-ec2-spot-simple/,git+https://github.com/tksst/cdk-ec2-spot-simple.git,82974,cdk-ec2-spot-simple,https://github.com/tksst/cdk-ec2-spot-simple/,https://github.com/tksst/cdk-ec2-spot-simple.git
19621,software.aws:aws-pdk,https://github.com/aws/aws-pdk,https://github.com/aws/aws-pdk,122550,@aws/pdk,https://github.com/aws/aws-pdk#readme,git+https://github.com/aws/aws-pdk.git,45993,aws-pdk,https://github.com/aws/aws-pdk,https://github.com/aws/aws-pdk
19598,software.aws.jsiisamples.jsii:jsii-code-samples,https://github.com/aws-samples/jsii-code-samples#readme,https://github.com/aws-samples/jsii-code-samples.git,2303750,jsii-code-samples,https://github.com/aws-samples/jsii-code-samples#readme,git+https://github.com/aws-samples/jsii-code-samples.git,45637,aws-jsiisamples.jsii-code-samples,https://github.com/aws-samples/jsii-code-samples#readme,https://github.com/aws-samples/jsii-code-samples.git
19620,software.aws.awsprototypingsdk:aws-arch,https://github.com/aws/aws-prototyping-sdk,https://github.com/aws/aws-prototyping-sdk,1409539,aws-prototyping-sdk,https://github.com/aws/aws-prototyping-sdk#readme,git+https://github.com/aws/aws-prototyping-sdk.git,46038,aws-prototyping-sdk.type-safe-api,https://github.com/aws/aws-prototyping-sdk,https://github.com/aws/aws-prototyping-sdk
19624,software.amazon.textract.idp:idp-cdk-constructs,https://github.com/aws-samples/amazon-textract-idp-cdk-constructs.git,https://github.com/aws-samples/amazon-textract-idp-cdk-constructs.git,1328277,amazon-textract-idp-cdk-constructs,https://github.com/aws-samples/amazon-textract-idp-cdk-constructs#readme,git+https://github.com/aws-samples/amazon-textract-idp-cdk-constructs.git,21597,amazon-textract-idp-cdk-constructs,https://github.com/aws-samples/amazon-textract-idp-cdk-constructs.git,https://github.com/aws-samples/amazon-textract-idp-cdk-constructs.git
646638,com.github.hnishar.konstruk:apigatewaydynamodb,https://github.com/awslabs/aws-solutions-konstruk.git,https://github.com/awslabs/aws-solutions-konstruk.git,122431,@aws-solutions-konstruk/core,https://github.com/awslabs/aws-solutions-konstruk#readme,git+https://github.com/awslabs/aws-solutions-konstruk.git,46367,aws-solutions-konstruk.core,https://github.com/awslabs/aws-solutions-konstruk.git,https://github.com/awslabs/aws-solutions-konstruk.git
20985,software.amazon.awscdk:accessanalyzer,https://github.com/aws/aws-cdk,https://github.com/aws/aws-cdk.git,2568547,monocdk-experiment,https://github.com/aws/aws-cdk,git+https://github.com/aws/aws-cdk.git,370293,monocdk.experiment,https://github.com/aws/aws-cdk,https://github.com/aws/aws-cdk.git
20952,software.amazon.awscdk:autoscaling-api,https://github.com/awslabs/aws-cdk,https://github.com/awslabs/aws-cdk.git,3208742,simple-resource-bundler,https://github.com/awslabs/aws-cdk,git+https://github.com/awslabs/aws-cdk.git,45147,aws-cdk.runtime-values,https://github.com/awslabs/aws-cdk,https://github.com/awslabs/aws-cdk.git
20753,software.amazon.awscdk:lambda-dotnet,https://github.com/cdklabs/awscdk-lambda-dotnet.git,https://github.com/cdklabs/awscdk-lambda-dotnet.git,120736,@aws-cdk/aws-lambda-dotnet,https://github.com/cdklabs/awscdk-lambda-dotnet#readme,git+https://github.com/cdklabs/awscdk-lambda-dotnet.git,83034,cdklabs.aws-lambda-dotnet,https://github.com/cdklabs/awscdk-lambda-dotnet.git,https://github.com/cdklabs/awscdk-lambda-dotnet.git
20924,software.amazon.awscdk:cdk-cli-lib-alpha,https://github.com/aws/aws-cdk,https://github.com/aws/aws-cdk-cli,3269751,sst-aws-cdk,https://github.com/aws/aws-cdk,git+https://github.com/aws/aws-cdk-cli.git,45103,aws-cdk.cloud-assembly-schema,https://github.com/aws/aws-cdk,https://github.com/aws/aws-cdk-cli
20929,software.amazon.awscdk:cdk-asset-node-proxy-agent-v5,https://github.com/cdklabs/awscdk-asset-node-proxy-agent#readme,https://github.com/cdklabs/awscdk-asset-node-proxy-agent.git,120550,@aws-cdk/asset-node-proxy-agent-v6,https://github.com/cdklabs/awscdk-asset-node-proxy-agent#readme,git+https://github.com/cdklabs/awscdk-asset-node-proxy-agent.git,44787,aws-cdk.asset-node-proxy-agent-v5,https://github.com/cdklabs/awscdk-asset-node-proxy-agent#readme,https://github.com/cdklabs/awscdk-asset-node-proxy-agent.git
20934,software.amazon.awscdk:cdk-asset-awscli-v1,https://github.com/cdklabs/awscdk-asset-awscli#readme,https://github.com/cdklabs/awscdk-asset-awscli.git,120545,@aws-cdk/asset-awscli-v2,https://github.com/cdklabs/awscdk-asset-awscli#readme,git+https://github.com/cdklabs/awscdk-asset-awscli.git,44783,aws-cdk.asset-awscli-v2,https://github.com/cdklabs/awscdk-asset-awscli#readme,https://github.com/cdklabs/awscdk-asset-awscli.git
35587,org.wvlet:object-schema_2.11,https://github.com/xerial/wvlet,github.com/wvlet/wvlet.git,1220098,@wvlet/wvlet,https://wvlet.org/,git+https://github.com/wvlet/wvlet.git,707706,wvlet,https://pypi.org/project/wvlet/,https://github.com/wvlet/wvlet
133570,org.mvnpm:underscore,https://underscorejs.org,git://github.com/jashkenas/underscore,3490526,underscoress,http://underscorejs.org,git://github.com/jashkenas/underscore.git,712869,XStatic-underscore,https://github.com/jashkenas/underscore,https://github.com/jashkenas/underscore
49336,org.webjars.npm:superset-ui__embedded-sdk,https://www.webjars.org,https://github.com/apache/superset,3311199,superset-ui-without-optional-chaining-operator,https://github.com/apache/superset#readme,git+https://github.com/apache/superset.git,27347,apache-superset-extensions-cli,https://pypi.org/project/apache-superset-extensions-cli/,https://github.com/apache/superset
66597,org.webjars.bower:roboto-fontface,http://webjars.org,https://github.com/choffmeister/roboto-fontface-bower,3105824,roboto-fontface,https://github.com/choffmeister/roboto-fontface-bower,git+https://github.com/choffmeister/roboto-fontface-bower.git,712857,XStatic-roboto-fontface,https://github.com/choffmeister/roboto-fontface-bower,https://github.com/choffmeister/roboto-fontface-bower
52308,org.webjars.npm:pathseg,https://www.webjars.org,https://github.com/progers/pathseg,2818864,pathseg,https://github.com/progers/pathseg,git+https://github.com/progers/pathseg.git,712848,XStatic-pathseg,https://github.com/progers/pathseg,https://github.com/progers/pathseg
569341,com.microsoft.onnxruntime:onnxruntime,https://microsoft.github.io/onnxruntime/,http://github.com/microsoft/onnxruntime,2775538,onnxruntime-web-unminified,https://github.com/Microsoft/onnxruntime#readme,git+https://github.com/Microsoft/onnxruntime.git,432880,onnxruntime-tools,https://github.com/microsoft/onnxruntime,https://github.com/microsoft/onnxruntime
66895,org.webjars.bower:objectpath,http://webjars.org,https://github.com/mike-marcacci/objectpath,2756591,objectpath,https://github.com/mike-marcacci/objectpath,git+https://github.com/mike-marcacci/objectpath.git,712846,XStatic-objectpath,https://github.com/mike-marcacci/objectpath,https://github.com/mike-marcacci/objectpath
135317,org.mvnpm:lerc,https://github.com/Esri/lerc,https://github.com/Esri/lerc,2396785,lerc,https://github.com/Esri/lerc,git+https://github.com/Esri/lerc.git,504566,pylerc,https://github.com/Esri/lerc,https://github.com/Esri/lerc
135320,org.mvnpm:leaflet.markercluster,https://github.com/Leaflet/Leaflet.markercluster#readme,https://github.com/Leaflet/Leaflet.markercluster,2391135,leaflet.zv.markercluster,https://github.com/Leaflet/Leaflet.markercluster#readme,git+https://github.com/Leaflet/Leaflet.markercluster.git,712833,XStatic-Leaflet-MarkerCluster,https://github.com/Leaflet/Leaflet.markercluster,https://github.com/Leaflet/Leaflet.markercluster
135432,org.mvnpm:js-yaml,https://github.com/nodeca/js-yaml#readme,https://github.com/nodeca/js-yaml,2301048,js-yaml-chase-esm,https://github.com/nodeca/js-yaml,git+https://github.com/nodeca/js-yaml.git,712830,xstatic-js-yaml,https://github.com/nodeca/js-yaml,https://github.com/nodeca/js-yaml
135447,org.mvnpm:jquery-migrate,https://github.com/jquery/jquery-migrate,git://github.com/jquery/jquery-migrate,2294442,jquery-migrate,https://github.com/jquery/jquery-migrate,git://github.com/jquery/jquery-migrate.git,712822,XStatic-JQuery-Migrate,https://github.com/jquery/jquery-migrate,https://github.com/jquery/jquery-migrate
135879,org.mvnpm:graphlib,https://github.com/dagrejs/graphlib#readme,https://github.com/dagrejs/graphlib,2079567,graphlibflow,https://github.com/dagrejs/graphlib#readme,git+https://github.com/dagrejs/graphlib.git,712813,XStatic-Graphlib,https://github.com/dagrejs/graphlib,https://github.com/dagrejs/graphlib
69484,org.webjars.bower:angular-notify,http://webjars.org,https://github.com/cgross/angular-notify,193620,@cgross/angular-notify,https://github.com/cgross/angular-notify#readme,git://github.com/cgross/angular-notify.git,712778,xstatic-angular-notify,https://github.com/cgross/angular-notify,https://github.com/cgross/angular-notify
62694,org.webjars.npm:angular-material,https://www.webjars.org,https://github.com/angular/material,3365880,temp-fork-angular-material,https://material.angularjs.org,git://github.com/angular/material.git,712776,xstatic-angular-material,https://github.com/angular/material,https://github.com/angular/material
69771,org.webjars.bower:adminlte,http://webjars.org,https://github.com/almasaeed2010/AdminLTE,1893580,evchar-oprator-common,https://github.com/almasaeed2010/AdminLTE#readme,git://github.com/almasaeed2010/AdminLTE.git,712767,XStatic-AdminLTE,https://github.com/almasaeed2010/AdminLTE,https://github.com/almasaeed2010/AdminLTE
68013,org.webjars.bower:github-com-munkychop-angular-uuid,http://webjars.org,https://github.com/munkychop/angular-uuid,1342289,angular-uuid,https://github.com/munkychop/angular-uuid,git://github.com/munkychop/angular-uuid.git,712785,xstatic-angular-uuid,https://github.com/munkychop/angular-uuid,https://github.com/munkychop/angular-uuid
69056,org.webjars.bower:bootstrap-wizard,http://webjars.org,https://github.com/VinceG/twitter-bootstrap-wizard,2293743,jquery-bootstrap-wizard,https://github.com/VinceG/twitter-bootstrap-wizard#readme,git+https://github.com/VinceG/twitter-bootstrap-wizard.git,712819,XStatic-JQuery.Bootstrap.Wizard,http://github.com/VinceG/twitter-bootstrap-wizard,http://github.com/VinceG/twitter-bootstrap-wizard
128531,org.nuiton.js:nuiton-js-html5shiv,https://github.com/aFarkas/html5shiv,http://www.nuiton.org/repositories/browse/nuiton-js/nuiton-js-html5shiv/tags/nuiton-js-html5shiv-3.7.2-1,2174617,html5shiv,https://github.com/aFarkas/html5shiv#readme,git+https://github.com/aFarkas/html5shiv.git,712815,XStatic-html5shiv,https://github.com/aFarkas/html5shiv/,https://github.com/aFarkas/html5shiv/
68222,org.webjars.bower:github-com-eternicode-bootstrap-datepicker,http://webjars.org,https://github.com/eternicode/bootstrap-datepicker,1478943,bootstrap-datepicker-legacy,https://github.com/eternicode/bootstrap-datepicker,git+https://github.com/eternicode/bootstrap-datepicker.git,712793,XStatic-Bootstrap-Datepicker,https://github.com/eternicode/bootstrap-datepicker/,https://github.com/eternicode/bootstrap-datepicker/
69289,org.webjars.bower:angular-visjs,http://webjars.org,https://github.com/visjs/angular-visjs,1342372,angular-visjs,https://github.com/visjs/angular-visjs#readme,git+https://github.com/visjs/angular-visjs.git,712786,xstatic-angular-vis,https://github.com/visjs/angular-visjs,https://github.com/visjs/angular-visjs
82040,org.ssohub:ecc,https://github.com/aldenml/ecc,https://github.com/aldenml/ecc,49322,@aldenml/ecc,https://github.com/aldenml/ecc/tree/master/bindings/js#ecc,git+https://github.com/aldenml/ecc.git,321998,libecc,https://github.com/aldenml/ecc,https://github.com/aldenml/ecc
370175,io.github.p-org.solvers:z3,https://github.com/Z3Prover/z3,${project.url},3718707,z3-solver,https://github.com/Z3Prover/z3/tree/master/src/api/js,git+https://github.com/Z3Prover/z3.git,719758,z3-solver-mythril,https://github.com/Z3Prover/z3,https://github.com/Z3Prover/z3
87956,org.sonatype.community:nexus-repo-api-webclient,https://github.com/sonatype-nexus-community/nexus-repo-api-client,https://github.com/sonatype-nexus-community/nexus-repo-api-client,1021583,@sonatype/nexus-repo-api-client,https://github.com/sonatype-nexus-community/nexus-repo-api-client#readme,git+https://github.com/sonatype-nexus-community/nexus-repo-api-client.git,394933,nexus_api_client,https://github.com/sonatype-nexus-community/nexus-repo-api-client,https://github.com/sonatype-nexus-community/nexus-repo-api-client
140085,org.mozilla.taskcluster:taskcluster-lib-urls,https://github.com/taskcluster/taskcluster-lib-urls,https://github.com/taskcluster/taskcluster-lib-urls/tree/${scm.branch},3345784,taskcluster-lib-urls,https://github.com/taskcluster/taskcluster-lib-urls#readme,git+https://github.com/taskcluster/taskcluster-lib-urls.git,635610,taskcluster-urls,https://github.com/taskcluster/taskcluster-lib-urls,https://github.com/taskcluster/taskcluster-lib-urls
201592,org.deepspeech:libdeepspeech,https://github.com/mozilla/DeepSpeech,https://github.com/mozilla/DeepSpeech,2575420,mozilla_voice_stt_tflite,https://github.com/mozilla/DeepSpeech/tree/v0.9.0-alpha.4#project-deepspeech,git://github.com/mozilla/DeepSpeech.git,137701,deepspeech-tflite,https://github.com/mozilla/DeepSpeech,https://github.com/mozilla/DeepSpeech/tree/v0.9.3
150400,org.kollavarsham.converter:kollavarsham-converter,https://kollavarsham.org,https://github.com/kollavarsham/kollavarsham-js.git,2359443,kollavarsham-js,http://kollavarsham.org,git+https://github.com/kollavarsham/kollavarsham-js.git,310087,kollavarsham,https://kollavarsham.org,https://github.com/kollavarsham/kollavarsham-js.git
151770,org.kin.agora.gen:agora-api,https://github.com/kinecosystem/agora-api/tree/master/base-viewmodel,https://github.com/kinecosystem/agora-api/tree/master,609377,@kinecosystem/agora-api,https://github.com/kinecosystem/agora-api#readme,git+ssh://git@github.com/kinecosystem/agora-api.git,9275,agora-api,https://github.com/kinecosystem/agora-api,https://github.com/kinecosystem/agora-api
163028,org.jetbrains.jewel:jewel-decorated-window,https://github.com/JetBrains/intellij-community,https://github.com/JetBrains/intellij-community,2204823,ij-rpc-client,https://github.com/JetBrains/intellij-community#readme,git+https://github.com/JetBrains/intellij-community.git,494885,pydevd-pycharm,https://github.com/JetBrains/intellij-community,https://github.com/JetBrains/intellij-community
182113,org.gdal:gdal,http://gdal.org,git@github.com:osgeo/gdal.git,1647152,cppjs-package-gdal,https://github.com/OSGeo/gdal,,233879,GDAL,http://www.gdal.org,https://github.com/OSGeo/GDAL.git
184460,org.finos.tracdap.plugins:aws-config,https://tracdap.finos.org,https://github.com/finos/tracdap,387840,@finos/tracdap-web-api,https://tracdap.finos.org/,git+https://github.com/finos/tracdap.git,661382,tracdap-runtime,https://www.fintrac.co.uk/,https://github.com/finos/tracdap
202244,org.datasyslab:babylon,http://geospark.datasyslab.org/,git@github.com:DataSystemsLab/GeoSpark.git,2037654,geospark-zeppelin,http://datasystemslab.github.io/GeoSpark,git+https://github.com/DataSystemsLab/GeoSpark.git,237954,geospark,https://github.com/DataSystemsLab/GeoSpark/tree/master/python,https://github.com/DataSystemsLab/GeoSpark/tree/master/python
212278,org.cdk8s:cdk8s-plus-19,https://github.com/cdk8s-team/cdk8s-plus.git,https://github.com/cdk8s-team/cdk8s-plus.git,1537168,cdk8s-plus-33,https://github.com/cdk8s-team/cdk8s-plus#readme,git+https://github.com/cdk8s-team/cdk8s-plus.git,82698,cdk8s-plus-33,https://github.com/cdk8s-team/cdk8s-plus.git,https://github.com/cdk8s-team/cdk8s-plus.git
212281,org.cdk8s:cdk8s-operator,https://github.com/cdk8s-team/cdk8s-operator.git,https://github.com/cdk8s-team/cdk8s-operator.git,1537150,cdk8s-operator,https://github.com/cdk8s-team/cdk8s-operator#readme,git+https://github.com/cdk8s-team/cdk8s-operator.git,82680,cdk8s-operator,https://github.com/cdk8s-team/cdk8s-operator.git,https://github.com/cdk8s-team/cdk8s-operator.git
212282,org.cdk8s:cdk8s-jenkins,https://github.com/cdk8s-team/cdk8s-jenkins,https://github.com/cdk8s-team/cdk8s-jenkins,1537144,cdk8s-jenkins,https://github.com/cdk8s-team/cdk8s-jenkins#readme,git+https://github.com/cdk8s-team/cdk8s-jenkins.git,82676,cdk8s-jenkins,https://github.com/cdk8s-team/cdk8s-jenkins.git,https://github.com/cdk8s-team/cdk8s-jenkins.git
212284,org.cdk8s:cdk8s-grafana,https://github.com/cdk8s-team/cdk8s-grafana.git,https://github.com/cdk8s-team/cdk8s-grafana.git,1537142,cdk8s-grafana,https://github.com/cdk8s-team/cdk8s-grafana#readme,git+https://github.com/cdk8s-team/cdk8s-grafana.git,82674,cdk8s-grafana,https://github.com/cdk8s-team/cdk8s-grafana.git,https://github.com/cdk8s-team/cdk8s-grafana.git
212285,org.cdk8s:cdk8s-cdktf-resolver,https://github.com/cdk8s-team/cdk8s-cdktf-resolver.git,https://github.com/cdk8s-team/cdk8s-cdktf-resolver.git,189247,@cdk8s/cdktf-resolver,https://github.com/cdk8s-team/cdk8s-cdktf-resolver#readme,git+https://github.com/cdk8s-team/cdk8s-cdktf-resolver.git,82666,cdk8s-cdktf-resolver,https://github.com/cdk8s-team/cdk8s-cdktf-resolver.git,https://github.com/cdk8s-team/cdk8s-cdktf-resolver.git
212286,org.cdk8s:cdk8s-awscdk-resolver,https://github.com/cdk8s-team/cdk8s-awscdk-resolver.git,https://github.com/cdk8s-team/cdk8s-awscdk-resolver.git,189246,@cdk8s/awscdk-resolver,https://github.com/cdk8s-team/cdk8s-awscdk-resolver#readme,git+https://github.com/cdk8s-team/cdk8s-awscdk-resolver.git,82662,cdk8s-awscdk-resolver,https://github.com/cdk8s-team/cdk8s-awscdk-resolver.git,https://github.com/cdk8s-team/cdk8s-awscdk-resolver.git
355698,io.github.symonk:Automation-Assistant,https://github.com/symonk/Automation-Assistant,http://github.com/user/project,1507905,bva_node_wallet_vzla,https://github.com/user/project#readme,git+https://github.com/user/project.git,63168,bloxy,https://github.com/user/project,https://github.com/user/project
241087,org.apache.flink:statefun-parent,http://flink.apache.org,https://github.com/apache/flink-statefun,1354049,apache-flink-statefun,https://github.com/apache/flink-statefun,git+https://github.com/apache/flink-statefun.git,27299,apache-flink-statefun-new,https://github.com/apache/flink-statefun,https://github.com/apache/flink-statefun
720595,com.affinidi.stg:common-check-widget-backend-lib,https://gitlab.com/affinidi/safe-travel/st-experiments/common-check-widget-backend-lib,https://github.com/affinityproject/common-check-widget-backend-lib.git,37387,@affinidi/common-check-widget-backend-lib,https://gitlab.com/affinidi/safe-travel/st-experiments/common-check-widget-backend-lib,git+https://github.com/affinityproject/common-check-widget-backend-lib.git,7540,affinidi.common-check-widget-backend-lib,https://gitlab.com/affinidi/safe-travel/st-experiments/common-check-widget-backend-lib,https://github.com/affinityproject/common-check-widget-backend-lib.git
302109,io.toit.api:toit-api,http://github.com/toitware/api,https://github.com/toitware/api,1105974,@toitware/api,https://github.com/toitware/api#readme,git+https://github.com/toitware/api.git,655012,toit-api,https://github.com/toitware/api,https://github.com/toitware/api
317886,io.portone:server-sdk,https://github.com/portone-io/server-sdk,https://github.com/portone-io/server-sdk,870421,@portone/server-sdk,https://github.com/portone-io/server-sdk#readme,git+https://github.com/portone-io/server-sdk.git,471305,portone-server-sdk,https://pypi.org/project/portone-server-sdk/,https://github.com/portone-io/server-sdk/tree/main/python
320010,io.openremote:openremote-agent,https://github.com/openremote/openremote,https://github.com/openremote/openremote/tree/master,818487,@openremote/theme,,https://github.com/openremote/openremote,436594,openremote-cli,https://www.openremote.io,https://github.com/openremote/openremote
334246,io.keyko.nevermined:contracts,https://github.com/nevermined-io/contracts,https://github.com/nevermined-io/contracts/tree/master,2750185,nvm-contracts-test,https://github.com/nevermined-io/contracts#readme,git+https://github.com/nevermined-io/contracts.git,393934,nevermined-contracts,https://github.com/nevermined-io/contracts,https://github.com/nevermined-io/contracts
345371,io.github.yglcode.cdkutils.aspects.resourcerename:cdk-stack-resource-rename,https://github.com/yglcode/cdk-stack-resource-rename.git,https://github.com/yglcode/cdk-stack-resource-rename.git,1537065,cdk-stack-resource-rename,https://github.com/yglcode/cdk-stack-resource-rename#readme,git+https://github.com/yglcode/cdk-stack-resource-rename.git,83148,cdk-stack-resource-rename,https://github.com/yglcode/cdk-stack-resource-rename.git,https://github.com/yglcode/cdk-stack-resource-rename.git
587204,com.kimlulu:tts-engine,https://github.com/your-username/your-repo,https://github.com/your-username/your-repo/tree/main,3594995,vuetify3-jsonschema-form,https://github.com/your-username/your-repo#readme,git+https://github.com/your-username/your-repo.git,642773,testfilebyustopythoncoolgoat,https://github.com/Kshitij-200/Leetcode_DSA,https://github.com/your-username/your-repo
347291,io.github.wtfjoke:cdk-github,https://github.com/WtfJoke/cdk-github,https://github.com/WtfJoke/cdk-github,1536850,cdk-github,https://github.com/WtfJoke/cdk-github#readme,git+https://github.com/WtfJoke/cdk-github.git,83003,cdk-github,https://github.com/WtfJoke/cdk-github,https://github.com/WtfJoke/cdk-github
348783,io.github.wechaty:grpc,https://github.com/Chatie/grpc,https://github.com/Chatie/grpc,196953,@chatie/grpc,https://github.com/Chatie/grpc#readme,git+https://github.com/Chatie/grpc.git,88198,chatie-grpc,https://github.com/chatie/grpc,https://github.com/chatie/grpc
512055,com.thoughtspot:rest-api-sdk,https://github.com/thoughtspot/rest-api-sdk/tree/release/sdks/java,https://github.com/thoughtspot/rest-api-sdk,3081727,rest-api-sdk,https://github.com/thoughtspot/rest-api-sdk#readme,git+https://github.com/thoughtspot/rest-api-sdk.git,555629,restapisdktest,https://github.com/thoughtspot/rest-api-sdk/tree/main/Python,https://github.com/thoughtspot/rest-api-sdk/tree/main/Python
356275,io.github.subhendushekhar.cjson:cjson,https://github.com/SubhenduShekhar/cjson/tree/main/java,https://github.com/SubhenduShekhar/cjson/,1593240,coded-json,https://github.com/SubhenduShekhar/cjson#readme,git+https://github.com/SubhenduShekhar/cjson.git,101308,codedjson,https://github.com/SubhenduShekhar/cjson,https://github.com/SubhenduShekhar/cjson
356813,io.github.stefanfreitag:terraformStateBackend,https://github.com/stefanfreitag/terraform-backend-s3-bucket.git,https://github.com/stefanfreitag/terraform-backend-s3-bucket.git,3370661,terraform-backend-s3-bucket,https://github.com/stefanfreitag/terraform-backend-s3-bucket#readme,git+https://github.com/stefanfreitag/terraform-backend-s3-bucket.git,641601,terraform-backend-s3-bucket,https://github.com/stefanfreitag/terraform-backend-s3-bucket.git,https://github.com/stefanfreitag/terraform-backend-s3-bucket.git
356817,io.github.stefanfreitag:azureS3RepositoryArchiver,https://github.com/stefanfreitag/azure_s3_repository_archiver.git,https://github.com/stefanfreitag/azure_s3_repository_archiver.git,1414992,azure-devops-repository-archiver,https://github.com/stefanfreitag/azure_s3_repository_archiver#readme,git+https://github.com/stefanfreitag/azure_s3_repository_archiver.git,47557,azure-devops-repository-archiver,https://github.com/stefanfreitag/azure_s3_repository_archiver.git,https://github.com/stefanfreitag/azure_s3_repository_archiver.git
362669,io.github.robert-hanuschke:cdk-utils,https://github.com/robert-hanuschke/cdk-utils,https://github.com/robert-hanuschke/cdk-utils,935316,@robhan-cdk-lib/utils,https://github.com/robert-hanuschke/cdk-utils#readme,git+https://github.com/robert-hanuschke/cdk-utils.git,560495,robhan-cdk-lib.utils,https://github.com/robert-hanuschke/cdk-utils,https://github.com/robert-hanuschke/cdk-utils
362670,io.github.robert-hanuschke:cdk-aws-mwaa,https://github.com/robert-hanuschke/cdk-aws_mwaa.git,https://github.com/robert-hanuschke/cdk-aws_mwaa.git,935315,@robhan-cdk-lib/aws_mwaa,https://github.com/robert-hanuschke/cdk-aws_mwaa#readme,git+https://github.com/robert-hanuschke/cdk-aws_mwaa.git,560494,robhan-cdk-lib.aws-mwaa,https://github.com/robert-hanuschke/cdk-aws_mwaa.git,https://github.com/robert-hanuschke/cdk-aws_mwaa.git
362671,io.github.robert-hanuschke:cdk-aws-grafana,https://github.com/robert-hanuschke/cdk-aws_grafana,https://github.com/robert-hanuschke/cdk-aws_grafana,935314,@robhan-cdk-lib/aws_grafana,https://github.com/robert-hanuschke/cdk-aws_grafana#readme,git+https://github.com/robert-hanuschke/cdk-aws_grafana.git,560493,robhan-cdk-lib.aws-grafana,https://github.com/robert-hanuschke/cdk-aws_grafana,https://github.com/robert-hanuschke/cdk-aws_grafana
362672,io.github.robert-hanuschke:cdk-aws-aps,https://github.com/robert-hanuschke/cdk-aws_aps,https://github.com/robert-hanuschke/cdk-aws_aps,935313,@robhan-cdk-lib/aws_aps,https://github.com/robert-hanuschke/cdk-aws_aps#readme,git+https://github.com/robert-hanuschke/cdk-aws_aps.git,560492,robhan-cdk-lib.aws-aps,https://github.com/robert-hanuschke/cdk-aws_aps,https://github.com/robert-hanuschke/cdk-aws_aps
364151,io.github.randyridgley.cdk.datalake.constructs:cdk-datalake-constructs,https://github.com/randyridgley/cdk-datalake-constructs.git,https://github.com/randyridgley/cdk-datalake-constructs.git,1536772,cdk-datalake-constructs,https://github.com/randyridgley/cdk-datalake-constructs#readme,git+https://github.com/randyridgley/cdk-datalake-constructs.git,82962,cdk-datalake-constructs,https://github.com/randyridgley/cdk-datalake-constructs.git,https://github.com/randyridgley/cdk-datalake-constructs.git
366749,io.github.professionalaf:EnterpriseUtils,https://github.com/professionalaf/enterprise-utils.git,https://github.com/professionalaf/enterprise-utils.git,878127,@professionalaf/enterprise-utils,https://github.com/professionalaf/enterprise-utils#readme,git+https://github.com/professionalaf/enterprise-utils.git,190828,enterprise-utils,https://github.com/professionalaf/enterprise-utils.git,https://github.com/professionalaf/enterprise-utils.git
385023,io.github.kesi03:zap-cdk,https://github.com/kesi03/zap-cdk,https://github.com/kesi03/zap-cdk,3721709,zap-cdk,https://github.com/kesi03/zap-cdk#readme,git+https://github.com/kesi03/zap-cdk.git,720115,zap-cdk,https://github.com/kesi03/zap-cdk,https://github.com/kesi03/zap-cdk
387623,io.github.jogold:cloudstructs,https://github.com/jogold/cloudstructs.git,https://github.com/jogold/cloudstructs.git,1582714,cloudstructs,https://github.com/jogold/cloudstructs#readme,git+https://github.com/jogold/cloudstructs.git,98109,cloudstructs,https://github.com/jogold/cloudstructs.git,https://github.com/jogold/cloudstructs.git
388584,io.github.jeromevdl.awscdk:s3-upload-presignedurl-api,https://github.com/jeromevdl/cdk-s3-upload-presignedurl-api.git,https://github.com/jeromevdl/cdk-s3-upload-presignedurl-api.git,1537007,cdk-s3-upload-presignedurl-api,https://github.com/jeromevdl/cdk-s3-upload-presignedurl-api#readme,git+https://github.com/jeromevdl/cdk-s3-upload-presignedurl-api.git,83121,cdk-s3-upload-presignedurl-api,https://github.com/jeromevdl/cdk-s3-upload-presignedurl-api.git,https://github.com/jeromevdl/cdk-s3-upload-presignedurl-api.git
391077,io.github.iliapolo:constructs-tokens-staging,https://github.com/iliapolo/constructs-tokens,https://github.com/iliapolo/constructs-tokens,1622382,constructs-tokens-staging,https://github.com/iliapolo/constructs-tokens#readme,git+https://github.com/iliapolo/constructs-tokens.git,110287,constructs-tokens-staging,https://github.com/iliapolo/constructs-tokens,https://github.com/iliapolo/constructs-tokens
391977,io.github.hsiehshujeng:projen-inception,https://github.com/HsiehShuJeng/projen-simple.git,https://github.com/HsiehShuJeng/projen-simple.git,2896174,projen-statemachine-example,https://github.com/HsiehShuJeng/projen-simple#readme,git+https://github.com/HsiehShuJeng/projen-simple.git,576893,scotthsieh-projen-statemachine,https://github.com/HsiehShuJeng/projen-simple.git,https://github.com/HsiehShuJeng/projen-simple.git
391978,io.github.hsiehshujeng:cdk-lambda-subminute,https://github.com/HsiehShuJeng/cdk-lambda-subminute.git,https://github.com/HsiehShuJeng/cdk-lambda-subminute.git,1536920,cdk-lambda-subminute,https://github.com/HsiehShuJeng/cdk-lambda-subminute#readme,git+https://github.com/HsiehShuJeng/cdk-lambda-subminute.git,83070,cdk-lambda-subminute,https://github.com/HsiehShuJeng/cdk-lambda-subminute.git,https://github.com/HsiehShuJeng/cdk-lambda-subminute.git
391980,io.github.hsiehshujeng:cdk-databrew-cicd,https://github.com/HsiehShuJeng/cdk-databrew-cicd.git,https://github.com/HsiehShuJeng/cdk-databrew-cicd.git,1536770,cdk-databrew-cicd,https://github.com/HsiehShuJeng/cdk-databrew-cicd#readme,git+https://github.com/HsiehShuJeng/cdk-databrew-cicd.git,82959,cdk-databrew-cicd,https://github.com/HsiehShuJeng/cdk-databrew-cicd.git,https://github.com/HsiehShuJeng/cdk-databrew-cicd.git
391981,io.github.hsiehshujeng:cdk-comprehend-s3olap,https://github.com/HsiehShuJeng/cdk-comprehend-s3olap.git,https://github.com/HsiehShuJeng/cdk-comprehend-s3olap.git,1536741,cdk-comprehend-s3olap,https://github.com/HsiehShuJeng/cdk-comprehend-s3olap#readme,git+https://github.com/HsiehShuJeng/cdk-comprehend-s3olap.git,82951,cdk-comprehend-s3olap,https://github.com/HsiehShuJeng/cdk-comprehend-s3olap.git,https://github.com/HsiehShuJeng/cdk-comprehend-s3olap.git
393039,io.github.helbing.astrojsaws:construct,https://astro-aws.org/,https://github.com/helbing/astrojs-aws.git,108814,@astrojs-aws/construct,https://github.com/helbing/astrojs-aws/tree/main/packages/construct,git+https://github.com/helbing/astrojs-aws.git,36563,astrojs-aws.construct,https://github.com/helbing/astrojs-aws/tree/main/packages/construct,https://github.com/helbing/astrojs-aws.git
398850,io.github.elegantdevelopment:AWSCDKFeatureFlags,https://github.com/elegantdevelopment/aws-cdk-featureflags#readme,https://github.com/elegantdevelopment/aws-cdk-featureflags.git,1408649,aws-cdk-featureflags,https://github.com/elegantdevelopment/aws-cdk-featureflags#readme,git+https://github.com/elegantdevelopment/aws-cdk-featureflags.git,45115,aws-cdk-featureflags,https://github.com/elegantdevelopment/aws-cdk-featureflags#readme,https://github.com/elegantdevelopment/aws-cdk-featureflags.git
401554,io.github.devmayur:inference-provider-sdk,https://github.com/DevMayur/Inference_Provider_V2,https://github.com/DevMayur/Inference_Provider_V2,2222220,inference-provider-sdk,https://github.com/DevMayur/Inference_Provider_V2#readme,git+https://github.com/DevMayur/Inference_Provider_V2.git,281423,inference-provider-sdk,https://pypi.org/project/inference-provider-sdk/,https://github.com/DevMayur/Inference_Provider_V2
407311,io.github.cdklabs:projen_canary_package,https://github.com/projen/canary-testing.git,https://github.com/projen/canary-testing.git,879688,@projen/canary-package,https://github.com/projen/canary-testing#readme,git+https://github.com/projen/canary-testing.git,478703,projen.canary-package,https://github.com/projen/canary-testing.git,https://github.com/projen/canary-testing.git
407314,io.github.cdklabs:goldensignalsdashboard,https://github.com/cdklabs/cdk-golden-signals-dashboard.git,https://github.com/cdklabs/cdk-golden-signals-dashboard.git,1536859,cdk-golden-signals-dashboard,https://github.com/cdklabs/cdk-golden-signals-dashboard#readme,git+https://github.com/cdklabs/cdk-golden-signals-dashboard.git,83009,cdk-golden-signals-dashboard,https://github.com/cdklabs/cdk-golden-signals-dashboard.git,https://github.com/cdklabs/cdk-golden-signals-dashboard.git
651374,com.github.eladb:cdktriggers,https://github.com/awslabs/cdk-triggers.git,https://github.com/awslabs/cdk-triggers.git,1537084,cdk-triggers,https://github.com/awslabs/cdk-triggers#readme,git+https://github.com/awslabs/cdk-triggers.git,83249,cdk-triggers,https://github.com/awslabs/cdk-triggers.git,https://github.com/awslabs/cdk-triggers.git
407320,io.github.cdklabs:cdkenterpriseiac,https://github.com/cdklabs/cdk-enterprise-iac.git,https://github.com/cdklabs/cdk-enterprise-iac.git,189273,@cdklabs/cdk-enterprise-iac,https://github.com/cdklabs/cdk-enterprise-iac#readme,git+https://github.com/cdklabs/cdk-enterprise-iac.git,83046,cdklabs.cdk-enterprise-iac,https://github.com/cdklabs/cdk-enterprise-iac.git,https://github.com/cdklabs/cdk-enterprise-iac.git
407520,io.github.cdklabs.cdk_cloudformation:alexa-ask-skill,https://github.com/cdklabs/cdk-cloudformation.git,https://github.com/cdklabs/cdk-cloudformation.git,189211,@cdk-cloudformation/zmk-iam-lambdabasicrole-module,https://github.com/cdklabs/cdk-cloudformation#readme,git+https://github.com/cdklabs/cdk-cloudformation.git,82939,cdk-cloudformation-zmk-iam-lambdabasicrole-module,https://github.com/cdklabs/cdk-cloudformation.git,https://github.com/cdklabs/cdk-cloudformation.git
407522,io.github.cdklabs:cdk-verified-permissions,https://github.com/cdklabs/cdk-verified-permissions.git,https://github.com/cdklabs/cdk-verified-permissions.git,189279,@cdklabs/cdk-verified-permissions,https://github.com/cdklabs/cdk-verified-permissions#readme,git+https://github.com/cdklabs/cdk-verified-permissions.git,83052,cdklabs.cdk-verified-permissions,https://github.com/cdklabs/cdk-verified-permissions.git,https://github.com/cdklabs/cdk-verified-permissions.git
407523,io.github.cdklabs:cdk-validator-cfnguard,https://github.com/cdklabs/cdk-validator-cfnguard.git,https://github.com/cdklabs/cdk-validator-cfnguard.git,189278,@cdklabs/cdk-validator-cfnguard,https://github.com/cdklabs/cdk-validator-cfnguard#readme,git+https://github.com/cdklabs/cdk-validator-cfnguard.git,83051,cdklabs.cdk-validator-cfnguard,https://github.com/cdklabs/cdk-validator-cfnguard.git,https://github.com/cdklabs/cdk-validator-cfnguard.git
407527,io.github.cdklabs:cdk-ssm-document,https://github.com/cdklabs/cdk-ssm-documents.git,https://github.com/cdklabs/cdk-ssm-documents.git,189277,@cdklabs/cdk-ssm-documents,https://github.com/cdklabs/cdk-ssm-documents#readme,git+https://github.com/cdklabs/cdk-ssm-documents.git,83144,cdk-ssm-documents,https://github.com/cdklabs/cdk-ssm-documents.git,https://github.com/cdklabs/cdk-ssm-documents.git
407528,io.github.cdklabs:cdk-proserve-lib,https://github.com/cdklabs/cdk-proserve-lib.git,https://github.com/cdklabs/cdk-proserve-lib.git,189276,@cdklabs/cdk-proserve-lib,https://github.com/cdklabs/cdk-proserve-lib#readme,git+https://github.com/cdklabs/cdk-proserve-lib.git,83049,cdklabs.cdk-proserve-lib,https://github.com/cdklabs/cdk-proserve-lib.git,https://github.com/cdklabs/cdk-proserve-lib.git
407531,io.github.cdklabs:cdk-multi-az-observability,https://github.com/cdklabs/cdk-multi-az-observability,https://github.com/cdklabs/cdk-multi-az-observability/,189287,@cdklabs/multi-az-observability,https://github.com/cdklabs/cdk-multi-az-observability,git+https://github.com/cdklabs/cdk-multi-az-observability.git,83060,cdklabs.multi-az-observability,https://github.com/cdklabs/cdk-multi-az-observability,https://github.com/cdklabs/cdk-multi-az-observability/
407533,io.github.cdklabs:cdk-hypderledger-fabric-network,https://github.com/cdklabs/cdk-hyperledger-fabric-network.git,https://github.com/cdklabs/cdk-hyperledger-fabric-network.git,189275,@cdklabs/cdk-hyperledger-fabric-network,https://github.com/cdklabs/cdk-hyperledger-fabric-network#readme,git+https://github.com/cdklabs/cdk-hyperledger-fabric-network.git,83048,cdklabs.cdk-hyperledger-fabric-network,https://github.com/cdklabs/cdk-hyperledger-fabric-network.git,https://github.com/cdklabs/cdk-hyperledger-fabric-network.git
407535,io.github.cdklabs:cdk-ethereum-node,https://github.com/cdklabs/cdk-ethereum-node.git,https://github.com/cdklabs/cdk-ethereum-node.git,189274,@cdklabs/cdk-ethereum-node,https://github.com/cdklabs/cdk-ethereum-node#readme,git+https://github.com/cdklabs/cdk-ethereum-node.git,83047,cdklabs.cdk-ethereum-node,https://github.com/cdklabs/cdk-ethereum-node.git,https://github.com/cdklabs/cdk-ethereum-node.git
407536,io.github.cdklabs:cdk-ecs-service-extensions,https://github.com/cdklabs/cdk-ecs-service-extensions.git,https://github.com/cdklabs/cdk-ecs-service-extensions.git,120533,@aws-cdk-containers/ecs-service-extensions,https://github.com/cdklabs/cdk-ecs-service-extensions#readme,git+https://github.com/cdklabs/cdk-ecs-service-extensions.git,82980,cdk-ecs-service-extensions,https://github.com/cdklabs/cdk-ecs-service-extensions.git,https://github.com/cdklabs/cdk-ecs-service-extensions.git
407541,io.github.cdklabs:cdk-data-zone,https://github.com/cdklabs/cdk-data-zone.git,https://github.com/cdklabs/cdk-data-zone.git,1536769,cdk-data-zone,https://github.com/cdklabs/cdk-data-zone#readme,git+https://github.com/cdklabs/cdk-data-zone.git,82963,cdk-data-zone,https://github.com/cdklabs/cdk-data-zone.git,https://github.com/cdklabs/cdk-data-zone.git
407543,io.github.cdklabs:cdk-codebuild-sonarcloud,https://github.com/cdklabs/cdk-codebuild-sonarcloud.git,https://github.com/cdklabs/cdk-codebuild-sonarcloud.git,1536731,cdk-codebuild-sonarcloud,https://github.com/cdklabs/cdk-codebuild-sonarcloud#readme,git+https://github.com/cdklabs/cdk-codebuild-sonarcloud.git,82945,cdk-codebuild-sonarcloud,https://github.com/cdklabs/cdk-codebuild-sonarcloud.git,https://github.com/cdklabs/cdk-codebuild-sonarcloud.git
407544,io.github.cdklabs:cdk-cicd-wrapper,https://github.com/cdklabs/cdk-cicd-wrapper.git,https://github.com/cdklabs/cdk-cicd-wrapper.git,189269,@cdklabs/cdk-cicd-wrapper-projen,https://github.com/cdklabs/cdk-cicd-wrapper#readme,git+https://github.com/cdklabs/cdk-cicd-wrapper.git,83045,cdklabs.cdk-cicd-wrapper,https://github.com/cdklabs/cdk-cicd-wrapper.git,https://github.com/cdklabs/cdk-cicd-wrapper.git
407545,io.github.cdklabs:cdk-aws-sagemaker-role-manager,https://github.com/cdklabs/cdk-aws-sagemaker-role-manager,https://github.com/cdklabs/cdk-aws-sagemaker-role-manager,189266,@cdklabs/cdk-aws-sagemaker-role-manager,https://github.com/cdklabs/cdk-aws-sagemaker-role-manager#readme,git+https://github.com/cdklabs/cdk-aws-sagemaker-role-manager.git,83044,cdklabs.cdk-aws-sagemaker-role-manager,https://github.com/cdklabs/cdk-aws-sagemaker-role-manager,https://github.com/cdklabs/cdk-aws-sagemaker-role-manager
407546,io.github.cdklabs:cdk-aws-iot-thing-certificate-policy,https://github.com/cdklabs/cdk-aws-iot-thing-certificate-policy,https://github.com/cdklabs/cdk-aws-iot-thing-certificate-policy,189265,@cdklabs/cdk-aws-iot-thing-certificate-policy,https://github.com/cdklabs/cdk-aws-iot-thing-certificate-policy#readme,git+https://github.com/cdklabs/cdk-aws-iot-thing-certificate-policy.git,83043,cdklabs.cdk-aws-iot-thing-certificate-policy,https://github.com/cdklabs/cdk-aws-iot-thing-certificate-policy,https://github.com/cdklabs/cdk-aws-iot-thing-certificate-policy
407547,io.github.cdklabs:cdk-atmosphere-service,https://github.com/cdklabs/cdk-atmosphere-service.git,https://github.com/cdklabs/cdk-atmosphere-service.git,189264,@cdklabs/cdk-atmosphere-service,https://github.com/cdklabs/cdk-atmosphere-service#readme,git+https://github.com/cdklabs/cdk-atmosphere-service.git,83042,cdklabs.cdk-atmosphere-service,https://github.com/cdklabs/cdk-atmosphere-service.git,https://github.com/cdklabs/cdk-atmosphere-service.git
407552,io.github.cdklabs:cdk-amazonmq-activemq-config-v5-15-16,https://github.com/cdklabs/cdk-amazonmq-activemq-configs,https://github.com/cdklabs/cdk-amazonmq-activemq-configs,189260,@cdklabs/cdk-amazonmq-activemq-config-v5-18-4,https://github.com/cdklabs/cdk-amazonmq-activemq-configs#readme,git+https://github.com/cdklabs/cdk-amazonmq-activemq-configs.git,83040,cdklabs.cdk-amazonmq-activemq-config-v5-18-4,https://github.com/cdklabs/cdk-amazonmq-activemq-configs,https://github.com/cdklabs/cdk-amazonmq-activemq-configs
407553,io.github.cdklabs:cdk-amazonmq,https://github.com/cdklabs/cdk-amazonmq.git,https://github.com/cdklabs/cdk-amazonmq.git,189256,@cdklabs/cdk-amazonmq,https://github.com/cdklabs/cdk-amazonmq#readme,git+https://github.com/cdklabs/cdk-amazonmq.git,83036,cdklabs.cdk-amazonmq,https://github.com/cdklabs/cdk-amazonmq.git,https://github.com/cdklabs/cdk-amazonmq.git
407554,io.github.cdklabs:awscdk-appsync-utils,https://github.com/cdklabs/awscdk-appsync-utils.git,https://github.com/cdklabs/awscdk-appsync-utils.git,1410257,awscdk-appsync-utils,https://github.com/cdklabs/awscdk-appsync-utils#readme,git+https://github.com/cdklabs/awscdk-appsync-utils.git,83032,cdklabs.appsync-utils,https://github.com/cdklabs/awscdk-appsync-utils.git,https://github.com/cdklabs/awscdk-appsync-utils.git
407555,io.github.cdklabs:aws-lambda-rust,https://github.com/cdklabs/aws-lambda-rust.git,https://github.com/cdklabs/aws-lambda-rust.git,189255,@cdklabs/aws-lambda-rust,https://github.com/cdklabs/aws-lambda-rust#readme,git+https://github.com/cdklabs/aws-lambda-rust.git,83035,cdklabs.aws-lambda-rust,https://github.com/cdklabs/aws-lambda-rust.git,https://github.com/cdklabs/aws-lambda-rust.git
407556,io.github.cdklabs:appmod-catalog-blueprints,https://github.com/cdklabs/cdk-appmod-catalog-blueprints.git,https://github.com/cdklabs/cdk-appmod-catalog-blueprints.git,189262,@cdklabs/cdk-appmod-catalog-blueprints,https://github.com/cdklabs/cdk-appmod-catalog-blueprints#readme,git+https://github.com/cdklabs/cdk-appmod-catalog-blueprints.git,29653,appmod-catalog-blueprints,https://github.com/cdklabs/cdk-appmod-catalog-blueprints.git,https://github.com/cdklabs/cdk-appmod-catalog-blueprints.git
410719,io.github.aymanzahran:fastfargate,https://github.com/AymanZahran/projen-cdk-tutorial-part-1.git,https://github.com/AymanZahran/projen-cdk-tutorial-part-1.git,1930958,fastfargate,https://github.com/AymanZahran/projen-cdk-tutorial-part-1#readme,git+https://github.com/AymanZahran/projen-cdk-tutorial-part-1.git,206324,fastfargate,https://github.com/AymanZahran/projen-cdk-tutorial-part-1.git,https://github.com/AymanZahran/projen-cdk-tutorial-part-1.git
417822,io.gitee.wx-li:demo,http://github.com/xxx/xxx,git@github.com:xxx/xxx.git,3560737,voss,https://github.com/xxx/xxx,git+https://github.com/xxx/xxx.git,631851,szj-t-p,https://github.com/xxx/xxx,https://github.com/xxx/xxx
435287,io.attini.cdk:attini-cdk-lib,https://attini.io,https://github.com/attini-cloud-solutions/attini-cdk-constructs,113342,@attini/cdk,https://attini.io,git+https://github.com/attini-cloud-solutions/attini-cdk-constructs.git,39459,attini-cdk-lib,https://attini.io,https://github.com/attini-cloud-solutions/attini-cdk-constructs
448395,fish.charles.cdk-constructs:smtp-credentials-cdk-construct,https://github.com/charlesdotfish/smtp-credentials-cdk-construct,https://github.com/charlesdotfish/smtp-credentials-cdk-construct,196360,@charlesdotfish/smtp-credentials-cdk-construct,https://github.com/charlesdotfish/smtp-credentials-cdk-construct#readme,git+https://github.com/charlesdotfish/smtp-credentials-cdk-construct.git,601702,smtp-credentials-cdk-construct,https://github.com/charlesdotfish/smtp-credentials-cdk-construct,https://github.com/charlesdotfish/smtp-credentials-cdk-construct
460954,dev.spiralmoon:maplestory-openapi,https://github.com/SpiralMoon/maplestory.openapi,https://github.com/SpiralMoon/maplestory.openapi,2482887,maplestory-openapi,https://github.com/SpiralMoon/maplestory.openapi,git+https://github.com/SpiralMoon/maplestory.openapi.git,342410,maplestory-openapi,https://github.com/SpiralMoon/maplestory.openapi,https://github.com/SpiralMoon/maplestory.openapi
476686,de.sebastianhesse.cdk-constructs:ses-verify-identities,https://github.com/seeebiii/ses-verify-identities,https://github.com/seeebiii/ses-verify-identities,977043,@seeebiii/ses-verify-identities,https://github.com/seeebiii/ses-verify-identities,git+https://github.com/seeebiii/ses-verify-identities.git,585509,ses-verify-identities,https://github.com/seeebiii/ses-verify-identities,https://github.com/seeebiii/ses-verify-identities
476687,de.sebastianhesse.cdk-constructs:ses-email-forwarding,https://github.com/seeebiii/ses-email-forwarding,https://github.com/seeebiii/ses-email-forwarding,977042,@seeebiii/ses-email-forwarding,https://github.com/seeebiii/ses-email-forwarding,git+https://github.com/seeebiii/ses-email-forwarding.git,585426,ses-email-forwarding,https://github.com/seeebiii/ses-email-forwarding,https://github.com/seeebiii/ses-email-forwarding
492626,com.yandex.div:assertion,http://divkit.tech/,https://github.com/divkit/divkit.git,304162,@divkitframework/visual-editor,https://github.com/divkit/divkit#readme,git+https://github.com/divkit/divkit.git,495336,pydivkit,https://github.com/divkit/divkit/tree/main/json-builder/python,https://github.com/divkit/divkit/tree/main/json-builder/python
495301,com.wowsql:wowsql-sdk,https://wowsql.com,https://github.com/wowsql/wowsql,1217144,@wowsql/sdk,https://wowsql.com,git+https://github.com/wowsql/wowsql.git,706161,wowsql,https://github.com/wowsql/wowsql,https://github.com/wowsql/wowsql
501677,com.vectara:vectara-client,http://www.vectara.com,https://github.com/david-vectara/vectara-sdk,275560,@david-vectara/vectara-ts-node,https://github.com/david-vectara/vectara-sdk#readme,git+https://github.com/david-vectara/vectara-sdk.git,684105,vectara-client,https://github.com/david-vectara/vectara-sdk,https://github.com/david-vectara/vectara-sdk
512077,com.thonbecker.simplewebsitedeploy:cdk-simplewebsite-deploy,https://github.com/SnapPetal/cdk-simplewebsite-deploy,https://github.com/SnapPetal/cdk-simplewebsite-deploy,1537040,cdk-simplewebsite-deploy,https://github.com/SnapPetal/cdk-simplewebsite-deploy#readme,git+https://github.com/SnapPetal/cdk-simplewebsite-deploy.git,83131,cdk-simplewebsite-deploy,https://github.com/SnapPetal/cdk-simplewebsite-deploy,https://github.com/SnapPetal/cdk-simplewebsite-deploy
512882,com.thedesignium:cdk-log-notifier,https://github.com/TheDesignium/cdk-log-notifier.git,https://github.com/TheDesignium/cdk-log-notifier.git,1091474,@thedesignium/cdk-log-notifier,https://github.com/TheDesignium/cdk-log-notifier#readme,git+https://github.com/TheDesignium/cdk-log-notifier.git,83073,cdk-log-notifier,https://github.com/TheDesignium/cdk-log-notifier.git,https://github.com/TheDesignium/cdk-log-notifier.git
538246,com.sdercolin.utaformatix:utaformatix-data,https://github.com/sdercolin/utaformatix-data,https://github.com/sdercolin/utaformatix-data,3514355,utaformatix-data,https://github.com/sdercolin/utaformatix-data#readme,git+https://github.com/sdercolin/utaformatix-data.git,680524,utaformatix-data,https://github.com/sdercolin/utaformatix-data,https://github.com/sdercolin/utaformatix-data
546413,com.pwrdrvr.microapps:releaseappcdk,https://github.com/pwrdrvr/microapps-app-release,https://github.com/pwrdrvr/microapps-app-release,887345,@pwrdrvr/microapps-app-release-cdk,https://github.com/pwrdrvr/microapps-app-release#readme,git+https://github.com/pwrdrvr/microapps-app-release.git,485230,pwrdrvr.microapps.releaseappcdk,https://github.com/pwrdrvr/microapps-app-release,https://github.com/pwrdrvr/microapps-app-release
546414,com.pwrdrvr.microapps:nextjsdemoappcdk,https://github.com/pwrdrvr/microapps-app-nextjs-demo,https://github.com/pwrdrvr/microapps-app-nextjs-demo,887344,@pwrdrvr/microapps-app-nextjs-demo-cdk,https://github.com/pwrdrvr/microapps-app-nextjs-demo#readme,git+https://github.com/pwrdrvr/microapps-app-nextjs-demo.git,485229,pwrdrvr.microapps.nextjsdemoappcdk,https://github.com/pwrdrvr/microapps-app-nextjs-demo,https://github.com/pwrdrvr/microapps-app-nextjs-demo
546415,com.pwrdrvr.microapps:microapps-cdk,https://github.com/pwrdrvr/microapps-core,https://github.com/pwrdrvr/microapps-core,2917943,pwrdrvr,https://github.com/pwrdrvr/microapps-core#readme,git+https://github.com/pwrdrvr/microapps-core.git,485228,pwrdrvr.microapps.cdk,https://github.com/pwrdrvr/microapps-core,https://github.com/pwrdrvr/microapps-core
546827,com.pulumi:rke,https://github.com/pulumi/pulumi-rke,https://github.com/pulumi/pulumi-rke,884650,@pulumi/rke,https://pulumi.io,git+https://github.com/pulumi/pulumi-rke.git,483784,pulumi-rke,https://pypi.org/project/pulumi-rke/,https://github.com/pulumi/pulumi-rke
546849,com.pulumi:mailgun,https://github.com/pulumi/pulumi-mailgun,https://github.com/pulumi/pulumi-mailgun,884621,@pulumi/mailgun,https://pulumi.io,git+https://github.com/pulumi/pulumi-mailgun.git,483728,pulumi-mailgun,https://pypi.org/project/pulumi-mailgun/,https://github.com/pulumi/pulumi-mailgun
546873,com.pulumi:equinix-metal,https://github.com/pulumi/pulumi-equinix-metal,https://github.com/pulumi/pulumi-equinix-metal,884586,@pulumi/equinix-metal,https://pulumi.io,git+https://github.com/pulumi/pulumi-equinix-metal.git,483669,pulumi-equinix-metal,https://pulumi.io,https://github.com/pulumi/pulumi-equinix-metal
546886,com.pulumi:confluent,https://github.com/pulumi/pulumi-confluent,https://github.com/pulumi/pulumi-confluent,884571,@pulumi/confluent,https://pulumi.io,git+https://github.com/pulumi/pulumi-confluent.git,483644,pulumi-confluent,https://pulumi.io,https://github.com/pulumi/pulumi-confluent
550083,com.phenixrts.edgeauth:edge-auth,https://github.com/PhenixRTS/EdgeAuth,https://github.com/PhenixRTS/EdgeAuth,2836908,phenix-edge-auth,https://github.com/PhenixRTS/EdgeAuth#readme,git+https://github.com/PhenixRTS/EdgeAuth.git,458168,phenix-edge-auth,https://github.com/PhenixRTS/EdgeAuth/python,https://github.com/PhenixRTS/EdgeAuth/python
550510,com.pepperize:projen-awscdk-construct,https://github.com/pepperize/projen-awscdk-construct.git,https://github.com/pepperize/projen-awscdk-construct.git,844955,@pepperize/projen-awscdk-construct,https://github.com/pepperize/projen-awscdk-construct#readme,git+https://github.com/pepperize/projen-awscdk-construct.git,455347,pepperize.projen-awscdk-construct,https://github.com/pepperize/projen-awscdk-construct.git,https://github.com/pepperize/projen-awscdk-construct.git
550511,com.pepperize:cdk-vpc,https://github.com/pepperize/cdk-vpc.git,https://github.com/pepperize/cdk-vpc.git,844953,@pepperize/cdk-vpc,https://github.com/pepperize/cdk-vpc#readme,git+https://github.com/pepperize/cdk-vpc.git,455345,pepperize.cdk-vpc,https://github.com/pepperize/cdk-vpc.git,https://github.com/pepperize/cdk-vpc.git
550512,com.pepperize:cdk-terraform-state-backend,https://github.com/pepperize/cdk-terraform-state-backend.git,https://github.com/pepperize/cdk-terraform-state-backend.git,844952,@pepperize/cdk-terraform-state-backend,https://github.com/pepperize/cdk-terraform-state-backend#readme,git+https://github.com/pepperize/cdk-terraform-state-backend.git,455344,pepperize.cdk-terraform-state-backend,https://github.com/pepperize/cdk-terraform-state-backend.git,https://github.com/pepperize/cdk-terraform-state-backend.git
550513,com.pepperize:cdk-ssm-parameters-cross-region,https://github.com/pepperize/cdk-ssm-parameters-cross-region.git,https://github.com/pepperize/cdk-ssm-parameters-cross-region.git,844951,@pepperize/cdk-ssm-parameters-cross-region,https://github.com/pepperize/cdk-ssm-parameters-cross-region#readme,git+https://github.com/pepperize/cdk-ssm-parameters-cross-region.git,455343,pepperize.cdk-ssm-parameters-cross-region,https://github.com/pepperize/cdk-ssm-parameters-cross-region.git,https://github.com/pepperize/cdk-ssm-parameters-cross-region.git
550514,com.pepperize:cdk-ses-smtp-credentials,https://github.com/pepperize/cdk-ses-smtp-credentials.git,https://github.com/pepperize/cdk-ses-smtp-credentials.git,844950,@pepperize/cdk-ses-smtp-credentials,https://github.com/pepperize/cdk-ses-smtp-credentials#readme,git+https://github.com/pepperize/cdk-ses-smtp-credentials.git,455342,pepperize.cdk-ses-smtp-credentials,https://github.com/pepperize/cdk-ses-smtp-credentials.git,https://github.com/pepperize/cdk-ses-smtp-credentials.git
550515,com.pepperize:cdk-security-group,https://github.com/pepperize/cdk-security-group.git,https://github.com/pepperize/cdk-security-group.git,844948,@pepperize/cdk-security-group,https://github.com/pepperize/cdk-security-group#readme,git+https://github.com/pepperize/cdk-security-group.git,455340,pepperize.cdk-security-group,https://github.com/pepperize/cdk-security-group.git,https://github.com/pepperize/cdk-security-group.git
550516,com.pepperize:cdk-route53-health-check,https://github.com/pepperize/cdk-route53-health-check.git,https://github.com/pepperize/cdk-route53-health-check.git,844947,@pepperize/cdk-route53-health-check,https://github.com/pepperize/cdk-route53-health-check#readme,git+https://github.com/pepperize/cdk-route53-health-check.git,455339,pepperize.cdk-route53-health-check,https://github.com/pepperize/cdk-route53-health-check.git,https://github.com/pepperize/cdk-route53-health-check.git
550517,com.pepperize:cdk-private-bucket,https://github.com/pepperize/cdk-private-bucket.git,https://github.com/pepperize/cdk-private-bucket.git,844946,@pepperize/cdk-private-bucket,https://github.com/pepperize/cdk-private-bucket#readme,git+https://github.com/pepperize/cdk-private-bucket.git,455338,pepperize.cdk-private-bucket,https://github.com/pepperize/cdk-private-bucket.git,https://github.com/pepperize/cdk-private-bucket.git
550519,com.pepperize:cdk-lambda-deno,https://github.com/pepperize/cdk-lambda-deno.git,https://github.com/pepperize/cdk-lambda-deno.git,844944,@pepperize/cdk-lambda-deno,https://github.com/pepperize/cdk-lambda-deno#readme,git+https://github.com/pepperize/cdk-lambda-deno.git,455336,pepperize.cdk-lambda-deno,https://github.com/pepperize/cdk-lambda-deno.git,https://github.com/pepperize/cdk-lambda-deno.git
550520,com.pepperize:cdk-github,https://github.com/pepperize/cdk-github.git,https://github.com/pepperize/cdk-github.git,844943,@pepperize/cdk-github,https://github.com/pepperize/cdk-github#readme,git+https://github.com/pepperize/cdk-github.git,455335,pepperize.cdk-github,https://github.com/pepperize/cdk-github.git,https://github.com/pepperize/cdk-github.git
550521,com.pepperize:cdk-dynamodb-backup,https://github.com/patrick.florek/cdk-dynamodb-backup.git,https://github.com/patrick.florek/cdk-dynamodb-backup.git,844941,@pepperize/cdk-dynamodb-backup,https://github.com/patrick.florek/cdk-dynamodb-backup#readme,git+https://github.com/patrick.florek/cdk-dynamodb-backup.git,455334,pepperize.cdk-dynamodb-backup,https://github.com/patrick.florek/cdk-dynamodb-backup.git,https://github.com/patrick.florek/cdk-dynamodb-backup.git
550522,com.pepperize:cdk-autoscaling-gitlab-runner,https://github.com/pepperize/cdk-autoscaling-gitlab-runner.git,https://github.com/pepperize/cdk-autoscaling-gitlab-runner.git,844940,@pepperize/cdk-autoscaling-gitlab-runner,https://github.com/pepperize/cdk-autoscaling-gitlab-runner#readme,git+https://github.com/pepperize/cdk-autoscaling-gitlab-runner.git,455333,pepperize.cdk-autoscaling-gitlab-runner,https://github.com/pepperize/cdk-autoscaling-gitlab-runner.git,https://github.com/pepperize/cdk-autoscaling-gitlab-runner.git
550523,com.pepperize:cdk-apigateway-swagger-ui,https://github.com/pepperize/cdk-apigateway-swagger-ui.git,https://github.com/pepperize/cdk-apigateway-swagger-ui.git,844939,@pepperize/cdk-apigateway-swagger-ui,https://github.com/pepperize/cdk-apigateway-swagger-ui#readme,git+https://github.com/pepperize/cdk-apigateway-swagger-ui.git,455332,pepperize.cdk-apigateway-swagger-ui,https://github.com/pepperize/cdk-apigateway-swagger-ui.git,https://github.com/pepperize/cdk-apigateway-swagger-ui.git
555031,com.open-meteo:sdk,https://open-meteo.com,https://github.com/open-meteo/sdk,817918,@openmeteo/sdk,https://github.com/open-meteo/sdk#readme,git+https://github.com/open-meteo/sdk.git,436111,openmeteo-sdk,https://pypi.org/project/openmeteo-sdk/,https://github.com/open-meteo/sdk
558686,com.oceanprotocol:keeper-contracts,https://github.com/oceanprotocol/keeper-contracts,https://github.com/oceanprotocol/keeper-contracts/tree/master,801468,@oceanprotocol/keeper-contracts,https://github.com/oceanprotocol/keeper-contracts#readme,git+https://github.com/oceanprotocol/keeper-contracts.git,305010,keeper-contracts,https://github.com/oceanprotocol/keeper-contracts,https://github.com/oceanprotocol/keeper-contracts
584635,com.lazinessdevs:lazy-constructs,https://github.com/lazinessdevs/lazy-constructs.git,https://github.com/lazinessdevs/lazy-constructs.git,2386251,lazy-constructs,https://github.com/lazinessdevs/lazy-constructs#readme,git+https://github.com/lazinessdevs/lazy-constructs.git,317877,lazy-constructs,https://github.com/lazinessdevs/lazy-constructs.git,https://github.com/lazinessdevs/lazy-constructs.git
587728,com.keap.core:keap-sdk-core-v2,https://github.com/infusionsoft/keap-sdk,https://github.com/infusionsoft/keap-sdk,2334157,keap-core-service-v2-sdk-ts,https://github.com/infusionsoft/keap-sdk#readme,git+https://github.com/infusionsoft/keap-sdk.git,304767,keap-core-v2-sdk,https://github.com/infusionsoft/keap-sdk.git,https://github.com/infusionsoft/keap-sdk.git
598607,com.inscreen:sdkserver,https://inscreen.com/,https://github.com/inscreen/sdk-server/,546751,@inscreen/sdk-server,https://github.com/inscreen/sdk-server#readme,git+https://github.com/inscreen/sdk-server.git,282998,inscreen-sdk-server,https://github.com/inscreen/sdk-server/,https://github.com/inscreen/sdk-server/tree/main/python
607650,com.hashicorp:cdktf-provider-yandex,https://github.com/hashicorp/cdktf-provider-yandex.git,https://github.com/hashicorp/cdktf-provider-yandex.git,190093,@cdktf/provider-yandex,https://github.com/hashicorp/cdktf-provider-yandex#readme,git+https://github.com/hashicorp/cdktf-provider-yandex.git,83214,cdktf-cdktf-provider-yandex,https://github.com/hashicorp/cdktf-provider-yandex.git,https://github.com/hashicorp/cdktf-provider-yandex.git
607651,com.hashicorp:cdktf-provider-waypoint,https://github.com/cdktf/cdktf-provider-waypoint.git,https://github.com/cdktf/cdktf-provider-waypoint.git,190092,@cdktf/provider-waypoint,https://github.com/cdktf/cdktf-provider-waypoint#readme,git+https://github.com/cdktf/cdktf-provider-waypoint.git,83213,cdktf-cdktf-provider-waypoint,https://github.com/cdktf/cdktf-provider-waypoint.git,https://github.com/cdktf/cdktf-provider-waypoint.git
607654,com.hashicorp:cdktf-provider-upcloud,https://github.com/cdktf/cdktf-provider-upcloud.git,https://github.com/cdktf/cdktf-provider-upcloud.git,190089,@cdktf/provider-upcloud,https://github.com/cdktf/cdktf-provider-upcloud#readme,git+https://github.com/cdktf/cdktf-provider-upcloud.git,83210,cdktf-cdktf-provider-upcloud,https://github.com/cdktf/cdktf-provider-upcloud.git,https://github.com/cdktf/cdktf-provider-upcloud.git
607656,com.hashicorp:cdktf-provider-time,https://github.com/cdktf/cdktf-provider-time.git,https://github.com/cdktf/cdktf-provider-time.git,190087,@cdktf/provider-time,https://github.com/cdktf/cdktf-provider-time#readme,git+https://github.com/cdktf/cdktf-provider-time.git,83208,cdktf-cdktf-provider-time,https://github.com/cdktf/cdktf-provider-time.git,https://github.com/cdktf/cdktf-provider-time.git
607658,com.hashicorp:cdktf-provider-template,https://github.com/cdktf/cdktf-provider-template.git,https://github.com/cdktf/cdktf-provider-template.git,190085,@cdktf/provider-template,https://github.com/cdktf/cdktf-provider-template#readme,git+https://github.com/cdktf/cdktf-provider-template.git,83206,cdktf-cdktf-provider-template,https://github.com/cdktf/cdktf-provider-template.git,https://github.com/cdktf/cdktf-provider-template.git
607659,com.hashicorp:cdktf-provider-spotinst,https://github.com/cdktf/cdktf-provider-spotinst.git,https://github.com/cdktf/cdktf-provider-spotinst.git,190084,@cdktf/provider-spotinst,https://github.com/cdktf/cdktf-provider-spotinst#readme,git+https://github.com/cdktf/cdktf-provider-spotinst.git,83205,cdktf-cdktf-provider-spotinst,https://github.com/cdktf/cdktf-provider-spotinst.git,https://github.com/cdktf/cdktf-provider-spotinst.git
607660,com.hashicorp:cdktf-provider-snowflake,https://github.com/cdktf/cdktf-provider-snowflake.git,https://github.com/cdktf/cdktf-provider-snowflake.git,190083,@cdktf/provider-snowflake,https://github.com/cdktf/cdktf-provider-snowflake#readme,git+https://github.com/cdktf/cdktf-provider-snowflake.git,83204,cdktf-cdktf-provider-snowflake,https://github.com/cdktf/cdktf-provider-snowflake.git,https://github.com/cdktf/cdktf-provider-snowflake.git
607661,com.hashicorp:cdktf-provider-salesforce,https://github.com/cdktf/cdktf-provider-salesforce.git,https://github.com/cdktf/cdktf-provider-salesforce.git,190081,@cdktf/provider-salesforce,https://github.com/cdktf/cdktf-provider-salesforce#readme,git+https://github.com/cdktf/cdktf-provider-salesforce.git,83203,cdktf-cdktf-provider-salesforce,https://github.com/cdktf/cdktf-provider-salesforce.git,https://github.com/cdktf/cdktf-provider-salesforce.git
607664,com.hashicorp:cdktf-provider-pagerduty,https://github.com/cdktf/cdktf-provider-pagerduty.git,https://github.com/cdktf/cdktf-provider-pagerduty.git,190077,@cdktf/provider-pagerduty,https://github.com/cdktf/cdktf-provider-pagerduty#readme,git+https://github.com/cdktf/cdktf-provider-pagerduty.git,83200,cdktf-cdktf-provider-pagerduty,https://github.com/cdktf/cdktf-provider-pagerduty.git,https://github.com/cdktf/cdktf-provider-pagerduty.git
607665,com.hashicorp:cdktf-provider-oraclepaas,https://github.com/cdktf/cdktf-provider-oraclepaas.git,https://github.com/cdktf/cdktf-provider-oraclepaas.git,190076,@cdktf/provider-oraclepaas,https://github.com/cdktf/cdktf-provider-oraclepaas#readme,git+https://github.com/cdktf/cdktf-provider-oraclepaas.git,83199,cdktf-cdktf-provider-oraclepaas,https://github.com/cdktf/cdktf-provider-oraclepaas.git,https://github.com/cdktf/cdktf-provider-oraclepaas.git
607666,com.hashicorp:cdktf-provider-opentelekomcloud,https://github.com/cdktf/cdktf-provider-opentelekomcloud.git,https://github.com/cdktf/cdktf-provider-opentelekomcloud.git,190075,@cdktf/provider-opentelekomcloud,https://github.com/cdktf/cdktf-provider-opentelekomcloud#readme,git+https://github.com/cdktf/cdktf-provider-opentelekomcloud.git,83198,cdktf-cdktf-provider-opentelekomcloud,https://github.com/cdktf/cdktf-provider-opentelekomcloud.git,https://github.com/cdktf/cdktf-provider-opentelekomcloud.git
607667,com.hashicorp:cdktf-provider-opc,https://github.com/cdktf/cdktf-provider-opc.git,https://github.com/cdktf/cdktf-provider-opc.git,190074,@cdktf/provider-opc,https://github.com/cdktf/cdktf-provider-opc#readme,git+https://github.com/cdktf/cdktf-provider-opc.git,83196,cdktf-cdktf-provider-opc,https://github.com/cdktf/cdktf-provider-opc.git,https://github.com/cdktf/cdktf-provider-opc.git
607668,com.hashicorp:cdktf-provider-okta,https://github.com/cdktf/cdktf-provider-okta.git,https://github.com/cdktf/cdktf-provider-okta.git,190073,@cdktf/provider-okta,https://github.com/cdktf/cdktf-provider-okta#readme,git+https://github.com/cdktf/cdktf-provider-okta.git,83195,cdktf-cdktf-provider-okta,https://github.com/cdktf/cdktf-provider-okta.git,https://github.com/cdktf/cdktf-provider-okta.git
607670,com.hashicorp:cdktf-provider-nomad,https://github.com/cdktf/cdktf-provider-nomad.git,https://github.com/cdktf/cdktf-provider-nomad.git,190071,@cdktf/provider-nomad,https://github.com/cdktf/cdktf-provider-nomad#readme,git+https://github.com/cdktf/cdktf-provider-nomad.git,83193,cdktf-cdktf-provider-nomad,https://github.com/cdktf/cdktf-provider-nomad.git,https://github.com/cdktf/cdktf-provider-nomad.git
607674,com.hashicorp:cdktf-provider-launchdarkly,https://github.com/cdktf/cdktf-provider-launchdarkly.git,https://github.com/cdktf/cdktf-provider-launchdarkly.git,190067,@cdktf/provider-launchdarkly,https://github.com/cdktf/cdktf-provider-launchdarkly#readme,git+https://github.com/cdktf/cdktf-provider-launchdarkly.git,83189,cdktf-cdktf-provider-launchdarkly,https://github.com/cdktf/cdktf-provider-launchdarkly.git,https://github.com/cdktf/cdktf-provider-launchdarkly.git
607675,com.hashicorp:cdktf-provider-kubernetes,https://github.com/cdktf/cdktf-provider-kubernetes.git,https://github.com/cdktf/cdktf-provider-kubernetes.git,190066,@cdktf/provider-kubernetes,https://github.com/cdktf/cdktf-provider-kubernetes#readme,git+https://github.com/cdktf/cdktf-provider-kubernetes.git,83188,cdktf-cdktf-provider-kubernetes,https://github.com/cdktf/cdktf-provider-kubernetes.git,https://github.com/cdktf/cdktf-provider-kubernetes.git
607677,com.hashicorp:cdktf-provider-http,https://github.com/cdktf/cdktf-provider-http.git,https://github.com/cdktf/cdktf-provider-http.git,190064,@cdktf/provider-http,https://github.com/cdktf/cdktf-provider-http#readme,git+https://github.com/cdktf/cdktf-provider-http.git,83186,cdktf-cdktf-provider-http,https://github.com/cdktf/cdktf-provider-http.git,https://github.com/cdktf/cdktf-provider-http.git
607679,com.hashicorp:cdktf-provider-hcs,https://github.com/cdktf/cdktf-provider-hcs.git,https://github.com/cdktf/cdktf-provider-hcs.git,190062,@cdktf/provider-hcs,https://github.com/cdktf/cdktf-provider-hcs#readme,git+https://github.com/cdktf/cdktf-provider-hcs.git,83184,cdktf-cdktf-provider-hcs,https://github.com/cdktf/cdktf-provider-hcs.git,https://github.com/cdktf/cdktf-provider-hcs.git
607680,com.hashicorp:cdktf-provider-hcp,https://github.com/cdktf/cdktf-provider-hcp.git,https://github.com/cdktf/cdktf-provider-hcp.git,190061,@cdktf/provider-hcp,https://github.com/cdktf/cdktf-provider-hcp#readme,git+https://github.com/cdktf/cdktf-provider-hcp.git,83183,cdktf-cdktf-provider-hcp,https://github.com/cdktf/cdktf-provider-hcp.git,https://github.com/cdktf/cdktf-provider-hcp.git
607683,com.hashicorp:cdktf-provider-google-beta,https://github.com/cdktf/cdktf-provider-googlebeta.git,https://github.com/cdktf/cdktf-provider-googlebeta.git,190058,@cdktf/provider-google-beta,https://github.com/cdktf/cdktf-provider-googlebeta#readme,git+https://github.com/cdktf/cdktf-provider-googlebeta.git,83180,cdktf-cdktf-provider-google-beta,https://github.com/cdktf/cdktf-provider-googlebeta.git,https://github.com/cdktf/cdktf-provider-googlebeta.git
607685,com.hashicorp:cdktf-provider-gitlab,https://github.com/cdktf/cdktf-provider-gitlab.git,https://github.com/cdktf/cdktf-provider-gitlab.git,190056,@cdktf/provider-gitlab,https://github.com/cdktf/cdktf-provider-gitlab#readme,git+https://github.com/cdktf/cdktf-provider-gitlab.git,83178,cdktf-cdktf-provider-gitlab,https://github.com/cdktf/cdktf-provider-gitlab.git,https://github.com/cdktf/cdktf-provider-gitlab.git
607687,com.hashicorp:cdktf-provider-external,https://github.com/cdktf/cdktf-provider-external.git,https://github.com/cdktf/cdktf-provider-external.git,190053,@cdktf/provider-external,https://github.com/cdktf/cdktf-provider-external#readme,git+https://github.com/cdktf/cdktf-provider-external.git,83176,cdktf-cdktf-provider-external,https://github.com/cdktf/cdktf-provider-external.git,https://github.com/cdktf/cdktf-provider-external.git
607690,com.hashicorp:cdktf-provider-dns,https://github.com/cdktf/cdktf-provider-dns.git,https://github.com/cdktf/cdktf-provider-dns.git,190050,@cdktf/provider-dns,https://github.com/cdktf/cdktf-provider-dns#readme,git+https://github.com/cdktf/cdktf-provider-dns.git,83173,cdktf-cdktf-provider-dns,https://github.com/cdktf/cdktf-provider-dns.git,https://github.com/cdktf/cdktf-provider-dns.git
607694,com.hashicorp:cdktf-provider-consul,https://github.com/cdktf/cdktf-provider-consul.git,https://github.com/cdktf/cdktf-provider-consul.git,190046,@cdktf/provider-consul,https://github.com/cdktf/cdktf-provider-consul#readme,git+https://github.com/cdktf/cdktf-provider-consul.git,83169,cdktf-cdktf-provider-consul,https://github.com/cdktf/cdktf-provider-consul.git,https://github.com/cdktf/cdktf-provider-consul.git
607695,com.hashicorp:cdktf-provider-cloudinit,https://github.com/cdktf/cdktf-provider-cloudinit.git,https://github.com/cdktf/cdktf-provider-cloudinit.git,190045,@cdktf/provider-cloudinit,https://github.com/cdktf/cdktf-provider-cloudinit#readme,git+https://github.com/cdktf/cdktf-provider-cloudinit.git,83168,cdktf-cdktf-provider-cloudinit,https://github.com/cdktf/cdktf-provider-cloudinit.git,https://github.com/cdktf/cdktf-provider-cloudinit.git
607697,com.hashicorp:cdktf-provider-boundary,https://github.com/cdktf/cdktf-provider-boundary.git,https://github.com/cdktf/cdktf-provider-boundary.git,190043,@cdktf/provider-boundary,https://github.com/cdktf/cdktf-provider-boundary#readme,git+https://github.com/cdktf/cdktf-provider-boundary.git,83166,cdktf-cdktf-provider-boundary,https://github.com/cdktf/cdktf-provider-boundary.git,https://github.com/cdktf/cdktf-provider-boundary.git
607698,com.hashicorp:cdktf-provider-azurestack,https://github.com/cdktf/cdktf-provider-azurestack.git,https://github.com/cdktf/cdktf-provider-azurestack.git,190042,@cdktf/provider-azurestack,https://github.com/cdktf/cdktf-provider-azurestack#readme,git+https://github.com/cdktf/cdktf-provider-azurestack.git,83165,cdktf-cdktf-provider-azurestack,https://github.com/cdktf/cdktf-provider-azurestack.git,https://github.com/cdktf/cdktf-provider-azurestack.git
607700,com.hashicorp:cdktf-provider-azuread,https://github.com/cdktf/cdktf-provider-azuread.git,https://github.com/cdktf/cdktf-provider-azuread.git,190040,@cdktf/provider-azuread,https://github.com/cdktf/cdktf-provider-azuread#readme,git+https://github.com/cdktf/cdktf-provider-azuread.git,83163,cdktf-cdktf-provider-azuread,https://github.com/cdktf/cdktf-provider-azuread.git,https://github.com/cdktf/cdktf-provider-azuread.git
607702,com.hashicorp:cdktf-provider-archive,https://github.com/cdktf/cdktf-provider-archive.git,https://github.com/cdktf/cdktf-provider-archive.git,190038,@cdktf/provider-archive,https://github.com/cdktf/cdktf-provider-archive#readme,git+https://github.com/cdktf/cdktf-provider-archive.git,83161,cdktf-cdktf-provider-archive,https://github.com/cdktf/cdktf-provider-archive.git,https://github.com/cdktf/cdktf-provider-archive.git
607703,com.hashicorp:cdktf-provider-ad,https://github.com/cdktf/cdktf-provider-ad.git,https://github.com/cdktf/cdktf-provider-ad.git,190037,@cdktf/provider-ad,https://github.com/cdktf/cdktf-provider-ad#readme,git+https://github.com/cdktf/cdktf-provider-ad.git,83160,cdktf-cdktf-provider-ad,https://github.com/cdktf/cdktf-provider-ad.git,https://github.com/cdktf/cdktf-provider-ad.git
607704,com.hashicorp:cdktf-provider-acme,https://github.com/cdktf/cdktf-provider-acme.git,https://github.com/cdktf/cdktf-provider-acme.git,190036,@cdktf/provider-acme,https://github.com/cdktf/cdktf-provider-acme#readme,git+https://github.com/cdktf/cdktf-provider-acme.git,83159,cdktf-cdktf-provider-acme,https://github.com/cdktf/cdktf-provider-acme.git,https://github.com/cdktf/cdktf-provider-acme.git
612041,com.google.semanticlocators:semantic-locators,http://github.com/google/semantic-locators,,3168696,semantic-locators,https://github.com/google/semantic-locators#readme,git+https://github.com/google/semantic-locators.git,582474,semantic-locators,https://github.com/google/semantic-locators,https://github.com/google/semantic-locators
630554,com.github.rayou:cdk-url-shortener,https://github.com/rayou/cdk-url-shortener.git,https://github.com/rayou/cdk-url-shortener.git,905555,@rayou/cdk-url-shortener,https://github.com/rayou/cdk-url-shortener#readme,git+https://github.com/rayou/cdk-url-shortener.git,546636,rayou.cdk-url-shortener,https://github.com/rayou/cdk-url-shortener.git,https://github.com/rayou/cdk-url-shortener.git
632917,com.github.p6m7g8:p6-barrier,https://github.com/p6m7g8/p6-barrier.git,https://github.com/p6m7g8/p6-barrier.git,2798974,p6-barrier,https://github.com/p6m7g8/p6-barrier#readme,git+https://github.com/p6m7g8/p6-barrier.git,444244,p6-barrier,https://github.com/p6m7g8/p6-barrier.git,https://github.com/p6m7g8/p6-barrier.git
635296,com.github.mmuller88:cdk-alps-spec-rest-api,https://github.com/mmuller88/cdk-alps-spec-rest-api.git,https://github.com/mmuller88/cdk-alps-spec-rest-api.git,1536647,cdk-alps-spec-rest-api,https://github.com/mmuller88/cdk-alps-spec-rest-api#readme,git+https://github.com/mmuller88/cdk-alps-spec-rest-api.git,82707,cdk-alps-spec-rest-api,https://github.com/mmuller88/cdk-alps-spec-rest-api.git,https://github.com/mmuller88/cdk-alps-spec-rest-api.git
635297,com.github.mmuller88:cdk-alps-graph-ql,https://github.com/mmuller88/cdk-alps-graph-ql.git,https://github.com/mmuller88/cdk-alps-graph-ql.git,1536646,cdk-alps-graph-ql,https://github.com/mmuller88/cdk-alps-graph-ql#readme,git+https://github.com/mmuller88/cdk-alps-graph-ql.git,82706,cdk-alps-graph-ql,https://github.com/mmuller88/cdk-alps-graph-ql.git,https://github.com/mmuller88/cdk-alps-graph-ql.git
635298,com.github.mmuller88:alps-unified-ts,https://github.com/mmuller88/alps-unified-ts.git,https://github.com/mmuller88/alps-unified-ts.git,1325232,alps-unified-ts,https://github.com/mmuller88/alps-unified-ts#readme,git+https://github.com/mmuller88/alps-unified-ts.git,20822,alps-unified-ts,https://github.com/mmuller88/alps-unified-ts.git,https://github.com/mmuller88/alps-unified-ts.git
651373,com.github.eladb:jsii-library-template,https://github.com/eladb/jsii-library-template.git,https://github.com/eladb/jsii-library-template.git,2303755,jsii-library-template,https://github.com/eladb/jsii-library-template#readme,git+https://github.com/eladb/jsii-library-template.git,297402,jsii-library-template,https://github.com/eladb/jsii-library-template.git,https://github.com/eladb/jsii-library-template.git
651380,com.github.eladb:awscdk-81-patch,https://github.com/eladb/awscdk-81-patch.git,https://github.com/eladb/awscdk-81-patch.git,1410254,awscdk-81-patch,https://github.com/eladb/awscdk-81-patch#readme,git+https://github.com/eladb/awscdk-81-patch.git,44775,awscdk-81-patch,https://github.com/eladb/awscdk-81-patch.git,https://github.com/eladb/awscdk-81-patch.git
671000,com.finnternet:cdk-auth,https://github.com/chris/cdk-auth.git,https://github.com/chris/cdk-auth.git,1536682,cdk-auth,https://github.com/chris/cdk-auth#readme,git+https://github.com/chris/cdk-auth.git,82719,cdk-auth,https://github.com/chris/cdk-auth.git,https://github.com/chris/cdk-auth.git
672535,com.factset.sdk:aitextsummarization,https://github.com/factset/enterprise-sdk,https://github.com/factset/enterprise-sdk/,372078,@factset/sdk-watchlistapifordigitalportals,https://developer.factset.com/,git+https://github.com/factset/enterprise-sdk.git,208676,fds.sdk.WatchlistAPIforDigitalPortals,https://github.com/FactSet/enterprise-sdk/tree/main/code/python/WatchlistAPIforDigitalPortals/v2,https://github.com/FactSet/enterprise-sdk/tree/main/code/python/WatchlistAPIforDigitalPortals/v2
674490,com.evernym.verity:verity-sdk,https://github.com/evernym/verity-sdk,https://github.com/evernym/verity-sdk,3536592,verity-sdk,https://github.com/evernym/verity-sdk#readme,git+ssh://git@github.com/evernym/verity-sdk.git,685299,verity-sdk,https://github.com/evernym/verity-sdk,https://github.com/evernym/verity-sdk
675611,com.epam:indigo,http://lifescience.opensource.epam.com/indigo/api,git@github.com:epam/Indigo.git,2221201,indigo-ketcher,https://lifescience.opensource.epam.com/indigo/api/index.html,https://github.com/epam/Indigo.git,191891,epam-indigo,https://lifescience.opensource.epam.com/indigo/index.html,https://github.com/epam/indigo/
680611,com.doordeck.headless.sdk:doordeck-sdk,https://github.com/doordeck/doordeck-headless-sdk,https://github.com/doordeck/doordeck-headless-sdk,310961,@doordeck/headless-react-native-sdk,https://github.com/doordeck/doordeck-headless-sdk#readme,git+https://github.com/doordeck/doordeck-headless-sdk.git,171478,doordeck-headless-sdk,https://pypi.org/project/doordeck-headless-sdk/,https://github.com/doordeck/doordeck-headless-sdk.git
687817,com.cre8ivelogix:xler8r-lite,https://github.com/cre8ivelogix-inc,https://github.com/cre8ivelogix-inc/xler8r-lite.git,251706,@cre8ivelogix/xler8r-lite,https://github.com/cre8ivelogix-inc,git+https://github.com/cre8ivelogix-inc/xler8r-lite.git,710819,xler8r-lite,https://github.com/cre8ivelogix-inc,https://github.com/cre8ivelogix-inc/xler8r-lite.git
687818,com.cre8ivelogix:wa-cdk-lite,https://github.com/cre8ivelogix-inc,https://github.com/cre8ivelogix-inc/wa-cdk-lite.git,251705,@cre8ivelogix/wa-cdk-lite,https://github.com/cre8ivelogix-inc,git+https://github.com/cre8ivelogix-inc/wa-cdk-lite.git,692887,wa-cdk-lite,https://github.com/cre8ivelogix-inc,https://github.com/cre8ivelogix-inc/wa-cdk-lite.git
693294,com.cloudsnorkel:cdk.turbo-layers,https://github.com/CloudSnorkel/cdk-turbo-layers.git,https://github.com/CloudSnorkel/cdk-turbo-layers.git,222880,@cloudsnorkel/cdk-turbo-layers,https://github.com/CloudSnorkel/cdk-turbo-layers#readme,git+https://github.com/CloudSnorkel/cdk-turbo-layers.git,98069,cloudsnorkel.cdk-turbo-layers,https://github.com/CloudSnorkel/cdk-turbo-layers.git,https://github.com/CloudSnorkel/cdk-turbo-layers.git
693295,com.cloudsnorkel:cdk.rds.sanitized-snapshots,https://github.com/CloudSnorkel/cdk-rds-sanitized-snapshots.git,https://github.com/CloudSnorkel/cdk-rds-sanitized-snapshots.git,222879,@cloudsnorkel/cdk-rds-sanitized-snapshots,https://github.com/CloudSnorkel/cdk-rds-sanitized-snapshots#readme,git+https://github.com/CloudSnorkel/cdk-rds-sanitized-snapshots.git,98068,cloudsnorkel.cdk-rds-sanitized-snapshots,https://github.com/CloudSnorkel/cdk-rds-sanitized-snapshots.git,https://github.com/CloudSnorkel/cdk-rds-sanitized-snapshots.git
709907,com.applitools:eyes-images-java5,https://www.applitools.com,https://github.com/applitools/eyes.sdk.javascript1,1916458,eyes.utils,https://applitools.com/,git://github.com/applitools/eyes.sdk.javascript1.git,201008,eyes-universal,http://www.applitools.com,https://github.com/applitools/eyes.sdk.javascript1/tree/master/packages/eyes-universal
713230,com.amplifyframework:exported-backend,https://github.com/aws-amplify/amplify-cli-export-construct.git,https://github.com/aws-amplify/amplify-cli-export-construct.git,120431,@aws-amplify/cdk-exported-backend,https://github.com/aws-amplify/amplify-cli-export-construct#readme,git+https://github.com/aws-amplify/amplify-cli-export-construct.git,44711,aws-amplify.cdk.exported-backend,https://github.com/aws-amplify/amplify-cli-export-construct.git,https://github.com/aws-amplify/amplify-cli-export-construct.git
714715,com.aliyun:ros-cdk-acm,https://github.com/aliyun/Resource-Orchestration-Service-Cloud-Development-Kit.git,https://github.com/aliyun/Resource-Orchestration-Service-Cloud-Development-Kit.git,54240,@alicloud/ros-cdk-waf3,https://github.com/aliyun/Resource-Orchestration-Service-Cloud-Development-Kit#readme,git+https://github.com/aliyun/Resource-Orchestration-Service-Cloud-Development-Kit.git,563253,ros-cdk-waf3,https://github.com/aliyun/Resource-Orchestration-Service-Cloud-Development-Kit.git,https://github.com/aliyun/Resource-Orchestration-Service-Cloud-Development-Kit.git
716485,com.aliyun:alibabacloud-gateway-oss-util,http://www.aliyun.com,https://github.com/aliyun/alibabacloud-gateway,53768,@alicloud/gateway-pop,https://github.com/aliyun/alibabacloud-gateway#readme,git+ssh://git@github.com/aliyun/alibabacloud-gateway.git,18983,alicloud-gateway-iot-py2,https://github.com/aliyun/alibabacloud-gateway,https://github.com/aliyun/alibabacloud-gateway
763308,com.alibaba.opensandbox:code-interpreter,https://github.com/alibaba/OpenSandbox,https://github.com/alibaba/OpenSandbox,52807,@alibaba-group/opensandbox-code-interpreter,https://github.com/alibaba/OpenSandbox,git+https://github.com/alibaba/OpenSandbox.git,436684,opensandbox-code-interpreter,https://pypi.org/project/opensandbox-code-interpreter/,https://github.com/alibaba/OpenSandbox
720594,com.affinidi.tdk:auth.provider,https://github.com/affinidi/affinidi-tdk,https://github.com/affinidi/affinidi-tdk,37374,@affinidi-tdk/wallets-client,https://github.com/affinidi/affinidi-tdk/tree/main#readme,git+https://github.com/affinidi/affinidi-tdk.git#main,7551,affinidi_tdk_wallets_client,https://github.com/affinidi/affinidi-tdk,https://github.com/affinidi/affinidi-tdk
726688,co.datachef:costmonitoringconstruct,https://github.com/DataChefHQ/cost-monitoring-construct.git,https://github.com/DataChefHQ/cost-monitoring-construct.git,1639516,cost-monitoring-construct,https://github.com/DataChefHQ/cost-monitoring-construct#readme,git+https://github.com/DataChefHQ/cost-monitoring-construct.git,113804,cost-monitoring-construct,https://github.com/DataChefHQ/cost-monitoring-construct.git,https://github.com/DataChefHQ/cost-monitoring-construct.git
742620,ch.epfl.dedis:cothority,https://github.com/dedis/cothority,http://github.com/dedis/cothority/tree/master,2372788,kyber-js,https://github.com/dedis/cothority,git://github.com/dedis/cothority.git,113862,cothority,https://github.com/dedis/cothority,https://github.com/dedis/cothority
755673,ai.sqlite:vector,https://github.com/sqliteai/sqlite-vector,https://github.com/sqliteai/sqlite-vector/tree/main,1031409,@sqliteai/sqlite-vector-win32-x86_64,https://github.com/sqliteai/sqlite-vector#readme,git+https://github.com/sqliteai/sqlite-vector.git,614123,sqliteai-vector,https://pypi.org/project/sqliteai-vector/,https://github.com/sqliteai/sqlite-vector
755677,ai.sqlite:ai,https://github.com/sqliteai/sqlite-ai,https://github.com/sqliteai/sqlite-ai/tree/main,1031376,@sqliteai/sqlite-ai-win32-x86_64,https://github.com/sqliteai/sqlite-ai#readme,git+https://github.com/sqliteai/sqlite-ai.git,614122,sqlite-ai,https://pypi.org/project/sqlite-ai/,https://github.com/sqliteai/sqlite-ai
755878,ai.picovoice:picollm-android,https://github.com/picovoice/picollm,https://github.com/picovoice/picollm/tree/master,851416,@picovoice/picollm-node-demo,https://picovoice.ai/products/picollm/,git+https://github.com/Picovoice/picollm.git,460017,picollmdemo,https://github.com/Picovoice/picollm,https://github.com/Picovoice/picollm
755879,ai.picovoice:orca-android,https://github.com/picovoice/orca,https://github.com/picovoice/orca/tree/master,851413,@picovoice/orca-node-demo,https://picovoice.ai/platform/orca/,git+https://github.com/Picovoice/orca.git,484895,pvorcademo,https://github.com/Picovoice/orca,https://github.com/Picovoice/orca
755885,ai.picovoice:eagle-android,https://github.com/picovoice/eagle,https://github.com/picovoice/eagle/tree/main,851399,@picovoice/eagle-node-demo,https://picovoice.ai/platform/eagle/,git+https://github.com/Picovoice/eagle.git,484815,pveagledemo,https://github.com/Picovoice/eagle,https://github.com/Picovoice/eagle
757248,ai.catboost:catboost-common,https://catboost.ai,https://github.com/catboost/catboost,1531915,catboost-model,https://github.com/catboost/catboost#readme,git+https://github.com/catboost/catboost.git,80665,catboost-no-sse4,https://catboost.ai,https://github.com/catboost/catboost
760262,io.github.mohmk10:audit-trail-sdk,https://github.com/Mohmk10/audit-trail-server,https://github.com/Mohmk10/audit-trail-server/tree/main/audit-trail-sdk-java,729396,@mohmk10/audit-trail-sdk,https://github.com/Mohmk10/audit-trail-server#readme,git+https://github.com/Mohmk10/audit-trail-server.git,40137,audit-trail-sdk,https://pypi.org/project/audit-trail-sdk/,https://github.com/Mohmk10/audit-trail-server
